[2026-07-27 15:42:11] INFO | Loaded 1,426 hospitals.
[2026-07-27 15:42:11] INFO | Loaded 3,017 existing review hashes.
[2026-07-27 15:42:26] INFO | Phase 1 [1/1081]: Prakash Hospital - Best Hospital in Noida
[2026-07-27 15:42:39] INFO |   Scraping hexahealth.com: https://www.hexahealth.com/delhi/hospitals/cardiology/reviews
[2026-07-27 15:42:49] INFO |   hexahealth.com: 0 scraped → 0 new unique
[2026-07-27 15:43:09] WARNING |   Nav error: Page.goto: net::ERR_HTTP2_PROTOCOL_ERROR at https://www.justdial.com/search?q=Prakash+Hospital+-+Best+Hospital+in+Noida+hospital&city=All
Call log:
  - navigating to "https://www.justdial.com/search?q=Prakash+Hospital+-+Best+Hospital+in+Noida+hospital&city=All", waiting until "domcontentloaded"
 (attempt 1/3)
[2026-07-27 15:43:13] WARNING |   Nav error: Page.goto: net::ERR_HTTP2_PROTOCOL_ERROR at https://www.justdial.com/search?q=Prakash+Hospital+-+Best+Hospital+in+Noida+hospital&city=All
Call log:
  - navigating to "https://www.justdial.com/search?q=Prakash+Hospital+-+Best+Hospital+in+Noida+hospital&city=All", waiting until "domcontentloaded"
 (attempt 2/3)
[2026-07-27 15:43:21] WARNING |   Nav error: Page.goto: net::ERR_HTTP2_PROTOCOL_ERROR at https://www.justdial.com/search?q=Prakash+Hospital+-+Best+Hospital+in+Noida+hospital&city=All
Call log:
  - navigating to "https://www.justdial.com/search?q=Prakash+Hospital+-+Best+Hospital+in+Noida+hospital&city=All", waiting until "domcontentloaded"
 (attempt 3/3)
[2026-07-27 15:43:26] INFO | Phase 1 [2/1081]: SR HOSPITAL & MATERNITY CENTRE
[2026-07-27 15:43:36] INFO |   Scraping hexahealth.com: https://www.hexahealth.com/delhi/hospitals/cardiology/reviews
[2026-07-27 15:43:46] INFO |   hexahealth.com: 0 scraped → 0 new unique
[2026-07-27 15:44:02] WARNING |   Nav error: Page.goto: net::ERR_HTTP2_PROTOCOL_ERROR at https://www.justdial.com/search?q=SR+HOSPITAL+%26+MATERNITY+CENTRE+hospital&city=All
Call log:
  - navigating to "https://www.justdial.com/search?q=SR+HOSPITAL+%26+MATERNITY+CENTRE+hospital&city=All", waiting until "domcontentloaded"
 (attempt 1/3)
[2026-07-27 15:44:06] WARNING |   Nav error: Page.goto: net::ERR_HTTP2_PROTOCOL_ERROR at https://www.justdial.com/search?q=SR+HOSPITAL+%26+MATERNITY+CENTRE+hospital&city=All
Call log:
  - navigating to "https://www.justdial.com/search?q=SR+HOSPITAL+%26+MATERNITY+CENTRE+hospital&city=All", waiting until "domcontentloaded"
 (attempt 2/3)
[2026-07-27 15:44:14] WARNING |   Nav error: Page.goto: net::ERR_HTTP2_PROTOCOL_ERROR at https://www.justdial.com/search?q=SR+HOSPITAL+%26+MATERNITY+CENTRE+hospital&city=All
Call log:
  - navigating to "https://www.justdial.com/search?q=SR+HOSPITAL+%26+MATERNITY+CENTRE+hospital&city=All", waiting until "domcontentloaded"
 (attempt 3/3)
[2026-07-27 15:44:19] INFO | Phase 1 [3/1081]: Yashoda Super Speciality Hospital
[2026-07-27 15:44:29] INFO |   Scraping hexahealth.com: https://www.hexahealth.com/delhi/hospitals/cardiology/reviews
[2026-07-27 15:44:39] INFO |   hexahealth.com: 0 scraped → 0 new unique
[2026-07-27 15:44:57] WARNING |   Nav error: Page.goto: net::ERR_HTTP2_PROTOCOL_ERROR at https://www.justdial.com/search?q=Yashoda+Super+Speciality+Hospital+hospital&city=All
Call log:
  - navigating to "https://www.justdial.com/search?q=Yashoda+Super+Speciality+Hospital+hospital&city=All", waiting until "domcontentloaded"
 (attempt 1/3)
[2026-07-27 15:45:01] WARNING |   Nav error: Page.goto: net::ERR_HTTP2_PROTOCOL_ERROR at https://www.justdial.com/search?q=Yashoda+Super+Speciality+Hospital+hospital&city=All
Call log:
  - navigating to "https://www.justdial.com/search?q=Yashoda+Super+Speciality+Hospital+hospital&city=All", waiting until "domcontentloaded"
 (attempt 2/3)
[2026-07-27 15:45:09] WARNING |   Nav error: Page.goto: net::ERR_HTTP2_PROTOCOL_ERROR at https://www.justdial.com/search?q=Yashoda+Super+Speciality+Hospital+hospital&city=All
Call log:
  - navigating to "https://www.justdial.com/search?q=Yashoda+Super+Speciality+Hospital+hospital&city=All", waiting until "domcontentloaded"
 (attempt 3/3)
[2026-07-27 15:45:13] INFO | Phase 1 [4/1081]: Shakuntala Devi Hospital
[2026-07-27 15:45:23] INFO |   Scraping hexahealth.com: https://www.hexahealth.com/delhi/hospitals/cardiology/reviews
[2026-07-27 15:45:32] INFO |   hexahealth.com: 0 scraped → 0 new unique
[2026-07-27 15:45:49] WARNING |   Nav error: Page.goto: net::ERR_HTTP2_PROTOCOL_ERROR at https://www.justdial.com/search?q=Shakuntala+Devi+Hospital+hospital&city=All
Call log:
  - navigating to "https://www.justdial.com/search?q=Shakuntala+Devi+Hospital+hospital&city=All", waiting until "domcontentloaded"
 (attempt 1/3)
[2026-07-27 15:45:54] WARNING |   Nav error: Page.goto: net::ERR_HTTP2_PROTOCOL_ERROR at https://www.justdial.com/search?q=Shakuntala+Devi+Hospital+hospital&city=All
Call log:
  - navigating to "https://www.justdial.com/search?q=Shakuntala+Devi+Hospital+hospital&city=All", waiting until "domcontentloaded"
 (attempt 2/3)
[2026-07-27 15:46:02] WARNING |   Nav error: Page.goto: net::ERR_HTTP2_PROTOCOL_ERROR at https://www.justdial.com/search?q=Shakuntala+Devi+Hospital+hospital&city=All
Call log:
  - navigating to "https://www.justdial.com/search?q=Shakuntala+Devi+Hospital+hospital&city=All", waiting until "domcontentloaded"
 (attempt 3/3)
[2026-07-27 15:46:07] INFO | Phase 1 [5/1081]: Vinayak Hospital
[2026-07-27 15:46:17] INFO |   Scraping hexahealth.com: https://www.hexahealth.com/delhi/hospitals/cardiology/reviews
[2026-07-27 15:46:27] INFO |   hexahealth.com: 0 scraped → 0 new unique
[2026-07-27 15:46:46] WARNING |   Nav error: Page.goto: net::ERR_HTTP2_PROTOCOL_ERROR at https://www.justdial.com/search?q=Vinayak+Hospital+hospital&city=All
Call log:
  - navigating to "https://www.justdial.com/search?q=Vinayak+Hospital+hospital&city=All", waiting until "domcontentloaded"
 (attempt 1/3)
[2026-07-27 15:46:50] WARNING |   Nav error: Page.goto: net::ERR_HTTP2_PROTOCOL_ERROR at https://www.justdial.com/search?q=Vinayak+Hospital+hospital&city=All
Call log:
  - navigating to "https://www.justdial.com/search?q=Vinayak+Hospital+hospital&city=All", waiting until "domcontentloaded"
 (attempt 2/3)
[2026-07-27 15:46:58] WARNING |   Nav error: Page.goto: net::ERR_HTTP2_PROTOCOL_ERROR at https://www.justdial.com/search?q=Vinayak+Hospital+hospital&city=All
Call log:
  - navigating to "https://www.justdial.com/search?q=Vinayak+Hospital+hospital&city=All", waiting until "domcontentloaded"
 (attempt 3/3)
[2026-07-27 15:47:03] INFO | Phase 1 [6/1081]: My Hospital
[2026-07-27 15:47:13] INFO |   Scraping hexahealth.com: https://www.hexahealth.com/delhi/hospitals/cardiology/reviews
[2026-07-27 15:47:23] INFO |   hexahealth.com: 0 scraped → 0 new unique
[2026-07-27 15:47:39] WARNING |   Nav error: Page.goto: net::ERR_HTTP2_PROTOCOL_ERROR at https://www.justdial.com/search?q=My+Hospital+hospital&city=All
Call log:
  - navigating to "https://www.justdial.com/search?q=My+Hospital+hospital&city=All", waiting until "domcontentloaded"
 (attempt 1/3)
[2026-07-27 15:47:43] WARNING |   Nav error: Page.goto: net::ERR_HTTP2_PROTOCOL_ERROR at https://www.justdial.com/search?q=My+Hospital+hospital&city=All
Call log:
  - navigating to "https://www.justdial.com/search?q=My+Hospital+hospital&city=All", waiting until "domcontentloaded"
 (attempt 2/3)
[2026-07-27 15:47:51] WARNING |   Nav error: Page.goto: net::ERR_HTTP2_PROTOCOL_ERROR at https://www.justdial.com/search?q=My+Hospital+hospital&city=All
Call log:
  - navigating to "https://www.justdial.com/search?q=My+Hospital+hospital&city=All", waiting until "domcontentloaded"
 (attempt 3/3)
[2026-07-27 15:47:55] INFO | Phase 1 [7/1081]: Sec 24 Esic Hospital
[2026-07-27 15:48:05] INFO |   Scraping hexahealth.com: https://www.hexahealth.com/delhi/hospitals/cardiology/reviews
[2026-07-27 15:48:14] INFO |   hexahealth.com: 0 scraped → 0 new unique
[2026-07-27 15:48:33] WARNING |   Nav error: Page.goto: net::ERR_HTTP2_PROTOCOL_ERROR at https://www.justdial.com/search?q=Sec+24+Esic+Hospital+hospital&city=All
Call log:
  - navigating to "https://www.justdial.com/search?q=Sec+24+Esic+Hospital+hospital&city=All", waiting until "domcontentloaded"
 (attempt 1/3)
[2026-07-27 15:48:37] WARNING |   Nav error: Page.goto: net::ERR_HTTP2_PROTOCOL_ERROR at https://www.justdial.com/search?q=Sec+24+Esic+Hospital+hospital&city=All
Call log:
  - navigating to "https://www.justdial.com/search?q=Sec+24+Esic+Hospital+hospital&city=All", waiting until "domcontentloaded"
 (attempt 2/3)
[2026-07-27 15:48:45] WARNING |   Nav error: Page.goto: net::ERR_HTTP2_PROTOCOL_ERROR at https://www.justdial.com/search?q=Sec+24+Esic+Hospital+hospital&city=All
Call log:
  - navigating to "https://www.justdial.com/search?q=Sec+24+Esic+Hospital+hospital&city=All", waiting until "domcontentloaded"
 (attempt 3/3)
[2026-07-27 15:48:49] INFO | Phase 1 [8/1081]: Apollo Hospital
[2026-07-27 15:48:59] INFO |   Scraping hexahealth.com: https://www.hexahealth.com/delhi/hospitals/cardiology/reviews
[2026-07-27 15:49:08] INFO |   hexahealth.com: 0 scraped → 0 new unique
[2026-07-27 15:49:26] WARNING |   Nav error: Page.goto: net::ERR_HTTP2_PROTOCOL_ERROR at https://www.justdial.com/search?q=Apollo+Hospital+hospital&city=All
Call log:
  - navigating to "https://www.justdial.com/search?q=Apollo+Hospital+hospital&city=All", waiting until "domcontentloaded"
 (attempt 1/3)
[2026-07-27 15:49:30] WARNING |   Nav error: Page.goto: net::ERR_HTTP2_PROTOCOL_ERROR at https://www.justdial.com/search?q=Apollo+Hospital+hospital&city=All
Call log:
  - navigating to "https://www.justdial.com/search?q=Apollo+Hospital+hospital&city=All", waiting until "domcontentloaded"
 (attempt 2/3)
[2026-07-27 15:49:38] WARNING |   Nav error: Page.goto: net::ERR_HTTP2_PROTOCOL_ERROR at https://www.justdial.com/search?q=Apollo+Hospital+hospital&city=All
Call log:
  - navigating to "https://www.justdial.com/search?q=Apollo+Hospital+hospital&city=All", waiting until "domcontentloaded"
 (attempt 3/3)
[2026-07-27 15:49:42] INFO | Phase 1 [9/1081]: Raj Hospital
[2026-07-27 15:49:52] INFO |   Scraping hexahealth.com: https://www.hexahealth.com/delhi/hospitals/cardiology/reviews
[2026-07-27 15:50:01] INFO |   hexahealth.com: 0 scraped → 0 new unique
[2026-07-27 15:50:17] WARNING |   Nav error: Page.goto: net::ERR_HTTP2_PROTOCOL_ERROR at https://www.justdial.com/search?q=Raj+Hospital+hospital&city=All
Call log:
  - navigating to "https://www.justdial.com/search?q=Raj+Hospital+hospital&city=All", waiting until "domcontentloaded"
 (attempt 1/3)
[2026-07-27 15:50:21] WARNING |   Nav error: Page.goto: net::ERR_HTTP2_PROTOCOL_ERROR at https://www.justdial.com/search?q=Raj+Hospital+hospital&city=All
Call log:
  - navigating to "https://www.justdial.com/search?q=Raj+Hospital+hospital&city=All", waiting until "domcontentloaded"
 (attempt 2/3)
[2026-07-27 15:50:29] WARNING |   Nav error: Page.goto: net::ERR_HTTP2_PROTOCOL_ERROR at https://www.justdial.com/search?q=Raj+Hospital+hospital&city=All
Call log:
  - navigating to "https://www.justdial.com/search?q=Raj+Hospital+hospital&city=All", waiting until "domcontentloaded"
 (attempt 3/3)
[2026-07-27 15:50:33] INFO | Phase 1 [10/1081]: Gupta hospital and maternity centre
[2026-07-27 15:50:43] INFO |   Scraping hexahealth.com: https://www.hexahealth.com/delhi/hospitals/cardiology/reviews
[2026-07-27 15:50:53] INFO |   hexahealth.com: 0 scraped → 0 new unique
[2026-07-27 15:51:10] WARNING |   Nav error: Page.goto: net::ERR_HTTP2_PROTOCOL_ERROR at https://www.justdial.com/search?q=Gupta+hospital+and+maternity+centre+hospital&city=All
Call log:
  - navigating to "https://www.justdial.com/search?q=Gupta+hospital+and+maternity+centre+hospital&city=All", waiting until "domcontentloaded"
 (attempt 1/3)
[2026-07-27 15:51:14] WARNING |   Nav error: Page.goto: net::ERR_HTTP2_PROTOCOL_ERROR at https://www.justdial.com/search?q=Gupta+hospital+and+maternity+centre+hospital&city=All
Call log:
  - navigating to "https://www.justdial.com/search?q=Gupta+hospital+and+maternity+centre+hospital&city=All", waiting until "domcontentloaded"
 (attempt 2/3)
[2026-07-27 15:51:22] WARNING |   Nav error: Page.goto: net::ERR_HTTP2_PROTOCOL_ERROR at https://www.justdial.com/search?q=Gupta+hospital+and+maternity+centre+hospital&city=All
Call log:
  - navigating to "https://www.justdial.com/search?q=Gupta+hospital+and+maternity+centre+hospital&city=All", waiting until "domcontentloaded"
 (attempt 3/3)
[2026-07-27 15:51:27] INFO | Phase 1 [11/1081]: ESIC Model Hospital
[2026-07-27 15:51:37] INFO |   Scraping hexahealth.com: https://www.hexahealth.com/delhi/hospitals/cardiology/reviews
[2026-07-27 15:51:46] INFO |   hexahealth.com: 0 scraped → 0 new unique
[2026-07-27 15:52:06] WARNING |   Nav error: Page.goto: net::ERR_HTTP2_PROTOCOL_ERROR at https://www.justdial.com/search?q=ESIC+Model+Hospital+hospital&city=All
Call log:
  - navigating to "https://www.justdial.com/search?q=ESIC+Model+Hospital+hospital&city=All", waiting until "domcontentloaded"
 (attempt 1/3)
[2026-07-27 15:52:10] WARNING |   Nav error: Page.goto: net::ERR_HTTP2_PROTOCOL_ERROR at https://www.justdial.com/search?q=ESIC+Model+Hospital+hospital&city=All
Call log:
  - navigating to "https://www.justdial.com/search?q=ESIC+Model+Hospital+hospital&city=All", waiting until "domcontentloaded"
 (attempt 2/3)
[2026-07-27 15:52:18] WARNING |   Nav error: Page.goto: net::ERR_HTTP2_PROTOCOL_ERROR at https://www.justdial.com/search?q=ESIC+Model+Hospital+hospital&city=All
Call log:
  - navigating to "https://www.justdial.com/search?q=ESIC+Model+Hospital+hospital&city=All", waiting until "domcontentloaded"
 (attempt 3/3)
[2026-07-27 15:52:24] INFO | Phase 1 [12/1081]: Metro Hospitals & Heart Institute
[2026-07-27 15:52:34] INFO |   Scraping hexahealth.com: https://www.hexahealth.com/delhi/hospitals/cardiology/reviews
[2026-07-27 15:52:44] INFO |   hexahealth.com: 0 scraped → 0 new unique
[2026-07-27 15:53:02] WARNING |   Nav error: Page.goto: net::ERR_HTTP2_PROTOCOL_ERROR at https://www.justdial.com/search?q=Metro+Hospitals+%26+Heart+Institute+hospital&city=All
Call log:
  - navigating to "https://www.justdial.com/search?q=Metro+Hospitals+%26+Heart+Institute+hospital&city=All", waiting until "domcontentloaded"
 (attempt 1/3)
[2026-07-27 15:53:06] WARNING |   Nav error: Page.goto: net::ERR_HTTP2_PROTOCOL_ERROR at https://www.justdial.com/search?q=Metro+Hospitals+%26+Heart+Institute+hospital&city=All
Call log:
  - navigating to "https://www.justdial.com/search?q=Metro+Hospitals+%26+Heart+Institute+hospital&city=All", waiting until "domcontentloaded"
 (attempt 2/3)
[2026-07-27 15:53:14] WARNING |   Nav error: Page.goto: net::ERR_HTTP2_PROTOCOL_ERROR at https://www.justdial.com/search?q=Metro+Hospitals+%26+Heart+Institute+hospital&city=All
Call log:
  - navigating to "https://www.justdial.com/search?q=Metro+Hospitals+%26+Heart+Institute+hospital&city=All", waiting until "domcontentloaded"
 (attempt 3/3)
[2026-07-27 15:53:19] INFO | Phase 1 [13/1081]: Vinayak Dental Clinic
[2026-07-27 15:53:29] INFO |   Scraping hexahealth.com: https://www.hexahealth.com/delhi/hospitals/cardiology/reviews
[2026-07-27 15:53:38] INFO |   hexahealth.com: 0 scraped → 0 new unique
[2026-07-27 15:53:58] WARNING |   Nav error: Page.goto: net::ERR_HTTP2_PROTOCOL_ERROR at https://www.justdial.com/search?q=Vinayak+Dental+Clinic+hospital&city=All
Call log:
  - navigating to "https://www.justdial.com/search?q=Vinayak+Dental+Clinic+hospital&city=All", waiting until "domcontentloaded"
 (attempt 1/3)
[2026-07-27 15:54:02] WARNING |   Nav error: Page.goto: net::ERR_HTTP2_PROTOCOL_ERROR at https://www.justdial.com/search?q=Vinayak+Dental+Clinic+hospital&city=All
Call log:
  - navigating to "https://www.justdial.com/search?q=Vinayak+Dental+Clinic+hospital&city=All", waiting until "domcontentloaded"
 (attempt 2/3)
[2026-07-27 15:54:11] WARNING |   Nav error: Page.goto: net::ERR_HTTP2_PROTOCOL_ERROR at https://www.justdial.com/search?q=Vinayak+Dental+Clinic+hospital&city=All
Call log:
  - navigating to "https://www.justdial.com/search?q=Vinayak+Dental+Clinic+hospital&city=All", waiting until "domcontentloaded"
 (attempt 3/3)
[2026-07-27 15:54:14] INFO | Phase 1 [14/1081]: Urban Health Centre
[2026-07-27 15:54:24] INFO |   Scraping hexahealth.com: https://www.hexahealth.com/delhi/hospitals/cardiology/reviews
[2026-07-27 15:54:34] INFO |   hexahealth.com: 0 scraped → 0 new unique
[2026-07-27 15:54:54] WARNING |   Nav error: Page.goto: net::ERR_HTTP2_PROTOCOL_ERROR at https://www.justdial.com/search?q=Urban+Health+Centre+hospital&city=All
Call log:
  - navigating to "https://www.justdial.com/search?q=Urban+Health+Centre+hospital&city=All", waiting until "domcontentloaded"
 (attempt 1/3)
[2026-07-27 15:54:58] WARNING |   Nav error: Page.goto: net::ERR_HTTP2_PROTOCOL_ERROR at https://www.justdial.com/search?q=Urban+Health+Centre+hospital&city=All
Call log:
  - navigating to "https://www.justdial.com/search?q=Urban+Health+Centre+hospital&city=All", waiting until "domcontentloaded"
 (attempt 2/3)
[2026-07-27 15:55:06] WARNING |   Nav error: Page.goto: net::ERR_HTTP2_PROTOCOL_ERROR at https://www.justdial.com/search?q=Urban+Health+Centre+hospital&city=All
Call log:
  - navigating to "https://www.justdial.com/search?q=Urban+Health+Centre+hospital&city=All", waiting until "domcontentloaded"
 (attempt 3/3)
[2026-07-27 15:55:11] INFO | Phase 1 [15/1081]: Meenakshi Hospital - Best IVF center in ghaziabad
[2026-07-27 15:55:20] INFO |   Scraping hexahealth.com: https://www.hexahealth.com/delhi/hospitals/cardiology/reviews
[2026-07-27 15:55:30] INFO |   hexahealth.com: 0 scraped → 0 new unique
[2026-07-27 15:55:49] WARNING |   Nav error: Page.goto: net::ERR_HTTP2_PROTOCOL_ERROR at https://www.justdial.com/search?q=Meenakshi+Hospital+-+Best+IVF+center+in+ghaziabad+hospital&city=All
Call log:
  - navigating to "https://www.justdial.com/search?q=Meenakshi+Hospital+-+Best+IVF+center+in+ghaziabad+hospital&city=All", waiting until "domcontentloaded"
 (attempt 1/3)
[2026-07-27 15:55:53] WARNING |   Nav error: Page.goto: net::ERR_HTTP2_PROTOCOL_ERROR at https://www.justdial.com/search?q=Meenakshi+Hospital+-+Best+IVF+center+in+ghaziabad+hospital&city=All
Call log:
  - navigating to "https://www.justdial.com/search?q=Meenakshi+Hospital+-+Best+IVF+center+in+ghaziabad+hospital&city=All", waiting until "domcontentloaded"
 (attempt 2/3)
[2026-07-27 15:56:01] WARNING |   Nav error: Page.goto: net::ERR_HTTP2_PROTOCOL_ERROR at https://www.justdial.com/search?q=Meenakshi+Hospital+-+Best+IVF+center+in+ghaziabad+hospital&city=All
Call log:
  - navigating to "https://www.justdial.com/search?q=Meenakshi+Hospital+-+Best+IVF+center+in+ghaziabad+hospital&city=All", waiting until "domcontentloaded"
 (attempt 3/3)
[2026-07-27 15:56:04] INFO | Phase 1 [16/1081]: DGD MAYUR VIHAR PHASE - I
[2026-07-27 15:56:14] INFO |   Scraping hexahealth.com: https://www.hexahealth.com/delhi/hospitals/cardiology/reviews
[2026-07-27 15:56:25] INFO |   hexahealth.com: 0 scraped → 0 new unique
[2026-07-27 15:56:44] WARNING |   Nav error: Page.goto: net::ERR_HTTP2_PROTOCOL_ERROR at https://www.justdial.com/search?q=DGD+MAYUR+VIHAR+PHASE+-+I+hospital&city=All
Call log:
  - navigating to "https://www.justdial.com/search?q=DGD+MAYUR+VIHAR+PHASE+-+I+hospital&city=All", waiting until "domcontentloaded"
 (attempt 1/3)
[2026-07-27 15:56:48] WARNING |   Nav error: Page.goto: net::ERR_HTTP2_PROTOCOL_ERROR at https://www.justdial.com/search?q=DGD+MAYUR+VIHAR+PHASE+-+I+hospital&city=All
Call log:
  - navigating to "https://www.justdial.com/search?q=DGD+MAYUR+VIHAR+PHASE+-+I+hospital&city=All", waiting until "domcontentloaded"
 (attempt 2/3)
[2026-07-27 15:56:56] WARNING |   Nav error: Page.goto: net::ERR_HTTP2_PROTOCOL_ERROR at https://www.justdial.com/search?q=DGD+MAYUR+VIHAR+PHASE+-+I+hospital&city=All
Call log:
  - navigating to "https://www.justdial.com/search?q=DGD+MAYUR+VIHAR+PHASE+-+I+hospital&city=All", waiting until "domcontentloaded"
 (attempt 3/3)
[2026-07-27 15:57:00] INFO | Phase 1 [17/1081]: Ramlal Kundanlal Multi Speciality Hospital
[2026-07-27 15:57:10] INFO |   Scraping hexahealth.com: https://www.hexahealth.com/delhi/hospitals/cardiology/reviews
[2026-07-27 15:57:20] INFO |   hexahealth.com: 0 scraped → 0 new unique
[2026-07-27 15:57:36] WARNING |   Nav error: Page.goto: net::ERR_HTTP2_PROTOCOL_ERROR at https://www.justdial.com/search?q=Ramlal+Kundanlal+Multi+Speciality+Hospital+hospital&city=All
Call log:
  - navigating to "https://www.justdial.com/search?q=Ramlal+Kundanlal+Multi+Speciality+Hospital+hospital&city=All", waiting until "domcontentloaded"
 (attempt 1/3)
[2026-07-27 15:57:40] WARNING |   Nav error: Page.goto: net::ERR_HTTP2_PROTOCOL_ERROR at https://www.justdial.com/search?q=Ramlal+Kundanlal+Multi+Speciality+Hospital+hospital&city=All
Call log:
  - navigating to "https://www.justdial.com/search?q=Ramlal+Kundanlal+Multi+Speciality+Hospital+hospital&city=All", waiting until "domcontentloaded"
 (attempt 2/3)
[2026-07-27 15:57:48] WARNING |   Nav error: Page.goto: net::ERR_HTTP2_PROTOCOL_ERROR at https://www.justdial.com/search?q=Ramlal+Kundanlal+Multi+Speciality+Hospital+hospital&city=All
Call log:
  - navigating to "https://www.justdial.com/search?q=Ramlal+Kundanlal+Multi+Speciality+Hospital+hospital&city=All", waiting until "domcontentloaded"
 (attempt 3/3)
[2026-07-27 15:57:52] INFO | Phase 1 [18/1081]: Uma Medicare Ltd
[2026-07-27 15:58:02] INFO |   Scraping hexahealth.com: https://www.hexahealth.com/delhi/hospitals/cardiology/reviews
[2026-07-27 15:58:12] INFO |   hexahealth.com: 0 scraped → 0 new unique
[2026-07-27 15:58:30] WARNING |   Nav error: Page.goto: net::ERR_HTTP2_PROTOCOL_ERROR at https://www.justdial.com/search?q=Uma+Medicare+Ltd+hospital&city=All
Call log:
  - navigating to "https://www.justdial.com/search?q=Uma+Medicare+Ltd+hospital&city=All", waiting until "domcontentloaded"
 (attempt 1/3)
[2026-07-27 15:58:34] WARNING |   Nav error: Page.goto: net::ERR_HTTP2_PROTOCOL_ERROR at https://www.justdial.com/search?q=Uma+Medicare+Ltd+hospital&city=All
Call log:
  - navigating to "https://www.justdial.com/search?q=Uma+Medicare+Ltd+hospital&city=All", waiting until "domcontentloaded"
 (attempt 2/3)
[2026-07-27 15:58:42] WARNING |   Nav error: Page.goto: net::ERR_HTTP2_PROTOCOL_ERROR at https://www.justdial.com/search?q=Uma+Medicare+Ltd+hospital&city=All
Call log:
  - navigating to "https://www.justdial.com/search?q=Uma+Medicare+Ltd+hospital&city=All", waiting until "domcontentloaded"
 (attempt 3/3)
[2026-07-27 15:58:46] INFO | Phase 1 [19/1081]: Dr. Namita Dhingra Sukhda Clinic Vardhaman plaza
[2026-07-27 15:58:56] INFO |   Scraping hexahealth.com: https://www.hexahealth.com/delhi/hospitals/cardiology/reviews
[2026-07-27 15:59:06] INFO |   hexahealth.com: 0 scraped → 0 new unique
[2026-07-27 15:59:23] WARNING |   Nav error: Page.goto: net::ERR_HTTP2_PROTOCOL_ERROR at https://www.justdial.com/search?q=Dr.+Namita+Dhingra+Sukhda+Clinic+Vardhaman+plaza+hospital&city=All
Call log:
  - navigating to "https://www.justdial.com/search?q=Dr.+Namita+Dhingra+Sukhda+Clinic+Vardhaman+plaza+hospital&city=All", waiting until "domcontentloaded"
 (attempt 1/3)
[2026-07-27 15:59:27] WARNING |   Nav error: Page.goto: net::ERR_HTTP2_PROTOCOL_ERROR at https://www.justdial.com/search?q=Dr.+Namita+Dhingra+Sukhda+Clinic+Vardhaman+plaza+hospital&city=All
Call log:
  - navigating to "https://www.justdial.com/search?q=Dr.+Namita+Dhingra+Sukhda+Clinic+Vardhaman+plaza+hospital&city=All", waiting until "domcontentloaded"
 (attempt 2/3)
[2026-07-27 15:59:36] WARNING |   Nav error: Page.goto: net::ERR_HTTP2_PROTOCOL_ERROR at https://www.justdial.com/search?q=Dr.+Namita+Dhingra+Sukhda+Clinic+Vardhaman+plaza+hospital&city=All
Call log:
  - navigating to "https://www.justdial.com/search?q=Dr.+Namita+Dhingra+Sukhda+Clinic+Vardhaman+plaza+hospital&city=All", waiting until "domcontentloaded"
 (attempt 3/3)
[2026-07-27 15:59:41] INFO | Phase 1 [20/1081]: DGD Trilokpuri
[2026-07-27 15:59:51] INFO |   Scraping hexahealth.com: https://www.hexahealth.com/delhi/hospitals/cardiology/reviews
[2026-07-27 16:00:00] INFO |   hexahealth.com: 0 scraped → 0 new unique
[2026-07-27 16:00:18] WARNING |   Nav error: Page.goto: net::ERR_HTTP2_PROTOCOL_ERROR at https://www.justdial.com/search?q=DGD+Trilokpuri+hospital&city=All
Call log:
  - navigating to "https://www.justdial.com/search?q=DGD+Trilokpuri+hospital&city=All", waiting until "domcontentloaded"
 (attempt 1/3)
[2026-07-27 16:00:22] WARNING |   Nav error: Page.goto: net::ERR_HTTP2_PROTOCOL_ERROR at https://www.justdial.com/search?q=DGD+Trilokpuri+hospital&city=All
Call log:
  - navigating to "https://www.justdial.com/search?q=DGD+Trilokpuri+hospital&city=All", waiting until "domcontentloaded"
 (attempt 2/3)
[2026-07-27 16:00:30] WARNING |   Nav error: Page.goto: net::ERR_HTTP2_PROTOCOL_ERROR at https://www.justdial.com/search?q=DGD+Trilokpuri+hospital&city=All
Call log:
  - navigating to "https://www.justdial.com/search?q=DGD+Trilokpuri+hospital&city=All", waiting until "domcontentloaded"
 (attempt 3/3)
[2026-07-27 16:00:35] INFO | Phase 1 [21/1081]: Dharamshila Cancer Foundation
[2026-07-27 16:00:45] INFO |   Scraping hexahealth.com: https://www.hexahealth.com/delhi/hospitals/cardiology/reviews
[2026-07-27 16:00:55] INFO |   hexahealth.com: 0 scraped → 0 new unique
[2026-07-27 16:01:11] WARNING |   Nav error: Page.goto: net::ERR_HTTP2_PROTOCOL_ERROR at https://www.justdial.com/search?q=Dharamshila+Cancer+Foundation+hospital&city=All
Call log:
  - navigating to "https://www.justdial.com/search?q=Dharamshila+Cancer+Foundation+hospital&city=All", waiting until "domcontentloaded"
 (attempt 1/3)
[2026-07-27 16:01:15] WARNING |   Nav error: Page.goto: net::ERR_HTTP2_PROTOCOL_ERROR at https://www.justdial.com/search?q=Dharamshila+Cancer+Foundation+hospital&city=All
Call log:
  - navigating to "https://www.justdial.com/search?q=Dharamshila+Cancer+Foundation+hospital&city=All", waiting until "domcontentloaded"
 (attempt 2/3)
[2026-07-27 16:01:23] WARNING |   Nav error: Page.goto: net::ERR_HTTP2_PROTOCOL_ERROR at https://www.justdial.com/search?q=Dharamshila+Cancer+Foundation+hospital&city=All
Call log:
  - navigating to "https://www.justdial.com/search?q=Dharamshila+Cancer+Foundation+hospital&city=All", waiting until "domcontentloaded"
 (attempt 3/3)
[2026-07-27 16:01:26] INFO | Phase 1 [22/1081]: Metro Multispeciality Hospital: Best Hospital in Noida Uttar Pradesh | Top Ranking Hospital in 2023
[2026-07-27 16:01:36] INFO |   Scraping hexahealth.com: https://www.hexahealth.com/delhi/hospitals/cardiology/reviews
[2026-07-27 16:01:46] INFO |   hexahealth.com: 0 scraped → 0 new unique
[2026-07-27 16:02:03] WARNING |   Nav error: Page.goto: net::ERR_HTTP2_PROTOCOL_ERROR at https://www.justdial.com/search?q=Metro+Multispeciality+Hospital%3A+Best+Hospital+in+Noida+Uttar+Pradesh+%7C+Top+Ranking+Hospital+in+2023+hospital&city=All
Call log:
  - navigating to "https://www.justdial.com/search?q=Metro+Multispeciality+Hospital%3A+Best+Hospital+in+Noida+Uttar+Pradesh+%7C+Top+Ranking+Hospital+in+2023+hospital&city=All", waiting until "domcontentloaded"
 (attempt 1/3)
[2026-07-27 16:02:07] WARNING |   Nav error: Page.goto: net::ERR_HTTP2_PROTOCOL_ERROR at https://www.justdial.com/search?q=Metro+Multispeciality+Hospital%3A+Best+Hospital+in+Noida+Uttar+Pradesh+%7C+Top+Ranking+Hospital+in+2023+hospital&city=All
Call log:
  - navigating to "https://www.justdial.com/search?q=Metro+Multispeciality+Hospital%3A+Best+Hospital+in+Noida+Uttar+Pradesh+%7C+Top+Ranking+Hospital+in+2023+hospital&city=All", waiting until "domcontentloaded"
 (attempt 2/3)
[2026-07-27 16:02:15] WARNING |   Nav error: Page.goto: net::ERR_HTTP2_PROTOCOL_ERROR at https://www.justdial.com/search?q=Metro+Multispeciality+Hospital%3A+Best+Hospital+in+Noida+Uttar+Pradesh+%7C+Top+Ranking+Hospital+in+2023+hospital&city=All
Call log:
  - navigating to "https://www.justdial.com/search?q=Metro+Multispeciality+Hospital%3A+Best+Hospital+in+Noida+Uttar+Pradesh+%7C+Top+Ranking+Hospital+in+2023+hospital&city=All", waiting until "domcontentloaded"
 (attempt 3/3)
[2026-07-27 16:02:19] INFO | Phase 1 [23/1081]: Chaturbhuj Hospital
[2026-07-27 16:02:29] INFO |   Scraping hexahealth.com: https://www.hexahealth.com/delhi/hospitals/cardiology/reviews
[2026-07-27 16:02:38] INFO |   hexahealth.com: 0 scraped → 0 new unique
[2026-07-27 16:02:56] WARNING |   Nav error: Page.goto: net::ERR_HTTP2_PROTOCOL_ERROR at https://www.justdial.com/search?q=Chaturbhuj+Hospital+hospital&city=All
Call log:
  - navigating to "https://www.justdial.com/search?q=Chaturbhuj+Hospital+hospital&city=All", waiting until "domcontentloaded"
 (attempt 1/3)
[2026-07-27 16:03:00] WARNING |   Nav error: Page.goto: net::ERR_HTTP2_PROTOCOL_ERROR at https://www.justdial.com/search?q=Chaturbhuj+Hospital+hospital&city=All
Call log:
  - navigating to "https://www.justdial.com/search?q=Chaturbhuj+Hospital+hospital&city=All", waiting until "domcontentloaded"
 (attempt 2/3)
[2026-07-27 16:03:08] WARNING |   Nav error: Page.goto: net::ERR_HTTP2_PROTOCOL_ERROR at https://www.justdial.com/search?q=Chaturbhuj+Hospital+hospital&city=All
Call log:
  - navigating to "https://www.justdial.com/search?q=Chaturbhuj+Hospital+hospital&city=All", waiting until "domcontentloaded"
 (attempt 3/3)
[2026-07-27 16:03:11] INFO | Phase 1 [24/1081]: Saai Hospital
[2026-07-27 16:03:21] INFO |   Scraping hexahealth.com: https://www.hexahealth.com/delhi/hospitals/cardiology/reviews
[2026-07-27 16:03:31] INFO |   hexahealth.com: 0 scraped → 0 new unique
[2026-07-27 16:03:49] WARNING |   Nav error: Page.goto: net::ERR_HTTP2_PROTOCOL_ERROR at https://www.justdial.com/search?q=Saai+Hospital+hospital&city=All
Call log:
  - navigating to "https://www.justdial.com/search?q=Saai+Hospital+hospital&city=All", waiting until "domcontentloaded"
 (attempt 1/3)
[2026-07-27 16:03:53] WARNING |   Nav error: Page.goto: net::ERR_HTTP2_PROTOCOL_ERROR at https://www.justdial.com/search?q=Saai+Hospital+hospital&city=All
Call log:
  - navigating to "https://www.justdial.com/search?q=Saai+Hospital+hospital&city=All", waiting until "domcontentloaded"
 (attempt 2/3)
[2026-07-27 16:04:01] WARNING |   Nav error: Page.goto: net::ERR_HTTP2_PROTOCOL_ERROR at https://www.justdial.com/search?q=Saai+Hospital+hospital&city=All
Call log:
  - navigating to "https://www.justdial.com/search?q=Saai+Hospital+hospital&city=All", waiting until "domcontentloaded"
 (attempt 3/3)
[2026-07-27 16:04:06] INFO | Phase 1 [25/1081]: Krishna Hospital
[2026-07-27 16:04:16] INFO |   Scraping hexahealth.com: https://www.hexahealth.com/delhi/hospitals/cardiology/reviews
[2026-07-27 16:04:25] INFO |   hexahealth.com: 0 scraped → 0 new unique
[2026-07-27 16:04:44] WARNING |   Nav error: Page.goto: net::ERR_HTTP2_PROTOCOL_ERROR at https://www.justdial.com/search?q=Krishna+Hospital+hospital&city=All
Call log:
  - navigating to "https://www.justdial.com/search?q=Krishna+Hospital+hospital&city=All", waiting until "domcontentloaded"
 (attempt 1/3)
[2026-07-27 16:04:48] WARNING |   Nav error: Page.goto: net::ERR_HTTP2_PROTOCOL_ERROR at https://www.justdial.com/search?q=Krishna+Hospital+hospital&city=All
Call log:
  - navigating to "https://www.justdial.com/search?q=Krishna+Hospital+hospital&city=All", waiting until "domcontentloaded"
 (attempt 2/3)
[2026-07-27 16:04:56] WARNING |   Nav error: Page.goto: net::ERR_HTTP2_PROTOCOL_ERROR at https://www.justdial.com/search?q=Krishna+Hospital+hospital&city=All
Call log:
  - navigating to "https://www.justdial.com/search?q=Krishna+Hospital+hospital&city=All", waiting until "domcontentloaded"
 (attempt 3/3)
[2026-07-27 16:04:59] INFO | Phase 1 [26/1081]: Muskan MOTHER and CHILD CARE
[2026-07-27 16:05:09] INFO |   Scraping hexahealth.com: https://www.hexahealth.com/delhi/hospitals/cardiology/reviews
[2026-07-27 16:05:19] INFO |   hexahealth.com: 0 scraped → 0 new unique
[2026-07-27 16:05:38] WARNING |   Nav error: Page.goto: net::ERR_HTTP2_PROTOCOL_ERROR at https://www.justdial.com/search?q=Muskan+MOTHER+and+CHILD+CARE+hospital&city=All
Call log:
  - navigating to "https://www.justdial.com/search?q=Muskan+MOTHER+and+CHILD+CARE+hospital&city=All", waiting until "domcontentloaded"
 (attempt 1/3)
[2026-07-27 16:05:42] WARNING |   Nav error: Page.goto: net::ERR_HTTP2_PROTOCOL_ERROR at https://www.justdial.com/search?q=Muskan+MOTHER+and+CHILD+CARE+hospital&city=All
Call log:
  - navigating to "https://www.justdial.com/search?q=Muskan+MOTHER+and+CHILD+CARE+hospital&city=All", waiting until "domcontentloaded"
 (attempt 2/3)
[2026-07-27 16:05:50] WARNING |   Nav error: Page.goto: net::ERR_HTTP2_PROTOCOL_ERROR at https://www.justdial.com/search?q=Muskan+MOTHER+and+CHILD+CARE+hospital&city=All
Call log:
  - navigating to "https://www.justdial.com/search?q=Muskan+MOTHER+and+CHILD+CARE+hospital&city=All", waiting until "domcontentloaded"
 (attempt 3/3)
[2026-07-27 16:05:54] INFO | Phase 1 [27/1081]: Shri Suresh Chandra wellness centre
[2026-07-27 16:06:03] INFO |   Scraping hexahealth.com: https://www.hexahealth.com/delhi/hospitals/cardiology/reviews
[2026-07-27 16:06:13] INFO |   hexahealth.com: 0 scraped → 0 new unique
[2026-07-27 16:06:30] WARNING |   Nav error: Page.goto: net::ERR_HTTP2_PROTOCOL_ERROR at https://www.justdial.com/search?q=Shri+Suresh+Chandra+wellness+centre+hospital&city=All
Call log:
  - navigating to "https://www.justdial.com/search?q=Shri+Suresh+Chandra+wellness+centre+hospital&city=All", waiting until "domcontentloaded"
 (attempt 1/3)
[2026-07-27 16:06:34] WARNING |   Nav error: Page.goto: net::ERR_HTTP2_PROTOCOL_ERROR at https://www.justdial.com/search?q=Shri+Suresh+Chandra+wellness+centre+hospital&city=All
Call log:
  - navigating to "https://www.justdial.com/search?q=Shri+Suresh+Chandra+wellness+centre+hospital&city=All", waiting until "domcontentloaded"
 (attempt 2/3)
[2026-07-27 16:06:42] WARNING |   Nav error: Page.goto: net::ERR_HTTP2_PROTOCOL_ERROR at https://www.justdial.com/search?q=Shri+Suresh+Chandra+wellness+centre+hospital&city=All
Call log:
  - navigating to "https://www.justdial.com/search?q=Shri+Suresh+Chandra+wellness+centre+hospital&city=All", waiting until "domcontentloaded"
 (attempt 3/3)
[2026-07-27 16:06:47] INFO | Phase 1 [28/1081]: Ajay Clinic
[2026-07-27 16:06:57] INFO |   Scraping hexahealth.com: https://www.hexahealth.com/delhi/hospitals/cardiology/reviews
[2026-07-27 16:07:06] INFO |   hexahealth.com: 0 scraped → 0 new unique
[2026-07-27 16:07:21] WARNING |   Nav error: Page.goto: net::ERR_HTTP2_PROTOCOL_ERROR at https://www.justdial.com/search?q=Ajay+Clinic+hospital&city=All
Call log:
  - navigating to "https://www.justdial.com/search?q=Ajay+Clinic+hospital&city=All", waiting until "domcontentloaded"
 (attempt 1/3)
[2026-07-27 16:07:25] WARNING |   Nav error: Page.goto: net::ERR_HTTP2_PROTOCOL_ERROR at https://www.justdial.com/search?q=Ajay+Clinic+hospital&city=All
Call log:
  - navigating to "https://www.justdial.com/search?q=Ajay+Clinic+hospital&city=All", waiting until "domcontentloaded"
 (attempt 2/3)
[2026-07-27 16:07:33] WARNING |   Nav error: Page.goto: net::ERR_HTTP2_PROTOCOL_ERROR at https://www.justdial.com/search?q=Ajay+Clinic+hospital&city=All
Call log:
  - navigating to "https://www.justdial.com/search?q=Ajay+Clinic+hospital&city=All", waiting until "domcontentloaded"
 (attempt 3/3)
[2026-07-27 16:07:38] INFO | Phase 1 [29/1081]: DGD KONDLI
[2026-07-27 16:07:47] INFO |   Scraping hexahealth.com: https://www.hexahealth.com/delhi/hospitals/cardiology/reviews
[2026-07-27 16:07:57] INFO |   hexahealth.com: 0 scraped → 0 new unique
[2026-07-27 16:08:16] WARNING |   Nav error: Page.goto: net::ERR_HTTP2_PROTOCOL_ERROR at https://www.justdial.com/search?q=DGD+KONDLI+hospital&city=All
Call log:
  - navigating to "https://www.justdial.com/search?q=DGD+KONDLI+hospital&city=All", waiting until "domcontentloaded"
 (attempt 1/3)
[2026-07-27 16:08:20] WARNING |   Nav error: Page.goto: net::ERR_HTTP2_PROTOCOL_ERROR at https://www.justdial.com/search?q=DGD+KONDLI+hospital&city=All
Call log:
  - navigating to "https://www.justdial.com/search?q=DGD+KONDLI+hospital&city=All", waiting until "domcontentloaded"
 (attempt 2/3)
[2026-07-27 16:08:28] WARNING |   Nav error: Page.goto: net::ERR_HTTP2_PROTOCOL_ERROR at https://www.justdial.com/search?q=DGD+KONDLI+hospital&city=All
Call log:
  - navigating to "https://www.justdial.com/search?q=DGD+KONDLI+hospital&city=All", waiting until "domcontentloaded"
 (attempt 3/3)
[2026-07-27 16:08:32] INFO | Phase 1 [30/1081]: Boon Medicare Centre
[2026-07-27 16:08:42] INFO |   Scraping hexahealth.com: https://www.hexahealth.com/delhi/hospitals/cardiology/reviews
[2026-07-27 16:08:51] INFO |   hexahealth.com: 0 scraped → 0 new unique
[2026-07-27 16:09:08] WARNING |   Nav error: Page.goto: net::ERR_HTTP2_PROTOCOL_ERROR at https://www.justdial.com/search?q=Boon+Medicare+Centre+hospital&city=All
Call log:
  - navigating to "https://www.justdial.com/search?q=Boon+Medicare+Centre+hospital&city=All", waiting until "domcontentloaded"
 (attempt 1/3)
[2026-07-27 16:09:12] WARNING |   Nav error: Page.goto: net::ERR_HTTP2_PROTOCOL_ERROR at https://www.justdial.com/search?q=Boon+Medicare+Centre+hospital&city=All
Call log:
  - navigating to "https://www.justdial.com/search?q=Boon+Medicare+Centre+hospital&city=All", waiting until "domcontentloaded"
 (attempt 2/3)
[2026-07-27 16:09:20] WARNING |   Nav error: Page.goto: net::ERR_HTTP2_PROTOCOL_ERROR at https://www.justdial.com/search?q=Boon+Medicare+Centre+hospital&city=All
Call log:
  - navigating to "https://www.justdial.com/search?q=Boon+Medicare+Centre+hospital&city=All", waiting until "domcontentloaded"
 (attempt 3/3)
[2026-07-27 16:09:24] INFO | Phase 1 [31/1081]: Dharamshila Rahat Medical Centre | Palliative Care Centre
[2026-07-27 16:09:34] INFO |   Scraping hexahealth.com: https://www.hexahealth.com/delhi/hospitals/cardiology/reviews
[2026-07-27 16:09:44] INFO |   hexahealth.com: 0 scraped → 0 new unique
[2026-07-27 16:09:59] WARNING |   Nav error: Page.goto: net::ERR_HTTP2_PROTOCOL_ERROR at https://www.justdial.com/search?q=Dharamshila+Rahat+Medical+Centre+%7C+Palliative+Care+Centre+hospital&city=All
Call log:
  - navigating to "https://www.justdial.com/search?q=Dharamshila+Rahat+Medical+Centre+%7C+Palliative+Care+Centre+hospital&city=All", waiting until "domcontentloaded"
 (attempt 1/3)
[2026-07-27 16:10:03] WARNING |   Nav error: Page.goto: net::ERR_HTTP2_PROTOCOL_ERROR at https://www.justdial.com/search?q=Dharamshila+Rahat+Medical+Centre+%7C+Palliative+Care+Centre+hospital&city=All
Call log:
  - navigating to "https://www.justdial.com/search?q=Dharamshila+Rahat+Medical+Centre+%7C+Palliative+Care+Centre+hospital&city=All", waiting until "domcontentloaded"
 (attempt 2/3)
[2026-07-27 16:10:11] WARNING |   Nav error: Page.goto: net::ERR_HTTP2_PROTOCOL_ERROR at https://www.justdial.com/search?q=Dharamshila+Rahat+Medical+Centre+%7C+Palliative+Care+Centre+hospital&city=All
Call log:
  - navigating to "https://www.justdial.com/search?q=Dharamshila+Rahat+Medical+Centre+%7C+Palliative+Care+Centre+hospital&city=All", waiting until "domcontentloaded"
 (attempt 3/3)
[2026-07-27 16:10:16] INFO | Phase 1 [32/1081]: Rajdhani Medical Centre
[2026-07-27 16:10:26] INFO |   Scraping hexahealth.com: https://www.hexahealth.com/delhi/hospitals/cardiology/reviews
[2026-07-27 16:10:35] INFO |   hexahealth.com: 0 scraped → 0 new unique
[2026-07-27 16:10:54] WARNING |   Nav error: Page.goto: net::ERR_HTTP2_PROTOCOL_ERROR at https://www.justdial.com/search?q=Rajdhani+Medical+Centre+hospital&city=All
Call log:
  - navigating to "https://www.justdial.com/search?q=Rajdhani+Medical+Centre+hospital&city=All", waiting until "domcontentloaded"
 (attempt 1/3)
[2026-07-27 16:10:58] WARNING |   Nav error: Page.goto: net::ERR_HTTP2_PROTOCOL_ERROR at https://www.justdial.com/search?q=Rajdhani+Medical+Centre+hospital&city=All
Call log:
  - navigating to "https://www.justdial.com/search?q=Rajdhani+Medical+Centre+hospital&city=All", waiting until "domcontentloaded"
 (attempt 2/3)
[2026-07-27 16:11:06] WARNING |   Nav error: Page.goto: net::ERR_HTTP2_PROTOCOL_ERROR at https://www.justdial.com/search?q=Rajdhani+Medical+Centre+hospital&city=All
Call log:
  - navigating to "https://www.justdial.com/search?q=Rajdhani+Medical+Centre+hospital&city=All", waiting until "domcontentloaded"
 (attempt 3/3)
[2026-07-27 16:11:11] INFO | Phase 1 [33/1081]: RAJRANI HOSPITAL
[2026-07-27 16:11:20] INFO |   Scraping hexahealth.com: https://www.hexahealth.com/delhi/hospitals/cardiology/reviews
[2026-07-27 16:11:30] INFO |   hexahealth.com: 0 scraped → 0 new unique
[2026-07-27 16:11:46] WARNING |   Nav error: Page.goto: net::ERR_HTTP2_PROTOCOL_ERROR at https://www.justdial.com/search?q=RAJRANI+HOSPITAL+hospital&city=All
Call log:
  - navigating to "https://www.justdial.com/search?q=RAJRANI+HOSPITAL+hospital&city=All", waiting until "domcontentloaded"
 (attempt 1/3)
[2026-07-27 16:11:50] WARNING |   Nav error: Page.goto: net::ERR_HTTP2_PROTOCOL_ERROR at https://www.justdial.com/search?q=RAJRANI+HOSPITAL+hospital&city=All
Call log:
  - navigating to "https://www.justdial.com/search?q=RAJRANI+HOSPITAL+hospital&city=All", waiting until "domcontentloaded"
 (attempt 2/3)
[2026-07-27 16:11:58] WARNING |   Nav error: Page.goto: net::ERR_HTTP2_PROTOCOL_ERROR at https://www.justdial.com/search?q=RAJRANI+HOSPITAL+hospital&city=All
Call log:
  - navigating to "https://www.justdial.com/search?q=RAJRANI+HOSPITAL+hospital&city=All", waiting until "domcontentloaded"
 (attempt 3/3)
[2026-07-27 16:12:03] INFO | Phase 1 [34/1081]: East End Hospital
[2026-07-27 16:12:12] INFO |   Scraping hexahealth.com: https://www.hexahealth.com/delhi/hospitals/cardiology/reviews
[2026-07-27 16:12:22] INFO |   hexahealth.com: 0 scraped → 0 new unique
[2026-07-27 16:12:41] WARNING |   Nav error: Page.goto: net::ERR_HTTP2_PROTOCOL_ERROR at https://www.justdial.com/search?q=East+End+Hospital+hospital&city=All
Call log:
  - navigating to "https://www.justdial.com/search?q=East+End+Hospital+hospital&city=All", waiting until "domcontentloaded"
 (attempt 1/3)
[2026-07-27 16:12:45] WARNING |   Nav error: Page.goto: net::ERR_HTTP2_PROTOCOL_ERROR at https://www.justdial.com/search?q=East+End+Hospital+hospital&city=All
Call log:
  - navigating to "https://www.justdial.com/search?q=East+End+Hospital+hospital&city=All", waiting until "domcontentloaded"
 (attempt 2/3)
[2026-07-27 16:12:53] WARNING |   Nav error: Page.goto: net::ERR_HTTP2_PROTOCOL_ERROR at https://www.justdial.com/search?q=East+End+Hospital+hospital&city=All
Call log:
  - navigating to "https://www.justdial.com/search?q=East+End+Hospital+hospital&city=All", waiting until "domcontentloaded"
 (attempt 3/3)
[2026-07-27 16:12:56] INFO | Phase 1 [35/1081]: Sai Nursing Home and Diagnostic Centre
[2026-07-27 16:13:06] INFO |   Scraping hexahealth.com: https://www.hexahealth.com/delhi/hospitals/cardiology/reviews
[2026-07-27 16:13:15] INFO |   hexahealth.com: 0 scraped → 0 new unique
[2026-07-27 16:13:34] WARNING |   Nav error: Page.goto: net::ERR_HTTP2_PROTOCOL_ERROR at https://www.justdial.com/search?q=Sai+Nursing+Home+and+Diagnostic+Centre+hospital&city=All
Call log:
  - navigating to "https://www.justdial.com/search?q=Sai+Nursing+Home+and+Diagnostic+Centre+hospital&city=All", waiting until "domcontentloaded"
 (attempt 1/3)
[2026-07-27 16:13:38] WARNING |   Nav error: Page.goto: net::ERR_HTTP2_PROTOCOL_ERROR at https://www.justdial.com/search?q=Sai+Nursing+Home+and+Diagnostic+Centre+hospital&city=All
Call log:
  - navigating to "https://www.justdial.com/search?q=Sai+Nursing+Home+and+Diagnostic+Centre+hospital&city=All", waiting until "domcontentloaded"
 (attempt 2/3)
[2026-07-27 16:13:46] WARNING |   Nav error: Page.goto: net::ERR_HTTP2_PROTOCOL_ERROR at https://www.justdial.com/search?q=Sai+Nursing+Home+and+Diagnostic+Centre+hospital&city=All
Call log:
  - navigating to "https://www.justdial.com/search?q=Sai+Nursing+Home+and+Diagnostic+Centre+hospital&city=All", waiting until "domcontentloaded"
 (attempt 3/3)
[2026-07-27 16:13:52] INFO | Phase 1 [36/1081]: DR. SANKHWAR HOSPITAL
[2026-07-27 16:14:02] INFO |   Scraping hexahealth.com: https://www.hexahealth.com/delhi/hospitals/cardiology/reviews
[2026-07-27 16:14:11] INFO |   hexahealth.com: 0 scraped → 0 new unique
[2026-07-27 16:14:30] WARNING |   Nav error: Page.goto: net::ERR_HTTP2_PROTOCOL_ERROR at https://www.justdial.com/search?q=DR.+SANKHWAR+HOSPITAL+hospital&city=All
Call log:
  - navigating to "https://www.justdial.com/search?q=DR.+SANKHWAR+HOSPITAL+hospital&city=All", waiting until "domcontentloaded"
 (attempt 1/3)
[2026-07-27 16:14:34] WARNING |   Nav error: Page.goto: net::ERR_HTTP2_PROTOCOL_ERROR at https://www.justdial.com/search?q=DR.+SANKHWAR+HOSPITAL+hospital&city=All
Call log:
  - navigating to "https://www.justdial.com/search?q=DR.+SANKHWAR+HOSPITAL+hospital&city=All", waiting until "domcontentloaded"
 (attempt 2/3)
[2026-07-27 16:14:42] WARNING |   Nav error: Page.goto: net::ERR_HTTP2_PROTOCOL_ERROR at https://www.justdial.com/search?q=DR.+SANKHWAR+HOSPITAL+hospital&city=All
Call log:
  - navigating to "https://www.justdial.com/search?q=DR.+SANKHWAR+HOSPITAL+hospital&city=All", waiting until "domcontentloaded"
 (attempt 3/3)
[2026-07-27 16:14:46] INFO | Phase 1 [37/1081]: SHALINI SANKHWAR HOSPITAL
[2026-07-27 16:14:56] INFO |   Scraping hexahealth.com: https://www.hexahealth.com/delhi/hospitals/cardiology/reviews
[2026-07-27 16:15:05] INFO |   hexahealth.com: 0 scraped → 0 new unique
[2026-07-27 16:15:22] WARNING |   Nav error: Page.goto: net::ERR_HTTP2_PROTOCOL_ERROR at https://www.justdial.com/search?q=SHALINI+SANKHWAR+HOSPITAL+hospital&city=All
Call log:
  - navigating to "https://www.justdial.com/search?q=SHALINI+SANKHWAR+HOSPITAL+hospital&city=All", waiting until "domcontentloaded"
 (attempt 1/3)
[2026-07-27 16:15:26] WARNING |   Nav error: Page.goto: net::ERR_HTTP2_PROTOCOL_ERROR at https://www.justdial.com/search?q=SHALINI+SANKHWAR+HOSPITAL+hospital&city=All
Call log:
  - navigating to "https://www.justdial.com/search?q=SHALINI+SANKHWAR+HOSPITAL+hospital&city=All", waiting until "domcontentloaded"
 (attempt 2/3)
[2026-07-27 16:15:34] WARNING |   Nav error: Page.goto: net::ERR_HTTP2_PROTOCOL_ERROR at https://www.justdial.com/search?q=SHALINI+SANKHWAR+HOSPITAL+hospital&city=All
Call log:
  - navigating to "https://www.justdial.com/search?q=SHALINI+SANKHWAR+HOSPITAL+hospital&city=All", waiting until "domcontentloaded"
 (attempt 3/3)
[2026-07-27 16:15:38] INFO | Phase 1 [38/1081]: Pocket-D 496-540 Flats, Pocket-D, D-648, Tahirpur Rd, Taharpur, Taharpur Village, Dilshad Garden, Delhi, 110095
[2026-07-27 16:15:48] INFO |   Scraping hexahealth.com: https://www.hexahealth.com/delhi/hospitals/cardiology/reviews
[2026-07-27 16:15:58] INFO |   hexahealth.com: 0 scraped → 0 new unique
[2026-07-27 16:16:17] WARNING |   Nav error: Page.goto: net::ERR_HTTP2_PROTOCOL_ERROR at https://www.justdial.com/search?q=Pocket-D+496-540+Flats%2C+Pocket-D%2C+D-648%2C+Tahirpur+Rd%2C+Taharpur%2C+Taharpur+Village%2C+Dilshad+Garden%2C+Delhi%2C+110095+hospital&city=All
Call log:
  - navigating to "https://www.justdial.com/search?q=Pocket-D+496-540+Flats%2C+Pocket-D%2C+D-648%2C+Tahirpur+Rd%2C+Taharpur%2C+Taharpur+Village%2C+Dilshad+Garden%2C+Delhi%2C+110095+hospital&city=All", waiting until "domcontentloaded"
 (attempt 1/3)
[2026-07-27 16:16:21] WARNING |   Nav error: Page.goto: net::ERR_HTTP2_PROTOCOL_ERROR at https://www.justdial.com/search?q=Pocket-D+496-540+Flats%2C+Pocket-D%2C+D-648%2C+Tahirpur+Rd%2C+Taharpur%2C+Taharpur+Village%2C+Dilshad+Garden%2C+Delhi%2C+110095+hospital&city=All
Call log:
  - navigating to "https://www.justdial.com/search?q=Pocket-D+496-540+Flats%2C+Pocket-D%2C+D-648%2C+Tahirpur+Rd%2C+Taharpur%2C+Taharpur+Village%2C+Dilshad+Garden%2C+Delhi%2C+110095+hospital&city=All", waiting until "domcontentloaded"
 (attempt 2/3)
[2026-07-27 16:16:30] WARNING |   Nav error: Page.goto: net::ERR_HTTP2_PROTOCOL_ERROR at https://www.justdial.com/search?q=Pocket-D+496-540+Flats%2C+Pocket-D%2C+D-648%2C+Tahirpur+Rd%2C+Taharpur%2C+Taharpur+Village%2C+Dilshad+Garden%2C+Delhi%2C+110095+hospital&city=All
Call log:
  - navigating to "https://www.justdial.com/search?q=Pocket-D+496-540+Flats%2C+Pocket-D%2C+D-648%2C+Tahirpur+Rd%2C+Taharpur%2C+Taharpur+Village%2C+Dilshad+Garden%2C+Delhi%2C+110095+hospital&city=All", waiting until "domcontentloaded"
 (attempt 3/3)
[2026-07-27 16:16:36] INFO | Phase 1 [39/1081]: Rd Number 69, Nand Nagri, Dilshad Garden, Delhi, 93
[2026-07-27 16:16:46] INFO |   Scraping hexahealth.com: https://www.hexahealth.com/delhi/hospitals/cardiology/reviews
[2026-07-27 16:16:55] INFO |   hexahealth.com: 0 scraped → 0 new unique
[2026-07-27 16:17:13] WARNING |   Nav error: Page.goto: net::ERR_HTTP2_PROTOCOL_ERROR at https://www.justdial.com/search?q=Rd+Number+69%2C+Nand+Nagri%2C+Dilshad+Garden%2C+Delhi%2C+93+hospital&city=All
Call log:
  - navigating to "https://www.justdial.com/search?q=Rd+Number+69%2C+Nand+Nagri%2C+Dilshad+Garden%2C+Delhi%2C+93+hospital&city=All", waiting until "domcontentloaded"
 (attempt 1/3)
[2026-07-27 16:17:17] WARNING |   Nav error: Page.goto: net::ERR_HTTP2_PROTOCOL_ERROR at https://www.justdial.com/search?q=Rd+Number+69%2C+Nand+Nagri%2C+Dilshad+Garden%2C+Delhi%2C+93+hospital&city=All
Call log:
  - navigating to "https://www.justdial.com/search?q=Rd+Number+69%2C+Nand+Nagri%2C+Dilshad+Garden%2C+Delhi%2C+93+hospital&city=All", waiting until "domcontentloaded"
 (attempt 2/3)
[2026-07-27 16:17:26] WARNING |   Nav error: Page.goto: net::ERR_HTTP2_PROTOCOL_ERROR at https://www.justdial.com/search?q=Rd+Number+69%2C+Nand+Nagri%2C+Dilshad+Garden%2C+Delhi%2C+93+hospital&city=All
Call log:
  - navigating to "https://www.justdial.com/search?q=Rd+Number+69%2C+Nand+Nagri%2C+Dilshad+Garden%2C+Delhi%2C+93+hospital&city=All", waiting until "domcontentloaded"
 (attempt 3/3)
[2026-07-27 16:17:31] INFO | Phase 1 [40/1081]: 488-15, Dilshad Garden, Near Radha Krishan Mandir, Dilshad Garden, New Delhi, Delhi 110092
[2026-07-27 16:17:40] INFO |   Scraping hexahealth.com: https://www.hexahealth.com/delhi/hospitals/cardiology/reviews
[2026-07-27 16:17:50] INFO |   hexahealth.com: 0 scraped → 0 new unique
[2026-07-27 16:18:09] WARNING |   Nav error: Page.goto: net::ERR_HTTP2_PROTOCOL_ERROR at https://www.justdial.com/search?q=488-15%2C+Dilshad+Garden%2C+Near+Radha+Krishan+Mandir%2C+Dilshad+Garden%2C+New+Delhi%2C+Delhi+110092+hospital&city=All
Call log:
  - navigating to "https://www.justdial.com/search?q=488-15%2C+Dilshad+Garden%2C+Near+Radha+Krishan+Mandir%2C+Dilshad+Garden%2C+New+Delhi%2C+Delhi+110092+hospital&city=All", waiting until "domcontentloaded"
 (attempt 1/3)
[2026-07-27 16:18:13] WARNING |   Nav error: Page.goto: net::ERR_HTTP2_PROTOCOL_ERROR at https://www.justdial.com/search?q=488-15%2C+Dilshad+Garden%2C+Near+Radha+Krishan+Mandir%2C+Dilshad+Garden%2C+New+Delhi%2C+Delhi+110092+hospital&city=All
Call log:
  - navigating to "https://www.justdial.com/search?q=488-15%2C+Dilshad+Garden%2C+Near+Radha+Krishan+Mandir%2C+Dilshad+Garden%2C+New+Delhi%2C+Delhi+110092+hospital&city=All", waiting until "domcontentloaded"
 (attempt 2/3)
[2026-07-27 16:18:21] WARNING |   Nav error: Page.goto: net::ERR_HTTP2_PROTOCOL_ERROR at https://www.justdial.com/search?q=488-15%2C+Dilshad+Garden%2C+Near+Radha+Krishan+Mandir%2C+Dilshad+Garden%2C+New+Delhi%2C+Delhi+110092+hospital&city=All
Call log:
  - navigating to "https://www.justdial.com/search?q=488-15%2C+Dilshad+Garden%2C+Near+Radha+Krishan+Mandir%2C+Dilshad+Garden%2C+New+Delhi%2C+Delhi+110092+hospital&city=All", waiting until "domcontentloaded"
 (attempt 3/3)
[2026-07-27 16:18:24] INFO | Phase 1 [41/1081]: House No. 181 to 186-191, Labour Colony, Vishwakarma Nagar, Shahdara, New Delhi, Delhi 110095
[2026-07-27 16:18:34] INFO |   Scraping hexahealth.com: https://www.hexahealth.com/delhi/hospitals/cardiology/reviews
[2026-07-27 16:18:44] INFO |   hexahealth.com: 0 scraped → 0 new unique
[2026-07-27 16:19:00] WARNING |   Nav error: Page.goto: net::ERR_HTTP2_PROTOCOL_ERROR at https://www.justdial.com/search?q=House+No.+181+to+186-191%2C+Labour+Colony%2C+Vishwakarma+Nagar%2C+Shahdara%2C+New+Delhi%2C+Delhi+110095+hospital&city=All
Call log:
  - navigating to "https://www.justdial.com/search?q=House+No.+181+to+186-191%2C+Labour+Colony%2C+Vishwakarma+Nagar%2C+Shahdara%2C+New+Delhi%2C+Delhi+110095+hospital&city=All", waiting until "domcontentloaded"
 (attempt 1/3)
[2026-07-27 16:19:04] WARNING |   Nav error: Page.goto: net::ERR_HTTP2_PROTOCOL_ERROR at https://www.justdial.com/search?q=House+No.+181+to+186-191%2C+Labour+Colony%2C+Vishwakarma+Nagar%2C+Shahdara%2C+New+Delhi%2C+Delhi+110095+hospital&city=All
Call log:
  - navigating to "https://www.justdial.com/search?q=House+No.+181+to+186-191%2C+Labour+Colony%2C+Vishwakarma+Nagar%2C+Shahdara%2C+New+Delhi%2C+Delhi+110095+hospital&city=All", waiting until "domcontentloaded"
 (attempt 2/3)
[2026-07-27 16:19:12] WARNING |   Nav error: Page.goto: net::ERR_HTTP2_PROTOCOL_ERROR at https://www.justdial.com/search?q=House+No.+181+to+186-191%2C+Labour+Colony%2C+Vishwakarma+Nagar%2C+Shahdara%2C+New+Delhi%2C+Delhi+110095+hospital&city=All
Call log:
  - navigating to "https://www.justdial.com/search?q=House+No.+181+to+186-191%2C+Labour+Colony%2C+Vishwakarma+Nagar%2C+Shahdara%2C+New+Delhi%2C+Delhi+110095+hospital&city=All", waiting until "domcontentloaded"
 (attempt 3/3)
[2026-07-27 16:19:16] INFO | Phase 1 [42/1081]: 5-6, Krishna Market Main Road, Vivek Vihar II, Jhilmil Colony, New Delhi, Delhi 110095
[2026-07-27 16:19:26] INFO |   Scraping hexahealth.com: https://www.hexahealth.com/delhi/hospitals/cardiology/reviews
[2026-07-27 16:19:36] INFO |   hexahealth.com: 0 scraped → 0 new unique
[2026-07-27 16:19:53] WARNING |   Nav error: Page.goto: net::ERR_HTTP2_PROTOCOL_ERROR at https://www.justdial.com/search?q=5-6%2C+Krishna+Market+Main+Road%2C+Vivek+Vihar+II%2C+Jhilmil+Colony%2C+New+Delhi%2C+Delhi+110095+hospital&city=All
Call log:
  - navigating to "https://www.justdial.com/search?q=5-6%2C+Krishna+Market+Main+Road%2C+Vivek+Vihar+II%2C+Jhilmil+Colony%2C+New+Delhi%2C+Delhi+110095+hospital&city=All", waiting until "domcontentloaded"
 (attempt 1/3)
[2026-07-27 16:19:57] WARNING |   Nav error: Page.goto: net::ERR_HTTP2_PROTOCOL_ERROR at https://www.justdial.com/search?q=5-6%2C+Krishna+Market+Main+Road%2C+Vivek+Vihar+II%2C+Jhilmil+Colony%2C+New+Delhi%2C+Delhi+110095+hospital&city=All
Call log:
  - navigating to "https://www.justdial.com/search?q=5-6%2C+Krishna+Market+Main+Road%2C+Vivek+Vihar+II%2C+Jhilmil+Colony%2C+New+Delhi%2C+Delhi+110095+hospital&city=All", waiting until "domcontentloaded"
 (attempt 2/3)
[2026-07-27 16:20:05] WARNING |   Nav error: Page.goto: net::ERR_HTTP2_PROTOCOL_ERROR at https://www.justdial.com/search?q=5-6%2C+Krishna+Market+Main+Road%2C+Vivek+Vihar+II%2C+Jhilmil+Colony%2C+New+Delhi%2C+Delhi+110095+hospital&city=All
Call log:
  - navigating to "https://www.justdial.com/search?q=5-6%2C+Krishna+Market+Main+Road%2C+Vivek+Vihar+II%2C+Jhilmil+Colony%2C+New+Delhi%2C+Delhi+110095+hospital&city=All", waiting until "domcontentloaded"
 (attempt 3/3)
[2026-07-27 16:20:08] INFO | Phase 1 [43/1081]: M8RF+CM2, New Light Colony, Leprosy Home Complex, Dilshad Colony, Ghaziabad, Delhi, 110093
[2026-07-27 16:20:18] INFO |   Scraping hexahealth.com: https://www.hexahealth.com/delhi/hospitals/cardiology/reviews
[2026-07-27 16:20:28] INFO |   hexahealth.com: 0 scraped → 0 new unique
[2026-07-27 16:20:46] WARNING |   Nav error: Page.goto: net::ERR_HTTP2_PROTOCOL_ERROR at https://www.justdial.com/search?q=M8RF%2BCM2%2C+New+Light+Colony%2C+Leprosy+Home+Complex%2C+Dilshad+Colony%2C+Ghaziabad%2C+Delhi%2C+110093+hospital&city=All
Call log:
  - navigating to "https://www.justdial.com/search?q=M8RF%2BCM2%2C+New+Light+Colony%2C+Leprosy+Home+Complex%2C+Dilshad+Colony%2C+Ghaziabad%2C+Delhi%2C+110093+hospital&city=All", waiting until "domcontentloaded"
 (attempt 1/3)
[2026-07-27 16:20:50] WARNING |   Nav error: Page.goto: net::ERR_HTTP2_PROTOCOL_ERROR at https://www.justdial.com/search?q=M8RF%2BCM2%2C+New+Light+Colony%2C+Leprosy+Home+Complex%2C+Dilshad+Colony%2C+Ghaziabad%2C+Delhi%2C+110093+hospital&city=All
Call log:
  - navigating to "https://www.justdial.com/search?q=M8RF%2BCM2%2C+New+Light+Colony%2C+Leprosy+Home+Complex%2C+Dilshad+Colony%2C+Ghaziabad%2C+Delhi%2C+110093+hospital&city=All", waiting until "domcontentloaded"
 (attempt 2/3)
[2026-07-27 16:20:58] WARNING |   Nav error: Page.goto: net::ERR_HTTP2_PROTOCOL_ERROR at https://www.justdial.com/search?q=M8RF%2BCM2%2C+New+Light+Colony%2C+Leprosy+Home+Complex%2C+Dilshad+Colony%2C+Ghaziabad%2C+Delhi%2C+110093+hospital&city=All
Call log:
  - navigating to "https://www.justdial.com/search?q=M8RF%2BCM2%2C+New+Light+Colony%2C+Leprosy+Home+Complex%2C+Dilshad+Colony%2C+Ghaziabad%2C+Delhi%2C+110093+hospital&city=All", waiting until "domcontentloaded"
 (attempt 3/3)
[2026-07-27 16:21:01] INFO | Phase 1 [44/1081]: Block D, Jhilmil Colony, Delhi, 110095
[2026-07-27 16:21:11] INFO |   Scraping hexahealth.com: https://www.hexahealth.com/delhi/hospitals/cardiology/reviews
[2026-07-27 16:21:21] INFO |   hexahealth.com: 0 scraped → 0 new unique
[2026-07-27 16:21:37] WARNING |   Nav error: Page.goto: net::ERR_HTTP2_PROTOCOL_ERROR at https://www.justdial.com/search?q=Block+D%2C+Jhilmil+Colony%2C+Delhi%2C+110095+hospital&city=All
Call log:
  - navigating to "https://www.justdial.com/search?q=Block+D%2C+Jhilmil+Colony%2C+Delhi%2C+110095+hospital&city=All", waiting until "domcontentloaded"
 (attempt 1/3)
[2026-07-27 16:21:41] WARNING |   Nav error: Page.goto: net::ERR_HTTP2_PROTOCOL_ERROR at https://www.justdial.com/search?q=Block+D%2C+Jhilmil+Colony%2C+Delhi%2C+110095+hospital&city=All
Call log:
  - navigating to "https://www.justdial.com/search?q=Block+D%2C+Jhilmil+Colony%2C+Delhi%2C+110095+hospital&city=All", waiting until "domcontentloaded"
 (attempt 2/3)
[2026-07-27 16:21:49] WARNING |   Nav error: Page.goto: net::ERR_HTTP2_PROTOCOL_ERROR at https://www.justdial.com/search?q=Block+D%2C+Jhilmil+Colony%2C+Delhi%2C+110095+hospital&city=All
Call log:
  - navigating to "https://www.justdial.com/search?q=Block+D%2C+Jhilmil+Colony%2C+Delhi%2C+110095+hospital&city=All", waiting until "domcontentloaded"
 (attempt 3/3)
[2026-07-27 16:21:55] INFO | Phase 1 [45/1081]: Tahirpur Road, Swami Dayanand Hospital Rd, Dilshad Garden, New Delhi, Delhi 110095
[2026-07-27 16:22:05] INFO |   Scraping hexahealth.com: https://www.hexahealth.com/delhi/hospitals/cardiology/reviews
[2026-07-27 16:22:14] INFO |   hexahealth.com: 0 scraped → 0 new unique
[2026-07-27 16:22:35] WARNING |   Nav error: Page.goto: net::ERR_HTTP2_PROTOCOL_ERROR at https://www.justdial.com/search?q=Tahirpur+Road%2C+Swami+Dayanand+Hospital+Rd%2C+Dilshad+Garden%2C+New+Delhi%2C+Delhi+110095+hospital&city=All
Call log:
  - navigating to "https://www.justdial.com/search?q=Tahirpur+Road%2C+Swami+Dayanand+Hospital+Rd%2C+Dilshad+Garden%2C+New+Delhi%2C+Delhi+110095+hospital&city=All", waiting until "domcontentloaded"
 (attempt 1/3)
[2026-07-27 16:22:39] WARNING |   Nav error: Page.goto: net::ERR_HTTP2_PROTOCOL_ERROR at https://www.justdial.com/search?q=Tahirpur+Road%2C+Swami+Dayanand+Hospital+Rd%2C+Dilshad+Garden%2C+New+Delhi%2C+Delhi+110095+hospital&city=All
Call log:
  - navigating to "https://www.justdial.com/search?q=Tahirpur+Road%2C+Swami+Dayanand+Hospital+Rd%2C+Dilshad+Garden%2C+New+Delhi%2C+Delhi+110095+hospital&city=All", waiting until "domcontentloaded"
 (attempt 2/3)
[2026-07-27 16:22:47] WARNING |   Nav error: Page.goto: net::ERR_HTTP2_PROTOCOL_ERROR at https://www.justdial.com/search?q=Tahirpur+Road%2C+Swami+Dayanand+Hospital+Rd%2C+Dilshad+Garden%2C+New+Delhi%2C+Delhi+110095+hospital&city=All
Call log:
  - navigating to "https://www.justdial.com/search?q=Tahirpur+Road%2C+Swami+Dayanand+Hospital+Rd%2C+Dilshad+Garden%2C+New+Delhi%2C+Delhi+110095+hospital&city=All", waiting until "domcontentloaded"
 (attempt 3/3)
[2026-07-27 16:22:51] INFO | Phase 1 [46/1081]: M8HF+529, Aradhak Marg, Chikamberpur Village, Chikamberpur, New Delhi, Delhi, 110095
[2026-07-27 16:23:01] INFO |   Scraping hexahealth.com: https://www.hexahealth.com/delhi/hospitals/cardiology/reviews
[2026-07-27 16:23:11] INFO |   hexahealth.com: 0 scraped → 0 new unique
[2026-07-27 16:23:26] WARNING |   Nav error: Page.goto: net::ERR_HTTP2_PROTOCOL_ERROR at https://www.justdial.com/search?q=M8HF%2B529%2C+Aradhak+Marg%2C+Chikamberpur+Village%2C+Chikamberpur%2C+New+Delhi%2C+Delhi%2C+110095+hospital&city=All
Call log:
  - navigating to "https://www.justdial.com/search?q=M8HF%2B529%2C+Aradhak+Marg%2C+Chikamberpur+Village%2C+Chikamberpur%2C+New+Delhi%2C+Delhi%2C+110095+hospital&city=All", waiting until "domcontentloaded"
 (attempt 1/3)
[2026-07-27 16:23:30] WARNING |   Nav error: Page.goto: net::ERR_HTTP2_PROTOCOL_ERROR at https://www.justdial.com/search?q=M8HF%2B529%2C+Aradhak+Marg%2C+Chikamberpur+Village%2C+Chikamberpur%2C+New+Delhi%2C+Delhi%2C+110095+hospital&city=All
Call log:
  - navigating to "https://www.justdial.com/search?q=M8HF%2B529%2C+Aradhak+Marg%2C+Chikamberpur+Village%2C+Chikamberpur%2C+New+Delhi%2C+Delhi%2C+110095+hospital&city=All", waiting until "domcontentloaded"
 (attempt 2/3)
[2026-07-27 16:23:38] WARNING |   Nav error: Page.goto: net::ERR_HTTP2_PROTOCOL_ERROR at https://www.justdial.com/search?q=M8HF%2B529%2C+Aradhak+Marg%2C+Chikamberpur+Village%2C+Chikamberpur%2C+New+Delhi%2C+Delhi%2C+110095+hospital&city=All
Call log:
  - navigating to "https://www.justdial.com/search?q=M8HF%2B529%2C+Aradhak+Marg%2C+Chikamberpur+Village%2C+Chikamberpur%2C+New+Delhi%2C+Delhi%2C+110095+hospital&city=All", waiting until "domcontentloaded"
 (attempt 3/3)
[2026-07-27 16:23:42] INFO | Phase 1 [47/1081]: Suraksha Nursing Home, E - 22, Dilshad Colony, New Delhi, Delhi 110095
[2026-07-27 16:23:52] INFO |   Scraping hexahealth.com: https://www.hexahealth.com/delhi/hospitals/cardiology/reviews
[2026-07-27 16:24:01] INFO |   hexahealth.com: 0 scraped → 0 new unique
[2026-07-27 16:24:18] WARNING |   Nav error: Page.goto: net::ERR_HTTP2_PROTOCOL_ERROR at https://www.justdial.com/search?q=Suraksha+Nursing+Home%2C+E+-+22%2C+Dilshad+Colony%2C+New+Delhi%2C+Delhi+110095+hospital&city=All
Call log:
  - navigating to "https://www.justdial.com/search?q=Suraksha+Nursing+Home%2C+E+-+22%2C+Dilshad+Colony%2C+New+Delhi%2C+Delhi+110095+hospital&city=All", waiting until "domcontentloaded"
 (attempt 1/3)
[2026-07-27 16:24:22] WARNING |   Nav error: Page.goto: net::ERR_HTTP2_PROTOCOL_ERROR at https://www.justdial.com/search?q=Suraksha+Nursing+Home%2C+E+-+22%2C+Dilshad+Colony%2C+New+Delhi%2C+Delhi+110095+hospital&city=All
Call log:
  - navigating to "https://www.justdial.com/search?q=Suraksha+Nursing+Home%2C+E+-+22%2C+Dilshad+Colony%2C+New+Delhi%2C+Delhi+110095+hospital&city=All", waiting until "domcontentloaded"
 (attempt 2/3)
[2026-07-27 16:24:30] WARNING |   Nav error: Page.goto: net::ERR_HTTP2_PROTOCOL_ERROR at https://www.justdial.com/search?q=Suraksha+Nursing+Home%2C+E+-+22%2C+Dilshad+Colony%2C+New+Delhi%2C+Delhi+110095+hospital&city=All
Call log:
  - navigating to "https://www.justdial.com/search?q=Suraksha+Nursing+Home%2C+E+-+22%2C+Dilshad+Colony%2C+New+Delhi%2C+Delhi+110095+hospital&city=All", waiting until "domcontentloaded"
 (attempt 3/3)
[2026-07-27 16:24:35] INFO | Phase 1 [48/1081]: F-20, F-20, near Chawla Medicos, Block F, Dilshad Colony, Delhi, 110095
[2026-07-27 16:24:44] INFO |   Scraping hexahealth.com: https://www.hexahealth.com/delhi/hospitals/cardiology/reviews
[2026-07-27 16:24:54] INFO |   hexahealth.com: 0 scraped → 0 new unique
[2026-07-27 16:25:13] WARNING |   Nav error: Page.goto: net::ERR_HTTP2_PROTOCOL_ERROR at https://www.justdial.com/search?q=F-20%2C+F-20%2C+near+Chawla+Medicos%2C+Block+F%2C+Dilshad+Colony%2C+Delhi%2C+110095+hospital&city=All
Call log:
  - navigating to "https://www.justdial.com/search?q=F-20%2C+F-20%2C+near+Chawla+Medicos%2C+Block+F%2C+Dilshad+Colony%2C+Delhi%2C+110095+hospital&city=All", waiting until "domcontentloaded"
 (attempt 1/3)
[2026-07-27 16:25:17] WARNING |   Nav error: Page.goto: net::ERR_HTTP2_PROTOCOL_ERROR at https://www.justdial.com/search?q=F-20%2C+F-20%2C+near+Chawla+Medicos%2C+Block+F%2C+Dilshad+Colony%2C+Delhi%2C+110095+hospital&city=All
Call log:
  - navigating to "https://www.justdial.com/search?q=F-20%2C+F-20%2C+near+Chawla+Medicos%2C+Block+F%2C+Dilshad+Colony%2C+Delhi%2C+110095+hospital&city=All", waiting until "domcontentloaded"
 (attempt 2/3)
[2026-07-27 16:25:25] WARNING |   Nav error: Page.goto: net::ERR_HTTP2_PROTOCOL_ERROR at https://www.justdial.com/search?q=F-20%2C+F-20%2C+near+Chawla+Medicos%2C+Block+F%2C+Dilshad+Colony%2C+Delhi%2C+110095+hospital&city=All
Call log:
  - navigating to "https://www.justdial.com/search?q=F-20%2C+F-20%2C+near+Chawla+Medicos%2C+Block+F%2C+Dilshad+Colony%2C+Delhi%2C+110095+hospital&city=All", waiting until "domcontentloaded"
 (attempt 3/3)
[2026-07-27 16:25:30] INFO | Phase 1 [49/1081]: 78 A Opposite IHBAS C-Block Near post office, Dilshad Garden, New Delhi, Delhi 110095
[2026-07-27 16:25:39] INFO |   Scraping hexahealth.com: https://www.hexahealth.com/delhi/hospitals/cardiology/reviews
[2026-07-27 16:25:49] INFO |   hexahealth.com: 0 scraped → 0 new unique
[2026-07-27 16:26:04] WARNING |   Nav error: Page.goto: net::ERR_HTTP2_PROTOCOL_ERROR at https://www.justdial.com/search?q=78+A+Opposite+IHBAS+C-Block+Near+post+office%2C+Dilshad+Garden%2C+New+Delhi%2C+Delhi+110095+hospital&city=All
Call log:
  - navigating to "https://www.justdial.com/search?q=78+A+Opposite+IHBAS+C-Block+Near+post+office%2C+Dilshad+Garden%2C+New+Delhi%2C+Delhi+110095+hospital&city=All", waiting until "domcontentloaded"
 (attempt 1/3)
[2026-07-27 16:26:08] WARNING |   Nav error: Page.goto: net::ERR_HTTP2_PROTOCOL_ERROR at https://www.justdial.com/search?q=78+A+Opposite+IHBAS+C-Block+Near+post+office%2C+Dilshad+Garden%2C+New+Delhi%2C+Delhi+110095+hospital&city=All
Call log:
  - navigating to "https://www.justdial.com/search?q=78+A+Opposite+IHBAS+C-Block+Near+post+office%2C+Dilshad+Garden%2C+New+Delhi%2C+Delhi+110095+hospital&city=All", waiting until "domcontentloaded"
 (attempt 2/3)
[2026-07-27 16:26:17] WARNING |   Nav error: Page.goto: net::ERR_HTTP2_PROTOCOL_ERROR at https://www.justdial.com/search?q=78+A+Opposite+IHBAS+C-Block+Near+post+office%2C+Dilshad+Garden%2C+New+Delhi%2C+Delhi+110095+hospital&city=All
Call log:
  - navigating to "https://www.justdial.com/search?q=78+A+Opposite+IHBAS+C-Block+Near+post+office%2C+Dilshad+Garden%2C+New+Delhi%2C+Delhi+110095+hospital&city=All", waiting until "domcontentloaded"
 (attempt 3/3)
[2026-07-27 16:26:22] INFO | Phase 1 [50/1081]: G-22/1, Pocket 1, Block G, Dilshad Colony, Delhi, 110095
[2026-07-27 16:26:31] INFO |   Scraping hexahealth.com: https://www.hexahealth.com/delhi/hospitals/cardiology/reviews
[2026-07-27 16:26:41] INFO |   hexahealth.com: 0 scraped → 0 new unique
[2026-07-27 16:26:57] WARNING |   Nav error: Page.goto: net::ERR_HTTP2_PROTOCOL_ERROR at https://www.justdial.com/search?q=G-22%2F1%2C+Pocket+1%2C+Block+G%2C+Dilshad+Colony%2C+Delhi%2C+110095+hospital&city=All
Call log:
  - navigating to "https://www.justdial.com/search?q=G-22%2F1%2C+Pocket+1%2C+Block+G%2C+Dilshad+Colony%2C+Delhi%2C+110095+hospital&city=All", waiting until "domcontentloaded"
 (attempt 1/3)
[2026-07-27 16:27:01] WARNING |   Nav error: Page.goto: net::ERR_HTTP2_PROTOCOL_ERROR at https://www.justdial.com/search?q=G-22%2F1%2C+Pocket+1%2C+Block+G%2C+Dilshad+Colony%2C+Delhi%2C+110095+hospital&city=All
Call log:
  - navigating to "https://www.justdial.com/search?q=G-22%2F1%2C+Pocket+1%2C+Block+G%2C+Dilshad+Colony%2C+Delhi%2C+110095+hospital&city=All", waiting until "domcontentloaded"
 (attempt 2/3)
[2026-07-27 16:27:09] WARNING |   Nav error: Page.goto: net::ERR_HTTP2_PROTOCOL_ERROR at https://www.justdial.com/search?q=G-22%2F1%2C+Pocket+1%2C+Block+G%2C+Dilshad+Colony%2C+Delhi%2C+110095+hospital&city=All
Call log:
  - navigating to "https://www.justdial.com/search?q=G-22%2F1%2C+Pocket+1%2C+Block+G%2C+Dilshad+Colony%2C+Delhi%2C+110095+hospital&city=All", waiting until "domcontentloaded"
 (attempt 3/3)
[2026-07-27 16:27:14] INFO | Phase 1 [51/1081]: F118/A, Block F, Dilshad Colony, Delhi, 110095
[2026-07-27 16:27:24] INFO |   Scraping hexahealth.com: https://www.hexahealth.com/delhi/hospitals/cardiology/reviews
[2026-07-27 16:27:34] INFO |   hexahealth.com: 0 scraped → 0 new unique
[2026-07-27 16:27:52] WARNING |   Nav error: Page.goto: net::ERR_HTTP2_PROTOCOL_ERROR at https://www.justdial.com/search?q=F118%2FA%2C+Block+F%2C+Dilshad+Colony%2C+Delhi%2C+110095+hospital&city=All
Call log:
  - navigating to "https://www.justdial.com/search?q=F118%2FA%2C+Block+F%2C+Dilshad+Colony%2C+Delhi%2C+110095+hospital&city=All", waiting until "domcontentloaded"
 (attempt 1/3)
[2026-07-27 16:27:56] WARNING |   Nav error: Page.goto: net::ERR_HTTP2_PROTOCOL_ERROR at https://www.justdial.com/search?q=F118%2FA%2C+Block+F%2C+Dilshad+Colony%2C+Delhi%2C+110095+hospital&city=All
Call log:
  - navigating to "https://www.justdial.com/search?q=F118%2FA%2C+Block+F%2C+Dilshad+Colony%2C+Delhi%2C+110095+hospital&city=All", waiting until "domcontentloaded"
 (attempt 2/3)
[2026-07-27 16:28:05] WARNING |   Nav error: Page.goto: net::ERR_HTTP2_PROTOCOL_ERROR at https://www.justdial.com/search?q=F118%2FA%2C+Block+F%2C+Dilshad+Colony%2C+Delhi%2C+110095+hospital&city=All
Call log:
  - navigating to "https://www.justdial.com/search?q=F118%2FA%2C+Block+F%2C+Dilshad+Colony%2C+Delhi%2C+110095+hospital&city=All", waiting until "domcontentloaded"
 (attempt 3/3)
[2026-07-27 16:28:10] INFO | Phase 1 [52/1081]: Prakash Medical Centre
[2026-07-27 16:28:20] INFO |   Scraping hexahealth.com: https://www.hexahealth.com/delhi/hospitals/cardiology/reviews
[2026-07-27 16:28:30] INFO |   hexahealth.com: 0 scraped → 0 new unique
[2026-07-27 16:28:47] WARNING |   Nav error: Page.goto: net::ERR_HTTP2_PROTOCOL_ERROR at https://www.justdial.com/search?q=Prakash+Medical+Centre+hospital&city=All
Call log:
  - navigating to "https://www.justdial.com/search?q=Prakash+Medical+Centre+hospital&city=All", waiting until "domcontentloaded"
 (attempt 1/3)
[2026-07-27 16:28:51] WARNING |   Nav error: Page.goto: net::ERR_HTTP2_PROTOCOL_ERROR at https://www.justdial.com/search?q=Prakash+Medical+Centre+hospital&city=All
Call log:
  - navigating to "https://www.justdial.com/search?q=Prakash+Medical+Centre+hospital&city=All", waiting until "domcontentloaded"
 (attempt 2/3)
[2026-07-27 16:28:59] WARNING |   Nav error: Page.goto: net::ERR_HTTP2_PROTOCOL_ERROR at https://www.justdial.com/search?q=Prakash+Medical+Centre+hospital&city=All
Call log:
  - navigating to "https://www.justdial.com/search?q=Prakash+Medical+Centre+hospital&city=All", waiting until "domcontentloaded"
 (attempt 3/3)
[2026-07-27 16:29:04] INFO | Phase 1 [53/1081]: Veer Savarkar Hospital
[2026-07-27 16:29:14] INFO |   Scraping hexahealth.com: https://www.hexahealth.com/delhi/hospitals/cardiology/reviews
[2026-07-27 16:29:24] INFO |   hexahealth.com: 0 scraped → 0 new unique
[2026-07-27 16:29:41] WARNING |   Nav error: Page.goto: net::ERR_HTTP2_PROTOCOL_ERROR at https://www.justdial.com/search?q=Veer+Savarkar+Hospital+hospital&city=All
Call log:
  - navigating to "https://www.justdial.com/search?q=Veer+Savarkar+Hospital+hospital&city=All", waiting until "domcontentloaded"
 (attempt 1/3)
[2026-07-27 16:29:45] WARNING |   Nav error: Page.goto: net::ERR_HTTP2_PROTOCOL_ERROR at https://www.justdial.com/search?q=Veer+Savarkar+Hospital+hospital&city=All
Call log:
  - navigating to "https://www.justdial.com/search?q=Veer+Savarkar+Hospital+hospital&city=All", waiting until "domcontentloaded"
 (attempt 2/3)
[2026-07-27 16:29:53] WARNING |   Nav error: Page.goto: net::ERR_HTTP2_PROTOCOL_ERROR at https://www.justdial.com/search?q=Veer+Savarkar+Hospital+hospital&city=All
Call log:
  - navigating to "https://www.justdial.com/search?q=Veer+Savarkar+Hospital+hospital&city=All", waiting until "domcontentloaded"
 (attempt 3/3)
[2026-07-27 16:29:57] INFO | Phase 1 [54/1081]: Luv Kush Hospital
[2026-07-27 16:30:06] INFO |   Scraping hexahealth.com: https://www.hexahealth.com/delhi/hospitals/cardiology/reviews
[2026-07-27 16:30:16] INFO |   hexahealth.com: 0 scraped → 0 new unique
[2026-07-27 16:30:34] WARNING |   Nav error: Page.goto: net::ERR_HTTP2_PROTOCOL_ERROR at https://www.justdial.com/search?q=Luv+Kush+Hospital+hospital&city=All
Call log:
  - navigating to "https://www.justdial.com/search?q=Luv+Kush+Hospital+hospital&city=All", waiting until "domcontentloaded"
 (attempt 1/3)
[2026-07-27 16:30:38] WARNING |   Nav error: Page.goto: net::ERR_HTTP2_PROTOCOL_ERROR at https://www.justdial.com/search?q=Luv+Kush+Hospital+hospital&city=All
Call log:
  - navigating to "https://www.justdial.com/search?q=Luv+Kush+Hospital+hospital&city=All", waiting until "domcontentloaded"
 (attempt 2/3)
[2026-07-27 16:30:46] WARNING |   Nav error: Page.goto: net::ERR_HTTP2_PROTOCOL_ERROR at https://www.justdial.com/search?q=Luv+Kush+Hospital+hospital&city=All
Call log:
  - navigating to "https://www.justdial.com/search?q=Luv+Kush+Hospital+hospital&city=All", waiting until "domcontentloaded"
 (attempt 3/3)
[2026-07-27 16:30:50] INFO | Phase 1 [55/1081]: SM Hospital
[2026-07-27 16:31:00] INFO |   Scraping hexahealth.com: https://www.hexahealth.com/delhi/hospitals/cardiology/reviews
[2026-07-27 16:31:10] INFO |   hexahealth.com: 0 scraped → 0 new unique
[2026-07-27 16:31:25] WARNING |   Nav error: Page.goto: net::ERR_HTTP2_PROTOCOL_ERROR at https://www.justdial.com/search?q=SM+Hospital+hospital&city=All
Call log:
  - navigating to "https://www.justdial.com/search?q=SM+Hospital+hospital&city=All", waiting until "domcontentloaded"
 (attempt 1/3)
[2026-07-27 16:31:29] WARNING |   Nav error: Page.goto: net::ERR_HTTP2_PROTOCOL_ERROR at https://www.justdial.com/search?q=SM+Hospital+hospital&city=All
Call log:
  - navigating to "https://www.justdial.com/search?q=SM+Hospital+hospital&city=All", waiting until "domcontentloaded"
 (attempt 2/3)
[2026-07-27 16:31:37] WARNING |   Nav error: Page.goto: net::ERR_HTTP2_PROTOCOL_ERROR at https://www.justdial.com/search?q=SM+Hospital+hospital&city=All
Call log:
  - navigating to "https://www.justdial.com/search?q=SM+Hospital+hospital&city=All", waiting until "domcontentloaded"
 (attempt 3/3)
[2026-07-27 16:31:41] INFO | Phase 1 [56/1081]: Mavi Hospital
[2026-07-27 16:31:50] INFO |   Scraping hexahealth.com: https://www.hexahealth.com/delhi/hospitals/cardiology/reviews
[2026-07-27 16:32:00] INFO |   hexahealth.com: 0 scraped → 0 new unique
[2026-07-27 16:32:18] WARNING |   Nav error: Page.goto: net::ERR_HTTP2_PROTOCOL_ERROR at https://www.justdial.com/search?q=Mavi+Hospital+hospital&city=All
Call log:
  - navigating to "https://www.justdial.com/search?q=Mavi+Hospital+hospital&city=All", waiting until "domcontentloaded"
 (attempt 1/3)
[2026-07-27 16:32:22] WARNING |   Nav error: Page.goto: net::ERR_HTTP2_PROTOCOL_ERROR at https://www.justdial.com/search?q=Mavi+Hospital+hospital&city=All
Call log:
  - navigating to "https://www.justdial.com/search?q=Mavi+Hospital+hospital&city=All", waiting until "domcontentloaded"
 (attempt 2/3)
[2026-07-27 16:32:30] WARNING |   Nav error: Page.goto: net::ERR_HTTP2_PROTOCOL_ERROR at https://www.justdial.com/search?q=Mavi+Hospital+hospital&city=All
Call log:
  - navigating to "https://www.justdial.com/search?q=Mavi+Hospital+hospital&city=All", waiting until "domcontentloaded"
 (attempt 3/3)
[2026-07-27 16:32:34] INFO | Phase 1 [57/1081]: Asian Yamuna Vihar Multi Speciality Hospital
[2026-07-27 16:32:44] INFO |   Scraping hexahealth.com: https://www.hexahealth.com/delhi/hospitals/cardiology/reviews
[2026-07-27 16:32:54] INFO |   hexahealth.com: 0 scraped → 0 new unique
[2026-07-27 16:33:12] WARNING |   Nav error: Page.goto: net::ERR_HTTP2_PROTOCOL_ERROR at https://www.justdial.com/search?q=Asian+Yamuna+Vihar+Multi+Speciality+Hospital+hospital&city=All
Call log:
  - navigating to "https://www.justdial.com/search?q=Asian+Yamuna+Vihar+Multi+Speciality+Hospital+hospital&city=All", waiting until "domcontentloaded"
 (attempt 1/3)
[2026-07-27 16:33:16] WARNING |   Nav error: Page.goto: net::ERR_HTTP2_PROTOCOL_ERROR at https://www.justdial.com/search?q=Asian+Yamuna+Vihar+Multi+Speciality+Hospital+hospital&city=All
Call log:
  - navigating to "https://www.justdial.com/search?q=Asian+Yamuna+Vihar+Multi+Speciality+Hospital+hospital&city=All", waiting until "domcontentloaded"
 (attempt 2/3)
[2026-07-27 16:33:24] WARNING |   Nav error: Page.goto: net::ERR_HTTP2_PROTOCOL_ERROR at https://www.justdial.com/search?q=Asian+Yamuna+Vihar+Multi+Speciality+Hospital+hospital&city=All
Call log:
  - navigating to "https://www.justdial.com/search?q=Asian+Yamuna+Vihar+Multi+Speciality+Hospital+hospital&city=All", waiting until "domcontentloaded"
 (attempt 3/3)
[2026-07-27 16:33:30] INFO | Phase 1 [58/1081]: Shreya Hospital
[2026-07-27 16:33:40] INFO |   Scraping hexahealth.com: https://www.hexahealth.com/delhi/hospitals/cardiology/reviews
[2026-07-27 16:33:50] INFO |   hexahealth.com: 0 scraped → 0 new unique
[2026-07-27 16:34:06] WARNING |   Nav error: Page.goto: net::ERR_HTTP2_PROTOCOL_ERROR at https://www.justdial.com/search?q=Shreya+Hospital+hospital&city=All
Call log:
  - navigating to "https://www.justdial.com/search?q=Shreya+Hospital+hospital&city=All", waiting until "domcontentloaded"
 (attempt 1/3)
[2026-07-27 16:34:10] WARNING |   Nav error: Page.goto: net::ERR_HTTP2_PROTOCOL_ERROR at https://www.justdial.com/search?q=Shreya+Hospital+hospital&city=All
Call log:
  - navigating to "https://www.justdial.com/search?q=Shreya+Hospital+hospital&city=All", waiting until "domcontentloaded"
 (attempt 2/3)
[2026-07-27 16:34:19] WARNING |   Nav error: Page.goto: net::ERR_HTTP2_PROTOCOL_ERROR at https://www.justdial.com/search?q=Shreya+Hospital+hospital&city=All
Call log:
  - navigating to "https://www.justdial.com/search?q=Shreya+Hospital+hospital&city=All", waiting until "domcontentloaded"
 (attempt 3/3)
[2026-07-27 16:34:23] INFO | Phase 1 [59/1081]: City Hospital & Trauma Centre
[2026-07-27 16:34:33] INFO |   Scraping hexahealth.com: https://www.hexahealth.com/delhi/hospitals/cardiology/reviews
[2026-07-27 16:34:42] INFO |   hexahealth.com: 0 scraped → 0 new unique
[2026-07-27 16:35:00] WARNING |   Nav error: Page.goto: net::ERR_HTTP2_PROTOCOL_ERROR at https://www.justdial.com/search?q=City+Hospital+%26+Trauma+Centre+hospital&city=All
Call log:
  - navigating to "https://www.justdial.com/search?q=City+Hospital+%26+Trauma+Centre+hospital&city=All", waiting until "domcontentloaded"
 (attempt 1/3)
[2026-07-27 16:35:04] WARNING |   Nav error: Page.goto: net::ERR_HTTP2_PROTOCOL_ERROR at https://www.justdial.com/search?q=City+Hospital+%26+Trauma+Centre+hospital&city=All
Call log:
  - navigating to "https://www.justdial.com/search?q=City+Hospital+%26+Trauma+Centre+hospital&city=All", waiting until "domcontentloaded"
 (attempt 2/3)
[2026-07-27 16:35:12] WARNING |   Nav error: Page.goto: net::ERR_HTTP2_PROTOCOL_ERROR at https://www.justdial.com/search?q=City+Hospital+%26+Trauma+Centre+hospital&city=All
Call log:
  - navigating to "https://www.justdial.com/search?q=City+Hospital+%26+Trauma+Centre+hospital&city=All", waiting until "domcontentloaded"
 (attempt 3/3)
[2026-07-27 16:35:17] INFO | Phase 1 [60/1081]: Delhi State Cancer Institute-Dilshad Garden Delhi
[2026-07-27 16:35:27] INFO |   Scraping hexahealth.com: https://www.hexahealth.com/delhi/hospitals/cardiology/reviews
[2026-07-27 16:35:37] INFO |   hexahealth.com: 0 scraped → 0 new unique
[2026-07-27 16:35:57] WARNING |   Nav error: Page.goto: net::ERR_HTTP2_PROTOCOL_ERROR at https://www.justdial.com/search?q=Delhi+State+Cancer+Institute-Dilshad+Garden+Delhi+hospital&city=All
Call log:
  - navigating to "https://www.justdial.com/search?q=Delhi+State+Cancer+Institute-Dilshad+Garden+Delhi+hospital&city=All", waiting until "domcontentloaded"
 (attempt 1/3)
[2026-07-27 16:36:01] WARNING |   Nav error: Page.goto: net::ERR_HTTP2_PROTOCOL_ERROR at https://www.justdial.com/search?q=Delhi+State+Cancer+Institute-Dilshad+Garden+Delhi+hospital&city=All
Call log:
  - navigating to "https://www.justdial.com/search?q=Delhi+State+Cancer+Institute-Dilshad+Garden+Delhi+hospital&city=All", waiting until "domcontentloaded"
 (attempt 2/3)
[2026-07-27 16:36:09] WARNING |   Nav error: Page.goto: net::ERR_HTTP2_PROTOCOL_ERROR at https://www.justdial.com/search?q=Delhi+State+Cancer+Institute-Dilshad+Garden+Delhi+hospital&city=All
Call log:
  - navigating to "https://www.justdial.com/search?q=Delhi+State+Cancer+Institute-Dilshad+Garden+Delhi+hospital&city=All", waiting until "domcontentloaded"
 (attempt 3/3)
[2026-07-27 16:36:14] INFO | Phase 1 [61/1081]: Guru Teg Bahadur Hospital
[2026-07-27 16:36:23] INFO |   Scraping hexahealth.com: https://www.hexahealth.com/delhi/hospitals/cardiology/reviews
[2026-07-27 16:36:33] INFO |   hexahealth.com: 0 scraped → 0 new unique
[2026-07-27 16:36:52] WARNING |   Nav error: Page.goto: net::ERR_HTTP2_PROTOCOL_ERROR at https://www.justdial.com/search?q=Guru+Teg+Bahadur+Hospital+hospital&city=All
Call log:
  - navigating to "https://www.justdial.com/search?q=Guru+Teg+Bahadur+Hospital+hospital&city=All", waiting until "domcontentloaded"
 (attempt 1/3)
[2026-07-27 16:36:56] WARNING |   Nav error: Page.goto: net::ERR_HTTP2_PROTOCOL_ERROR at https://www.justdial.com/search?q=Guru+Teg+Bahadur+Hospital+hospital&city=All
Call log:
  - navigating to "https://www.justdial.com/search?q=Guru+Teg+Bahadur+Hospital+hospital&city=All", waiting until "domcontentloaded"
 (attempt 2/3)
[2026-07-27 16:37:04] WARNING |   Nav error: Page.goto: net::ERR_HTTP2_PROTOCOL_ERROR at https://www.justdial.com/search?q=Guru+Teg+Bahadur+Hospital+hospital&city=All
Call log:
  - navigating to "https://www.justdial.com/search?q=Guru+Teg+Bahadur+Hospital+hospital&city=All", waiting until "domcontentloaded"
 (attempt 3/3)
[2026-07-27 16:37:07] INFO | Phase 1 [62/1081]: Jeevan Jyoti Clinic and Hospital | Multispeciality Hospital | Dilshad Garden Delhi
[2026-07-27 16:37:17] INFO |   Scraping hexahealth.com: https://www.hexahealth.com/delhi/hospitals/cardiology/reviews
[2026-07-27 16:37:27] INFO |   hexahealth.com: 0 scraped → 0 new unique
[2026-07-27 16:37:44] WARNING |   Nav error: Page.goto: net::ERR_HTTP2_PROTOCOL_ERROR at https://www.justdial.com/search?q=Jeevan+Jyoti+Clinic+and+Hospital+%7C+Multispeciality+Hospital+%7C+Dilshad+Garden+Delhi+hospital&city=All
Call log:
  - navigating to "https://www.justdial.com/search?q=Jeevan+Jyoti+Clinic+and+Hospital+%7C+Multispeciality+Hospital+%7C+Dilshad+Garden+Delhi+hospital&city=All", waiting until "domcontentloaded"
 (attempt 1/3)
[2026-07-27 16:37:48] WARNING |   Nav error: Page.goto: net::ERR_HTTP2_PROTOCOL_ERROR at https://www.justdial.com/search?q=Jeevan+Jyoti+Clinic+and+Hospital+%7C+Multispeciality+Hospital+%7C+Dilshad+Garden+Delhi+hospital&city=All
Call log:
  - navigating to "https://www.justdial.com/search?q=Jeevan+Jyoti+Clinic+and+Hospital+%7C+Multispeciality+Hospital+%7C+Dilshad+Garden+Delhi+hospital&city=All", waiting until "domcontentloaded"
 (attempt 2/3)
[2026-07-27 16:37:56] WARNING |   Nav error: Page.goto: net::ERR_HTTP2_PROTOCOL_ERROR at https://www.justdial.com/search?q=Jeevan+Jyoti+Clinic+and+Hospital+%7C+Multispeciality+Hospital+%7C+Dilshad+Garden+Delhi+hospital&city=All
Call log:
  - navigating to "https://www.justdial.com/search?q=Jeevan+Jyoti+Clinic+and+Hospital+%7C+Multispeciality+Hospital+%7C+Dilshad+Garden+Delhi+hospital&city=All", waiting until "domcontentloaded"
 (attempt 3/3)
[2026-07-27 16:38:02] INFO | Phase 1 [63/1081]: Swami Dayanand Hospital(General Hospital)
[2026-07-27 16:38:12] INFO |   Scraping hexahealth.com: https://www.hexahealth.com/delhi/hospitals/cardiology/reviews
[2026-07-27 16:38:21] INFO |   hexahealth.com: 0 scraped → 0 new unique
[2026-07-27 16:38:40] WARNING |   Nav error: Page.goto: net::ERR_HTTP2_PROTOCOL_ERROR at https://www.justdial.com/search?q=Swami+Dayanand+Hospital%28General+Hospital%29+hospital&city=All
Call log:
  - navigating to "https://www.justdial.com/search?q=Swami+Dayanand+Hospital%28General+Hospital%29+hospital&city=All", waiting until "domcontentloaded"
 (attempt 1/3)
[2026-07-27 16:38:44] WARNING |   Nav error: Page.goto: net::ERR_HTTP2_PROTOCOL_ERROR at https://www.justdial.com/search?q=Swami+Dayanand+Hospital%28General+Hospital%29+hospital&city=All
Call log:
  - navigating to "https://www.justdial.com/search?q=Swami+Dayanand+Hospital%28General+Hospital%29+hospital&city=All", waiting until "domcontentloaded"
 (attempt 2/3)
[2026-07-27 16:38:52] WARNING |   Nav error: Page.goto: net::ERR_HTTP2_PROTOCOL_ERROR at https://www.justdial.com/search?q=Swami+Dayanand+Hospital%28General+Hospital%29+hospital&city=All
Call log:
  - navigating to "https://www.justdial.com/search?q=Swami+Dayanand+Hospital%28General+Hospital%29+hospital&city=All", waiting until "domcontentloaded"
 (attempt 3/3)
[2026-07-27 16:38:57] INFO | Phase 1 [64/1081]: Karuna Hospital (24x7 Hours Open)
[2026-07-27 16:39:07] INFO |   Scraping hexahealth.com: https://www.hexahealth.com/delhi/hospitals/cardiology/reviews
[2026-07-27 16:39:16] INFO |   hexahealth.com: 0 scraped → 0 new unique
[2026-07-27 16:39:34] WARNING |   Nav error: Page.goto: net::ERR_HTTP2_PROTOCOL_ERROR at https://www.justdial.com/search?q=Karuna+Hospital+%2824x7+Hours+Open%29+hospital&city=All
Call log:
  - navigating to "https://www.justdial.com/search?q=Karuna+Hospital+%2824x7+Hours+Open%29+hospital&city=All", waiting until "domcontentloaded"
 (attempt 1/3)
[2026-07-27 16:39:38] WARNING |   Nav error: Page.goto: net::ERR_HTTP2_PROTOCOL_ERROR at https://www.justdial.com/search?q=Karuna+Hospital+%2824x7+Hours+Open%29+hospital&city=All
Call log:
  - navigating to "https://www.justdial.com/search?q=Karuna+Hospital+%2824x7+Hours+Open%29+hospital&city=All", waiting until "domcontentloaded"
 (attempt 2/3)
[2026-07-27 16:39:47] WARNING |   Nav error: Page.goto: net::ERR_HTTP2_PROTOCOL_ERROR at https://www.justdial.com/search?q=Karuna+Hospital+%2824x7+Hours+Open%29+hospital&city=All
Call log:
  - navigating to "https://www.justdial.com/search?q=Karuna+Hospital+%2824x7+Hours+Open%29+hospital&city=All", waiting until "domcontentloaded"
 (attempt 3/3)
[2026-07-27 16:39:52] INFO | Phase 1 [65/1081]: Rajiv Gandhi Super Speciality Hospital (RGSSH)
[2026-07-27 16:40:01] INFO |   Scraping hexahealth.com: https://www.hexahealth.com/delhi/hospitals/cardiology/reviews
[2026-07-27 16:40:11] INFO |   hexahealth.com: 0 scraped → 0 new unique
[2026-07-27 16:40:30] WARNING |   Nav error: Page.goto: net::ERR_HTTP2_PROTOCOL_ERROR at https://www.justdial.com/search?q=Rajiv+Gandhi+Super+Speciality+Hospital+%28RGSSH%29+hospital&city=All
Call log:
  - navigating to "https://www.justdial.com/search?q=Rajiv+Gandhi+Super+Speciality+Hospital+%28RGSSH%29+hospital&city=All", waiting until "domcontentloaded"
 (attempt 1/3)
[2026-07-27 16:40:34] WARNING |   Nav error: Page.goto: net::ERR_HTTP2_PROTOCOL_ERROR at https://www.justdial.com/search?q=Rajiv+Gandhi+Super+Speciality+Hospital+%28RGSSH%29+hospital&city=All
Call log:
  - navigating to "https://www.justdial.com/search?q=Rajiv+Gandhi+Super+Speciality+Hospital+%28RGSSH%29+hospital&city=All", waiting until "domcontentloaded"
 (attempt 2/3)
[2026-07-27 16:40:42] WARNING |   Nav error: Page.goto: net::ERR_HTTP2_PROTOCOL_ERROR at https://www.justdial.com/search?q=Rajiv+Gandhi+Super+Speciality+Hospital+%28RGSSH%29+hospital&city=All
Call log:
  - navigating to "https://www.justdial.com/search?q=Rajiv+Gandhi+Super+Speciality+Hospital+%28RGSSH%29+hospital&city=All", waiting until "domcontentloaded"
 (attempt 3/3)
[2026-07-27 16:40:47] INFO | Phase 1 [66/1081]: Kottakkal Ayurvedic Hospital & Research Centre Delhi
[2026-07-27 16:40:57] INFO |   Scraping hexahealth.com: https://www.hexahealth.com/delhi/hospitals/cardiology/reviews
[2026-07-27 16:41:06] INFO |   hexahealth.com: 0 scraped → 0 new unique
[2026-07-27 16:41:23] WARNING |   Nav error: Page.goto: net::ERR_HTTP2_PROTOCOL_ERROR at https://www.justdial.com/search?q=Kottakkal+Ayurvedic+Hospital+%26+Research+Centre+Delhi+hospital&city=All
Call log:
  - navigating to "https://www.justdial.com/search?q=Kottakkal+Ayurvedic+Hospital+%26+Research+Centre+Delhi+hospital&city=All", waiting until "domcontentloaded"
 (attempt 1/3)
[2026-07-27 16:41:27] WARNING |   Nav error: Page.goto: net::ERR_HTTP2_PROTOCOL_ERROR at https://www.justdial.com/search?q=Kottakkal+Ayurvedic+Hospital+%26+Research+Centre+Delhi+hospital&city=All
Call log:
  - navigating to "https://www.justdial.com/search?q=Kottakkal+Ayurvedic+Hospital+%26+Research+Centre+Delhi+hospital&city=All", waiting until "domcontentloaded"
 (attempt 2/3)
[2026-07-27 16:41:35] WARNING |   Nav error: Page.goto: net::ERR_HTTP2_PROTOCOL_ERROR at https://www.justdial.com/search?q=Kottakkal+Ayurvedic+Hospital+%26+Research+Centre+Delhi+hospital&city=All
Call log:
  - navigating to "https://www.justdial.com/search?q=Kottakkal+Ayurvedic+Hospital+%26+Research+Centre+Delhi+hospital&city=All", waiting until "domcontentloaded"
 (attempt 3/3)
[2026-07-27 16:41:40] INFO | Phase 1 [67/1081]: Narula Medicare
[2026-07-27 16:41:50] INFO |   Scraping hexahealth.com: https://www.hexahealth.com/delhi/hospitals/cardiology/reviews
[2026-07-27 16:42:00] INFO |   hexahealth.com: 0 scraped → 0 new unique
[2026-07-27 16:42:17] WARNING |   Nav error: Page.goto: net::ERR_HTTP2_PROTOCOL_ERROR at https://www.justdial.com/search?q=Narula+Medicare+hospital&city=All
Call log:
  - navigating to "https://www.justdial.com/search?q=Narula+Medicare+hospital&city=All", waiting until "domcontentloaded"
 (attempt 1/3)
[2026-07-27 16:42:21] WARNING |   Nav error: Page.goto: net::ERR_HTTP2_PROTOCOL_ERROR at https://www.justdial.com/search?q=Narula+Medicare+hospital&city=All
Call log:
  - navigating to "https://www.justdial.com/search?q=Narula+Medicare+hospital&city=All", waiting until "domcontentloaded"
 (attempt 2/3)
[2026-07-27 16:42:29] WARNING |   Nav error: Page.goto: net::ERR_HTTP2_PROTOCOL_ERROR at https://www.justdial.com/search?q=Narula+Medicare+hospital&city=All
Call log:
  - navigating to "https://www.justdial.com/search?q=Narula+Medicare+hospital&city=All", waiting until "domcontentloaded"
 (attempt 3/3)
[2026-07-27 16:42:33] INFO | Phase 1 [68/1081]: Manglam Hospital
[2026-07-27 16:42:43] INFO |   Scraping hexahealth.com: https://www.hexahealth.com/delhi/hospitals/cardiology/reviews
[2026-07-27 16:42:52] INFO |   hexahealth.com: 0 scraped → 0 new unique
[2026-07-27 16:43:10] WARNING |   Nav error: Page.goto: net::ERR_HTTP2_PROTOCOL_ERROR at https://www.justdial.com/search?q=Manglam+Hospital+hospital&city=All
Call log:
  - navigating to "https://www.justdial.com/search?q=Manglam+Hospital+hospital&city=All", waiting until "domcontentloaded"
 (attempt 1/3)
[2026-07-27 16:43:14] WARNING |   Nav error: Page.goto: net::ERR_HTTP2_PROTOCOL_ERROR at https://www.justdial.com/search?q=Manglam+Hospital+hospital&city=All
Call log:
  - navigating to "https://www.justdial.com/search?q=Manglam+Hospital+hospital&city=All", waiting until "domcontentloaded"
 (attempt 2/3)
[2026-07-27 16:43:22] WARNING |   Nav error: Page.goto: net::ERR_HTTP2_PROTOCOL_ERROR at https://www.justdial.com/search?q=Manglam+Hospital+hospital&city=All
Call log:
  - navigating to "https://www.justdial.com/search?q=Manglam+Hospital+hospital&city=All", waiting until "domcontentloaded"
 (attempt 3/3)
[2026-07-27 16:43:27] INFO | Phase 1 [69/1081]: Pushpanjali Medical Centre
[2026-07-27 16:43:36] INFO |   Scraping hexahealth.com: https://www.hexahealth.com/delhi/hospitals/cardiology/reviews
[2026-07-27 16:43:46] INFO |   hexahealth.com: 0 scraped → 0 new unique
[2026-07-27 16:44:03] WARNING |   Nav error: Page.goto: net::ERR_HTTP2_PROTOCOL_ERROR at https://www.justdial.com/search?q=Pushpanjali+Medical+Centre+hospital&city=All
Call log:
  - navigating to "https://www.justdial.com/search?q=Pushpanjali+Medical+Centre+hospital&city=All", waiting until "domcontentloaded"
 (attempt 1/3)
[2026-07-27 16:44:07] WARNING |   Nav error: Page.goto: net::ERR_HTTP2_PROTOCOL_ERROR at https://www.justdial.com/search?q=Pushpanjali+Medical+Centre+hospital&city=All
Call log:
  - navigating to "https://www.justdial.com/search?q=Pushpanjali+Medical+Centre+hospital&city=All", waiting until "domcontentloaded"
 (attempt 2/3)
[2026-07-27 16:44:15] WARNING |   Nav error: Page.goto: net::ERR_HTTP2_PROTOCOL_ERROR at https://www.justdial.com/search?q=Pushpanjali+Medical+Centre+hospital&city=All
Call log:
  - navigating to "https://www.justdial.com/search?q=Pushpanjali+Medical+Centre+hospital&city=All", waiting until "domcontentloaded"
 (attempt 3/3)
[2026-07-27 16:44:20] INFO | Phase 1 [70/1081]: Jain Hospital
[2026-07-27 16:44:30] INFO |   Scraping hexahealth.com: https://www.hexahealth.com/delhi/hospitals/cardiology/reviews
[2026-07-27 16:44:39] INFO |   hexahealth.com: 0 scraped → 0 new unique
[2026-07-27 16:44:58] WARNING |   Nav error: Page.goto: net::ERR_HTTP2_PROTOCOL_ERROR at https://www.justdial.com/search?q=Jain+Hospital+hospital&city=All
Call log:
  - navigating to "https://www.justdial.com/search?q=Jain+Hospital+hospital&city=All", waiting until "domcontentloaded"
 (attempt 1/3)
[2026-07-27 16:45:02] WARNING |   Nav error: Page.goto: net::ERR_HTTP2_PROTOCOL_ERROR at https://www.justdial.com/search?q=Jain+Hospital+hospital&city=All
Call log:
  - navigating to "https://www.justdial.com/search?q=Jain+Hospital+hospital&city=All", waiting until "domcontentloaded"
 (attempt 2/3)
[2026-07-27 16:45:10] WARNING |   Nav error: Page.goto: net::ERR_HTTP2_PROTOCOL_ERROR at https://www.justdial.com/search?q=Jain+Hospital+hospital&city=All
Call log:
  - navigating to "https://www.justdial.com/search?q=Jain+Hospital+hospital&city=All", waiting until "domcontentloaded"
 (attempt 3/3)
[2026-07-27 16:45:15] INFO | Phase 1 [71/1081]: Cloudnine Hospital - Patparganj East Delhi
[2026-07-27 16:45:25] INFO |   Scraping hexahealth.com: https://www.hexahealth.com/delhi/hospitals/cardiology/reviews
[2026-07-27 16:45:34] INFO |   hexahealth.com: 0 scraped → 0 new unique
[2026-07-27 16:45:50] WARNING |   Nav error: Page.goto: net::ERR_HTTP2_PROTOCOL_ERROR at https://www.justdial.com/search?q=Cloudnine+Hospital+-+Patparganj+East+Delhi+hospital&city=All
Call log:
  - navigating to "https://www.justdial.com/search?q=Cloudnine+Hospital+-+Patparganj+East+Delhi+hospital&city=All", waiting until "domcontentloaded"
 (attempt 1/3)
[2026-07-27 16:45:54] WARNING |   Nav error: Page.goto: net::ERR_HTTP2_PROTOCOL_ERROR at https://www.justdial.com/search?q=Cloudnine+Hospital+-+Patparganj+East+Delhi+hospital&city=All
Call log:
  - navigating to "https://www.justdial.com/search?q=Cloudnine+Hospital+-+Patparganj+East+Delhi+hospital&city=All", waiting until "domcontentloaded"
 (attempt 2/3)
[2026-07-27 16:46:02] WARNING |   Nav error: Page.goto: net::ERR_HTTP2_PROTOCOL_ERROR at https://www.justdial.com/search?q=Cloudnine+Hospital+-+Patparganj+East+Delhi+hospital&city=All
Call log:
  - navigating to "https://www.justdial.com/search?q=Cloudnine+Hospital+-+Patparganj+East+Delhi+hospital&city=All", waiting until "domcontentloaded"
 (attempt 3/3)
[2026-07-27 16:46:07] INFO | Phase 1 [72/1081]: Kailash Deepak Hospital
[2026-07-27 16:46:17] INFO |   Scraping hexahealth.com: https://www.hexahealth.com/delhi/hospitals/cardiology/reviews
[2026-07-27 16:46:27] INFO |   hexahealth.com: 0 scraped → 0 new unique
[2026-07-27 16:46:46] WARNING |   Nav error: Page.goto: net::ERR_HTTP2_PROTOCOL_ERROR at https://www.justdial.com/search?q=Kailash+Deepak+Hospital+hospital&city=All
Call log:
  - navigating to "https://www.justdial.com/search?q=Kailash+Deepak+Hospital+hospital&city=All", waiting until "domcontentloaded"
 (attempt 1/3)
[2026-07-27 16:46:50] WARNING |   Nav error: Page.goto: net::ERR_HTTP2_PROTOCOL_ERROR at https://www.justdial.com/search?q=Kailash+Deepak+Hospital+hospital&city=All
Call log:
  - navigating to "https://www.justdial.com/search?q=Kailash+Deepak+Hospital+hospital&city=All", waiting until "domcontentloaded"
 (attempt 2/3)
[2026-07-27 16:46:58] WARNING |   Nav error: Page.goto: net::ERR_HTTP2_PROTOCOL_ERROR at https://www.justdial.com/search?q=Kailash+Deepak+Hospital+hospital&city=All
Call log:
  - navigating to "https://www.justdial.com/search?q=Kailash+Deepak+Hospital+hospital&city=All", waiting until "domcontentloaded"
 (attempt 3/3)
[2026-07-27 16:47:03] INFO | Phase 1 [73/1081]: Central Govt Health Scheme - DIspensary
[2026-07-27 16:47:13] INFO |   Scraping hexahealth.com: https://www.hexahealth.com/delhi/hospitals/cardiology/reviews
[2026-07-27 16:47:23] INFO |   hexahealth.com: 0 scraped → 0 new unique
[2026-07-27 16:47:40] WARNING |   Nav error: Page.goto: net::ERR_HTTP2_PROTOCOL_ERROR at https://www.justdial.com/search?q=Central+Govt+Health+Scheme+-+DIspensary+hospital&city=All
Call log:
  - navigating to "https://www.justdial.com/search?q=Central+Govt+Health+Scheme+-+DIspensary+hospital&city=All", waiting until "domcontentloaded"
 (attempt 1/3)
[2026-07-27 16:47:45] WARNING |   Nav error: Page.goto: net::ERR_HTTP2_PROTOCOL_ERROR at https://www.justdial.com/search?q=Central+Govt+Health+Scheme+-+DIspensary+hospital&city=All
Call log:
  - navigating to "https://www.justdial.com/search?q=Central+Govt+Health+Scheme+-+DIspensary+hospital&city=All", waiting until "domcontentloaded"
 (attempt 2/3)
[2026-07-27 16:47:53] WARNING |   Nav error: Page.goto: net::ERR_HTTP2_PROTOCOL_ERROR at https://www.justdial.com/search?q=Central+Govt+Health+Scheme+-+DIspensary+hospital&city=All
Call log:
  - navigating to "https://www.justdial.com/search?q=Central+Govt+Health+Scheme+-+DIspensary+hospital&city=All", waiting until "domcontentloaded"
 (attempt 3/3)
[2026-07-27 16:47:58] INFO | Phase 1 [74/1081]: Chauhan Charitable Trust Clinic
[2026-07-27 16:48:08] INFO |   Scraping hexahealth.com: https://www.hexahealth.com/delhi/hospitals/cardiology/reviews
[2026-07-27 16:48:18] INFO |   hexahealth.com: 0 scraped → 0 new unique
[2026-07-27 16:48:37] WARNING |   Nav error: Page.goto: net::ERR_HTTP2_PROTOCOL_ERROR at https://www.justdial.com/search?q=Chauhan+Charitable+Trust+Clinic+hospital&city=All
Call log:
  - navigating to "https://www.justdial.com/search?q=Chauhan+Charitable+Trust+Clinic+hospital&city=All", waiting until "domcontentloaded"
 (attempt 1/3)
[2026-07-27 16:48:41] WARNING |   Nav error: Page.goto: net::ERR_HTTP2_PROTOCOL_ERROR at https://www.justdial.com/search?q=Chauhan+Charitable+Trust+Clinic+hospital&city=All
Call log:
  - navigating to "https://www.justdial.com/search?q=Chauhan+Charitable+Trust+Clinic+hospital&city=All", waiting until "domcontentloaded"
 (attempt 2/3)
[2026-07-27 16:48:49] WARNING |   Nav error: Page.goto: net::ERR_HTTP2_PROTOCOL_ERROR at https://www.justdial.com/search?q=Chauhan+Charitable+Trust+Clinic+hospital&city=All
Call log:
  - navigating to "https://www.justdial.com/search?q=Chauhan+Charitable+Trust+Clinic+hospital&city=All", waiting until "domcontentloaded"
 (attempt 3/3)
[2026-07-27 16:48:52] INFO | Phase 1 [75/1081]: DGD SHASHI GARDEN
[2026-07-27 16:49:02] INFO |   Scraping hexahealth.com: https://www.hexahealth.com/delhi/hospitals/cardiology/reviews
[2026-07-27 16:49:12] INFO |   hexahealth.com: 0 scraped → 0 new unique
[2026-07-27 16:49:30] WARNING |   Nav error: Page.goto: net::ERR_HTTP2_PROTOCOL_ERROR at https://www.justdial.com/search?q=DGD+SHASHI+GARDEN+hospital&city=All
Call log:
  - navigating to "https://www.justdial.com/search?q=DGD+SHASHI+GARDEN+hospital&city=All", waiting until "domcontentloaded"
 (attempt 1/3)
[2026-07-27 16:49:34] WARNING |   Nav error: Page.goto: net::ERR_HTTP2_PROTOCOL_ERROR at https://www.justdial.com/search?q=DGD+SHASHI+GARDEN+hospital&city=All
Call log:
  - navigating to "https://www.justdial.com/search?q=DGD+SHASHI+GARDEN+hospital&city=All", waiting until "domcontentloaded"
 (attempt 2/3)
[2026-07-27 16:49:42] WARNING |   Nav error: Page.goto: net::ERR_HTTP2_PROTOCOL_ERROR at https://www.justdial.com/search?q=DGD+SHASHI+GARDEN+hospital&city=All
Call log:
  - navigating to "https://www.justdial.com/search?q=DGD+SHASHI+GARDEN+hospital&city=All", waiting until "domcontentloaded"
 (attempt 3/3)
[2026-07-27 16:49:46] INFO | Phase 1 [76/1081]: Hospital
[2026-07-27 16:49:56] INFO |   Scraping hexahealth.com: https://www.hexahealth.com/delhi/hospitals/cardiology/reviews
[2026-07-27 16:50:06] INFO |   hexahealth.com: 0 scraped → 0 new unique
[2026-07-27 16:50:23] WARNING |   Nav error: Page.goto: net::ERR_HTTP2_PROTOCOL_ERROR at https://www.justdial.com/search?q=Hospital+hospital&city=All
Call log:
  - navigating to "https://www.justdial.com/search?q=Hospital+hospital&city=All", waiting until "domcontentloaded"
 (attempt 1/3)
[2026-07-27 16:50:27] WARNING |   Nav error: Page.goto: net::ERR_HTTP2_PROTOCOL_ERROR at https://www.justdial.com/search?q=Hospital+hospital&city=All
Call log:
  - navigating to "https://www.justdial.com/search?q=Hospital+hospital&city=All", waiting until "domcontentloaded"
 (attempt 2/3)
[2026-07-27 16:50:35] WARNING |   Nav error: Page.goto: net::ERR_HTTP2_PROTOCOL_ERROR at https://www.justdial.com/search?q=Hospital+hospital&city=All
Call log:
  - navigating to "https://www.justdial.com/search?q=Hospital+hospital&city=All", waiting until "domcontentloaded"
 (attempt 3/3)
[2026-07-27 16:50:41] INFO | Phase 1 [77/1081]: Sondhi Hospital
[2026-07-27 16:50:51] INFO |   Scraping hexahealth.com: https://www.hexahealth.com/delhi/hospitals/cardiology/reviews
[2026-07-27 16:51:00] INFO |   hexahealth.com: 0 scraped → 0 new unique
[2026-07-27 16:51:17] WARNING |   Nav error: Page.goto: net::ERR_HTTP2_PROTOCOL_ERROR at https://www.justdial.com/search?q=Sondhi+Hospital+hospital&city=All
Call log:
  - navigating to "https://www.justdial.com/search?q=Sondhi+Hospital+hospital&city=All", waiting until "domcontentloaded"
 (attempt 1/3)
[2026-07-27 16:51:22] WARNING |   Nav error: Page.goto: net::ERR_HTTP2_PROTOCOL_ERROR at https://www.justdial.com/search?q=Sondhi+Hospital+hospital&city=All
Call log:
  - navigating to "https://www.justdial.com/search?q=Sondhi+Hospital+hospital&city=All", waiting until "domcontentloaded"
 (attempt 2/3)
[2026-07-27 16:51:30] WARNING |   Nav error: Page.goto: net::ERR_HTTP2_PROTOCOL_ERROR at https://www.justdial.com/search?q=Sondhi+Hospital+hospital&city=All
Call log:
  - navigating to "https://www.justdial.com/search?q=Sondhi+Hospital+hospital&city=All", waiting until "domcontentloaded"
 (attempt 3/3)
[2026-07-27 16:51:33] INFO | Phase 1 [78/1081]: Mairaj Hospital
[2026-07-27 16:51:43] INFO |   Scraping hexahealth.com: https://www.hexahealth.com/delhi/hospitals/cardiology/reviews
[2026-07-27 16:51:53] INFO |   hexahealth.com: 0 scraped → 0 new unique
[2026-07-27 16:52:11] WARNING |   Nav error: Page.goto: net::ERR_HTTP2_PROTOCOL_ERROR at https://www.justdial.com/search?q=Mairaj+Hospital+hospital&city=All
Call log:
  - navigating to "https://www.justdial.com/search?q=Mairaj+Hospital+hospital&city=All", waiting until "domcontentloaded"
 (attempt 1/3)
[2026-07-27 16:52:15] WARNING |   Nav error: Page.goto: net::ERR_HTTP2_PROTOCOL_ERROR at https://www.justdial.com/search?q=Mairaj+Hospital+hospital&city=All
Call log:
  - navigating to "https://www.justdial.com/search?q=Mairaj+Hospital+hospital&city=All", waiting until "domcontentloaded"
 (attempt 2/3)
[2026-07-27 16:52:23] WARNING |   Nav error: Page.goto: net::ERR_HTTP2_PROTOCOL_ERROR at https://www.justdial.com/search?q=Mairaj+Hospital+hospital&city=All
Call log:
  - navigating to "https://www.justdial.com/search?q=Mairaj+Hospital+hospital&city=All", waiting until "domcontentloaded"
 (attempt 3/3)
[2026-07-27 16:52:26] INFO | Phase 1 [79/1081]: Sree Krishna Medical & Research Centre
[2026-07-27 16:52:36] INFO |   Scraping hexahealth.com: https://www.hexahealth.com/delhi/hospitals/cardiology/reviews
[2026-07-27 16:52:45] INFO |   hexahealth.com: 0 scraped → 0 new unique
[2026-07-27 16:53:05] WARNING |   Nav error: Page.goto: net::ERR_HTTP2_PROTOCOL_ERROR at https://www.justdial.com/search?q=Sree+Krishna+Medical+%26+Research+Centre+hospital&city=All
Call log:
  - navigating to "https://www.justdial.com/search?q=Sree+Krishna+Medical+%26+Research+Centre+hospital&city=All", waiting until "domcontentloaded"
 (attempt 1/3)
[2026-07-27 16:53:09] WARNING |   Nav error: Page.goto: net::ERR_HTTP2_PROTOCOL_ERROR at https://www.justdial.com/search?q=Sree+Krishna+Medical+%26+Research+Centre+hospital&city=All
Call log:
  - navigating to "https://www.justdial.com/search?q=Sree+Krishna+Medical+%26+Research+Centre+hospital&city=All", waiting until "domcontentloaded"
 (attempt 2/3)
[2026-07-27 16:53:17] WARNING |   Nav error: Page.goto: net::ERR_HTTP2_PROTOCOL_ERROR at https://www.justdial.com/search?q=Sree+Krishna+Medical+%26+Research+Centre+hospital&city=All
Call log:
  - navigating to "https://www.justdial.com/search?q=Sree+Krishna+Medical+%26+Research+Centre+hospital&city=All", waiting until "domcontentloaded"
 (attempt 3/3)
[2026-07-27 16:53:20] INFO | Phase 1 [80/1081]: Lal Bahadur Shastri Hospital
[2026-07-27 16:53:30] INFO |   Scraping hexahealth.com: https://www.hexahealth.com/delhi/hospitals/cardiology/reviews
[2026-07-27 16:53:40] INFO |   hexahealth.com: 0 scraped → 0 new unique
[2026-07-27 16:53:59] WARNING |   Nav error: Page.goto: net::ERR_HTTP2_PROTOCOL_ERROR at https://www.justdial.com/search?q=Lal+Bahadur+Shastri+Hospital+hospital&city=All
Call log:
  - navigating to "https://www.justdial.com/search?q=Lal+Bahadur+Shastri+Hospital+hospital&city=All", waiting until "domcontentloaded"
 (attempt 1/3)
[2026-07-27 16:54:03] WARNING |   Nav error: Page.goto: net::ERR_HTTP2_PROTOCOL_ERROR at https://www.justdial.com/search?q=Lal+Bahadur+Shastri+Hospital+hospital&city=All
Call log:
  - navigating to "https://www.justdial.com/search?q=Lal+Bahadur+Shastri+Hospital+hospital&city=All", waiting until "domcontentloaded"
 (attempt 2/3)
[2026-07-27 16:54:11] WARNING |   Nav error: Page.goto: net::ERR_HTTP2_PROTOCOL_ERROR at https://www.justdial.com/search?q=Lal+Bahadur+Shastri+Hospital+hospital&city=All
Call log:
  - navigating to "https://www.justdial.com/search?q=Lal+Bahadur+Shastri+Hospital+hospital&city=All", waiting until "domcontentloaded"
 (attempt 3/3)
[2026-07-27 16:54:16] INFO | Phase 1 [81/1081]: Jeevan Anmol Hospital
[2026-07-27 16:54:26] INFO |   Scraping hexahealth.com: https://www.hexahealth.com/delhi/hospitals/cardiology/reviews
[2026-07-27 16:54:36] INFO |   hexahealth.com: 0 scraped → 0 new unique
[2026-07-27 16:54:56] WARNING |   Nav error: Page.goto: net::ERR_HTTP2_PROTOCOL_ERROR at https://www.justdial.com/search?q=Jeevan+Anmol+Hospital+hospital&city=All
Call log:
  - navigating to "https://www.justdial.com/search?q=Jeevan+Anmol+Hospital+hospital&city=All", waiting until "domcontentloaded"
 (attempt 1/3)
[2026-07-27 16:55:00] WARNING |   Nav error: Page.goto: net::ERR_HTTP2_PROTOCOL_ERROR at https://www.justdial.com/search?q=Jeevan+Anmol+Hospital+hospital&city=All
Call log:
  - navigating to "https://www.justdial.com/search?q=Jeevan+Anmol+Hospital+hospital&city=All", waiting until "domcontentloaded"
 (attempt 2/3)
[2026-07-27 16:55:08] WARNING |   Nav error: Page.goto: net::ERR_HTTP2_PROTOCOL_ERROR at https://www.justdial.com/search?q=Jeevan+Anmol+Hospital+hospital&city=All
Call log:
  - navigating to "https://www.justdial.com/search?q=Jeevan+Anmol+Hospital+hospital&city=All", waiting until "domcontentloaded"
 (attempt 3/3)
[2026-07-27 16:55:14] INFO | Phase 1 [82/1081]: Ayu Health Hospitals
[2026-07-27 16:55:24] INFO |   Scraping hexahealth.com: https://www.hexahealth.com/delhi/hospitals/cardiology/reviews
[2026-07-27 16:55:33] INFO |   hexahealth.com: 0 scraped → 0 new unique
[2026-07-27 16:55:49] WARNING |   Nav error: Page.goto: net::ERR_HTTP2_PROTOCOL_ERROR at https://www.justdial.com/search?q=Ayu+Health+Hospitals+hospital&city=All
Call log:
  - navigating to "https://www.justdial.com/search?q=Ayu+Health+Hospitals+hospital&city=All", waiting until "domcontentloaded"
 (attempt 1/3)
[2026-07-27 16:55:53] WARNING |   Nav error: Page.goto: net::ERR_HTTP2_PROTOCOL_ERROR at https://www.justdial.com/search?q=Ayu+Health+Hospitals+hospital&city=All
Call log:
  - navigating to "https://www.justdial.com/search?q=Ayu+Health+Hospitals+hospital&city=All", waiting until "domcontentloaded"
 (attempt 2/3)
[2026-07-27 16:56:01] WARNING |   Nav error: Page.goto: net::ERR_HTTP2_PROTOCOL_ERROR at https://www.justdial.com/search?q=Ayu+Health+Hospitals+hospital&city=All
Call log:
  - navigating to "https://www.justdial.com/search?q=Ayu+Health+Hospitals+hospital&city=All", waiting until "domcontentloaded"
 (attempt 3/3)
[2026-07-27 16:56:07] INFO | Phase 1 [83/1081]: Kukreja Hospital
[2026-07-27 16:56:17] INFO |   Scraping hexahealth.com: https://www.hexahealth.com/delhi/hospitals/cardiology/reviews
[2026-07-27 16:56:26] INFO |   hexahealth.com: 0 scraped → 0 new unique
[2026-07-27 16:56:42] WARNING |   Nav error: Page.goto: net::ERR_HTTP2_PROTOCOL_ERROR at https://www.justdial.com/search?q=Kukreja+Hospital+hospital&city=All
Call log:
  - navigating to "https://www.justdial.com/search?q=Kukreja+Hospital+hospital&city=All", waiting until "domcontentloaded"
 (attempt 1/3)
[2026-07-27 16:56:46] WARNING |   Nav error: Page.goto: net::ERR_HTTP2_PROTOCOL_ERROR at https://www.justdial.com/search?q=Kukreja+Hospital+hospital&city=All
Call log:
  - navigating to "https://www.justdial.com/search?q=Kukreja+Hospital+hospital&city=All", waiting until "domcontentloaded"
 (attempt 2/3)
[2026-07-27 16:56:55] WARNING |   Nav error: Page.goto: net::ERR_HTTP2_PROTOCOL_ERROR at https://www.justdial.com/search?q=Kukreja+Hospital+hospital&city=All
Call log:
  - navigating to "https://www.justdial.com/search?q=Kukreja+Hospital+hospital&city=All", waiting until "domcontentloaded"
 (attempt 3/3)
[2026-07-27 16:56:59] INFO | Phase 1 [84/1081]: Jackson Hospital New at B3/7 | Best Hospital in Rohini
[2026-07-27 16:57:09] INFO |   Scraping hexahealth.com: https://www.hexahealth.com/delhi/hospitals/cardiology/reviews
[2026-07-27 16:57:19] INFO |   hexahealth.com: 0 scraped → 0 new unique
[2026-07-27 16:57:37] WARNING |   Nav error: Page.goto: net::ERR_HTTP2_PROTOCOL_ERROR at https://www.justdial.com/search?q=Jackson+Hospital+New+at+B3%2F7+%7C+Best+Hospital+in+Rohini+hospital&city=All
Call log:
  - navigating to "https://www.justdial.com/search?q=Jackson+Hospital+New+at+B3%2F7+%7C+Best+Hospital+in+Rohini+hospital&city=All", waiting until "domcontentloaded"
 (attempt 1/3)
[2026-07-27 16:57:41] WARNING |   Nav error: Page.goto: net::ERR_HTTP2_PROTOCOL_ERROR at https://www.justdial.com/search?q=Jackson+Hospital+New+at+B3%2F7+%7C+Best+Hospital+in+Rohini+hospital&city=All
Call log:
  - navigating to "https://www.justdial.com/search?q=Jackson+Hospital+New+at+B3%2F7+%7C+Best+Hospital+in+Rohini+hospital&city=All", waiting until "domcontentloaded"
 (attempt 2/3)
[2026-07-27 16:57:49] WARNING |   Nav error: Page.goto: net::ERR_HTTP2_PROTOCOL_ERROR at https://www.justdial.com/search?q=Jackson+Hospital+New+at+B3%2F7+%7C+Best+Hospital+in+Rohini+hospital&city=All
Call log:
  - navigating to "https://www.justdial.com/search?q=Jackson+Hospital+New+at+B3%2F7+%7C+Best+Hospital+in+Rohini+hospital&city=All", waiting until "domcontentloaded"
 (attempt 3/3)
[2026-07-27 16:57:52] INFO | Phase 1 [85/1081]: Shivam Hospital
[2026-07-27 16:58:02] INFO |   Scraping hexahealth.com: https://www.hexahealth.com/delhi/hospitals/cardiology/reviews
[2026-07-27 16:58:12] INFO |   hexahealth.com: 0 scraped → 0 new unique
[2026-07-27 16:58:27] WARNING |   Nav error: Page.goto: net::ERR_HTTP2_PROTOCOL_ERROR at https://www.justdial.com/search?q=Shivam+Hospital+hospital&city=All
Call log:
  - navigating to "https://www.justdial.com/search?q=Shivam+Hospital+hospital&city=All", waiting until "domcontentloaded"
 (attempt 1/3)
[2026-07-27 16:58:31] WARNING |   Nav error: Page.goto: net::ERR_HTTP2_PROTOCOL_ERROR at https://www.justdial.com/search?q=Shivam+Hospital+hospital&city=All
Call log:
  - navigating to "https://www.justdial.com/search?q=Shivam+Hospital+hospital&city=All", waiting until "domcontentloaded"
 (attempt 2/3)
[2026-07-27 16:58:39] WARNING |   Nav error: Page.goto: net::ERR_HTTP2_PROTOCOL_ERROR at https://www.justdial.com/search?q=Shivam+Hospital+hospital&city=All
Call log:
  - navigating to "https://www.justdial.com/search?q=Shivam+Hospital+hospital&city=All", waiting until "domcontentloaded"
 (attempt 3/3)
[2026-07-27 16:58:45] INFO | Phase 1 [86/1081]: Jain Multispeciality Hospital I Advanced Laparoscopy & Surgery Center North Delhi I Urology I Gallbladder Hernia
[2026-07-27 16:58:55] INFO |   Scraping hexahealth.com: https://www.hexahealth.com/delhi/hospitals/cardiology/reviews
[2026-07-27 16:59:05] INFO |   hexahealth.com: 0 scraped → 0 new unique
[2026-07-27 16:59:23] WARNING |   Nav error: Page.goto: net::ERR_HTTP2_PROTOCOL_ERROR at https://www.justdial.com/search?q=Jain+Multispeciality+Hospital+I+Advanced+Laparoscopy+%26+Surgery+Center+North+Delhi+I+Urology+I+Gallbladder+Hernia+hospital&city=All
Call log:
  - navigating to "https://www.justdial.com/search?q=Jain+Multispeciality+Hospital+I+Advanced+Laparoscopy+%26+Surgery+Center+North+Delhi+I+Urology+I+Gallbladder+Hernia+hospital&city=All", waiting until "domcontentloaded"
 (attempt 1/3)
[2026-07-27 16:59:28] WARNING |   Nav error: Page.goto: net::ERR_HTTP2_PROTOCOL_ERROR at https://www.justdial.com/search?q=Jain+Multispeciality+Hospital+I+Advanced+Laparoscopy+%26+Surgery+Center+North+Delhi+I+Urology+I+Gallbladder+Hernia+hospital&city=All
Call log:
  - navigating to "https://www.justdial.com/search?q=Jain+Multispeciality+Hospital+I+Advanced+Laparoscopy+%26+Surgery+Center+North+Delhi+I+Urology+I+Gallbladder+Hernia+hospital&city=All", waiting until "domcontentloaded"
 (attempt 2/3)
[2026-07-27 16:59:36] WARNING |   Nav error: Page.goto: net::ERR_HTTP2_PROTOCOL_ERROR at https://www.justdial.com/search?q=Jain+Multispeciality+Hospital+I+Advanced+Laparoscopy+%26+Surgery+Center+North+Delhi+I+Urology+I+Gallbladder+Hernia+hospital&city=All
Call log:
  - navigating to "https://www.justdial.com/search?q=Jain+Multispeciality+Hospital+I+Advanced+Laparoscopy+%26+Surgery+Center+North+Delhi+I+Urology+I+Gallbladder+Hernia+hospital&city=All", waiting until "domcontentloaded"
 (attempt 3/3)
[2026-07-27 16:59:39] INFO | Phase 1 [87/1081]: Dr. I.J. Kalra
[2026-07-27 16:59:49] INFO |   Scraping hexahealth.com: https://www.hexahealth.com/delhi/hospitals/cardiology/reviews
[2026-07-27 16:59:58] INFO |   hexahealth.com: 0 scraped → 0 new unique
[2026-07-27 17:00:16] WARNING |   Nav error: Page.goto: net::ERR_HTTP2_PROTOCOL_ERROR at https://www.justdial.com/search?q=Dr.+I.J.+Kalra+hospital&city=All
Call log:
  - navigating to "https://www.justdial.com/search?q=Dr.+I.J.+Kalra+hospital&city=All", waiting until "domcontentloaded"
 (attempt 1/3)
[2026-07-27 17:00:20] WARNING |   Nav error: Page.goto: net::ERR_HTTP2_PROTOCOL_ERROR at https://www.justdial.com/search?q=Dr.+I.J.+Kalra+hospital&city=All
Call log:
  - navigating to "https://www.justdial.com/search?q=Dr.+I.J.+Kalra+hospital&city=All", waiting until "domcontentloaded"
 (attempt 2/3)
[2026-07-27 17:00:28] WARNING |   Nav error: Page.goto: net::ERR_HTTP2_PROTOCOL_ERROR at https://www.justdial.com/search?q=Dr.+I.J.+Kalra+hospital&city=All
Call log:
  - navigating to "https://www.justdial.com/search?q=Dr.+I.J.+Kalra+hospital&city=All", waiting until "domcontentloaded"
 (attempt 3/3)
[2026-07-27 17:00:33] INFO | Phase 1 [88/1081]: Aarna Eye Care Centre (EYE SURGERY & LASERS.CATARACT LASIK SQUINT OCCULOPLASTY SURGERY.)
[2026-07-27 17:00:43] INFO |   Scraping hexahealth.com: https://www.hexahealth.com/delhi/hospitals/cardiology/reviews
[2026-07-27 17:00:52] INFO |   hexahealth.com: 0 scraped → 0 new unique
[2026-07-27 17:01:10] WARNING |   Nav error: Page.goto: net::ERR_HTTP2_PROTOCOL_ERROR at https://www.justdial.com/search?q=Aarna+Eye+Care+Centre+%28EYE+SURGERY+%26+LASERS.CATARACT+LASIK+SQUINT+OCCULOPLASTY+SURGERY.%29+hospital&city=All
Call log:
  - navigating to "https://www.justdial.com/search?q=Aarna+Eye+Care+Centre+%28EYE+SURGERY+%26+LASERS.CATARACT+LASIK+SQUINT+OCCULOPLASTY+SURGERY.%29+hospital&city=All", waiting until "domcontentloaded"
 (attempt 1/3)
[2026-07-27 17:01:14] WARNING |   Nav error: Page.goto: net::ERR_HTTP2_PROTOCOL_ERROR at https://www.justdial.com/search?q=Aarna+Eye+Care+Centre+%28EYE+SURGERY+%26+LASERS.CATARACT+LASIK+SQUINT+OCCULOPLASTY+SURGERY.%29+hospital&city=All
Call log:
  - navigating to "https://www.justdial.com/search?q=Aarna+Eye+Care+Centre+%28EYE+SURGERY+%26+LASERS.CATARACT+LASIK+SQUINT+OCCULOPLASTY+SURGERY.%29+hospital&city=All", waiting until "domcontentloaded"
 (attempt 2/3)
[2026-07-27 17:01:22] WARNING |   Nav error: Page.goto: net::ERR_HTTP2_PROTOCOL_ERROR at https://www.justdial.com/search?q=Aarna+Eye+Care+Centre+%28EYE+SURGERY+%26+LASERS.CATARACT+LASIK+SQUINT+OCCULOPLASTY+SURGERY.%29+hospital&city=All
Call log:
  - navigating to "https://www.justdial.com/search?q=Aarna+Eye+Care+Centre+%28EYE+SURGERY+%26+LASERS.CATARACT+LASIK+SQUINT+OCCULOPLASTY+SURGERY.%29+hospital&city=All", waiting until "domcontentloaded"
 (attempt 3/3)
[2026-07-27 17:01:27] INFO | Phase 1 [89/1081]: Satyabhama Hospital Private Limited
[2026-07-27 17:01:37] INFO |   Scraping hexahealth.com: https://www.hexahealth.com/delhi/hospitals/cardiology/reviews
[2026-07-27 17:01:47] INFO |   hexahealth.com: 0 scraped → 0 new unique
[2026-07-27 17:02:04] WARNING |   Nav error: Page.goto: net::ERR_HTTP2_PROTOCOL_ERROR at https://www.justdial.com/search?q=Satyabhama+Hospital+Private+Limited+hospital&city=All
Call log:
  - navigating to "https://www.justdial.com/search?q=Satyabhama+Hospital+Private+Limited+hospital&city=All", waiting until "domcontentloaded"
 (attempt 1/3)
[2026-07-27 17:02:08] WARNING |   Nav error: Page.goto: net::ERR_HTTP2_PROTOCOL_ERROR at https://www.justdial.com/search?q=Satyabhama+Hospital+Private+Limited+hospital&city=All
Call log:
  - navigating to "https://www.justdial.com/search?q=Satyabhama+Hospital+Private+Limited+hospital&city=All", waiting until "domcontentloaded"
 (attempt 2/3)
[2026-07-27 17:02:16] WARNING |   Nav error: Page.goto: net::ERR_HTTP2_PROTOCOL_ERROR at https://www.justdial.com/search?q=Satyabhama+Hospital+Private+Limited+hospital&city=All
Call log:
  - navigating to "https://www.justdial.com/search?q=Satyabhama+Hospital+Private+Limited+hospital&city=All", waiting until "domcontentloaded"
 (attempt 3/3)
[2026-07-27 17:02:21] INFO | Phase 1 [90/1081]: Jeevandan Hospital
[2026-07-27 17:02:31] INFO |   Scraping hexahealth.com: https://www.hexahealth.com/delhi/hospitals/cardiology/reviews
[2026-07-27 17:02:40] INFO |   hexahealth.com: 0 scraped → 0 new unique
[2026-07-27 17:02:58] WARNING |   Nav error: Page.goto: net::ERR_HTTP2_PROTOCOL_ERROR at https://www.justdial.com/search?q=Jeevandan+Hospital+hospital&city=All
Call log:
  - navigating to "https://www.justdial.com/search?q=Jeevandan+Hospital+hospital&city=All", waiting until "domcontentloaded"
 (attempt 1/3)
[2026-07-27 17:03:02] WARNING |   Nav error: Page.goto: net::ERR_HTTP2_PROTOCOL_ERROR at https://www.justdial.com/search?q=Jeevandan+Hospital+hospital&city=All
Call log:
  - navigating to "https://www.justdial.com/search?q=Jeevandan+Hospital+hospital&city=All", waiting until "domcontentloaded"
 (attempt 2/3)
[2026-07-27 17:03:10] WARNING |   Nav error: Page.goto: net::ERR_HTTP2_PROTOCOL_ERROR at https://www.justdial.com/search?q=Jeevandan+Hospital+hospital&city=All
Call log:
  - navigating to "https://www.justdial.com/search?q=Jeevandan+Hospital+hospital&city=All", waiting until "domcontentloaded"
 (attempt 3/3)
[2026-07-27 17:03:14] INFO | Phase 1 [91/1081]: Namokar Nursing Home
[2026-07-27 17:03:24] INFO |   Scraping hexahealth.com: https://www.hexahealth.com/delhi/hospitals/cardiology/reviews
[2026-07-27 17:03:33] INFO |   hexahealth.com: 0 scraped → 0 new unique
[2026-07-27 17:03:50] WARNING |   Nav error: Page.goto: net::ERR_HTTP2_PROTOCOL_ERROR at https://www.justdial.com/search?q=Namokar+Nursing+Home+hospital&city=All
Call log:
  - navigating to "https://www.justdial.com/search?q=Namokar+Nursing+Home+hospital&city=All", waiting until "domcontentloaded"
 (attempt 1/3)
[2026-07-27 17:03:54] WARNING |   Nav error: Page.goto: net::ERR_HTTP2_PROTOCOL_ERROR at https://www.justdial.com/search?q=Namokar+Nursing+Home+hospital&city=All
Call log:
  - navigating to "https://www.justdial.com/search?q=Namokar+Nursing+Home+hospital&city=All", waiting until "domcontentloaded"
 (attempt 2/3)
[2026-07-27 17:04:02] WARNING |   Nav error: Page.goto: net::ERR_HTTP2_PROTOCOL_ERROR at https://www.justdial.com/search?q=Namokar+Nursing+Home+hospital&city=All
Call log:
  - navigating to "https://www.justdial.com/search?q=Namokar+Nursing+Home+hospital&city=All", waiting until "domcontentloaded"
 (attempt 3/3)
[2026-07-27 17:04:06] INFO | Phase 1 [92/1081]: Vikas Hospital Pvt Ltd
[2026-07-27 17:04:16] INFO |   Scraping hexahealth.com: https://www.hexahealth.com/delhi/hospitals/cardiology/reviews
[2026-07-27 17:04:26] INFO |   hexahealth.com: 0 scraped → 0 new unique
[2026-07-27 17:04:43] WARNING |   Nav error: Page.goto: net::ERR_HTTP2_PROTOCOL_ERROR at https://www.justdial.com/search?q=Vikas+Hospital+Pvt+Ltd+hospital&city=All
Call log:
  - navigating to "https://www.justdial.com/search?q=Vikas+Hospital+Pvt+Ltd+hospital&city=All", waiting until "domcontentloaded"
 (attempt 1/3)
[2026-07-27 17:04:47] WARNING |   Nav error: Page.goto: net::ERR_HTTP2_PROTOCOL_ERROR at https://www.justdial.com/search?q=Vikas+Hospital+Pvt+Ltd+hospital&city=All
Call log:
  - navigating to "https://www.justdial.com/search?q=Vikas+Hospital+Pvt+Ltd+hospital&city=All", waiting until "domcontentloaded"
 (attempt 2/3)
[2026-07-27 17:04:55] WARNING |   Nav error: Page.goto: net::ERR_HTTP2_PROTOCOL_ERROR at https://www.justdial.com/search?q=Vikas+Hospital+Pvt+Ltd+hospital&city=All
Call log:
  - navigating to "https://www.justdial.com/search?q=Vikas+Hospital+Pvt+Ltd+hospital&city=All", waiting until "domcontentloaded"
 (attempt 3/3)
[2026-07-27 17:04:59] INFO | Phase 1 [93/1081]: KESAR HOSPITAL
[2026-07-27 17:05:09] INFO |   Scraping hexahealth.com: https://www.hexahealth.com/delhi/hospitals/cardiology/reviews
[2026-07-27 17:05:18] INFO |   hexahealth.com: 0 scraped → 0 new unique
[2026-07-27 17:05:34] WARNING |   Nav error: Page.goto: net::ERR_HTTP2_PROTOCOL_ERROR at https://www.justdial.com/search?q=KESAR+HOSPITAL+hospital&city=All
Call log:
  - navigating to "https://www.justdial.com/search?q=KESAR+HOSPITAL+hospital&city=All", waiting until "domcontentloaded"
 (attempt 1/3)
[2026-07-27 17:05:39] WARNING |   Nav error: Page.goto: net::ERR_HTTP2_PROTOCOL_ERROR at https://www.justdial.com/search?q=KESAR+HOSPITAL+hospital&city=All
Call log:
  - navigating to "https://www.justdial.com/search?q=KESAR+HOSPITAL+hospital&city=All", waiting until "domcontentloaded"
 (attempt 2/3)
[2026-07-27 17:05:47] WARNING |   Nav error: Page.goto: net::ERR_HTTP2_PROTOCOL_ERROR at https://www.justdial.com/search?q=KESAR+HOSPITAL+hospital&city=All
Call log:
  - navigating to "https://www.justdial.com/search?q=KESAR+HOSPITAL+hospital&city=All", waiting until "domcontentloaded"
 (attempt 3/3)
[2026-07-27 17:05:51] INFO | Phase 1 [94/1081]: Jackson Hospital
[2026-07-27 17:06:01] INFO |   Scraping hexahealth.com: https://www.hexahealth.com/delhi/hospitals/cardiology/reviews
[2026-07-27 17:06:10] INFO |   hexahealth.com: 0 scraped → 0 new unique
[2026-07-27 17:06:30] WARNING |   Nav error: Page.goto: net::ERR_HTTP2_PROTOCOL_ERROR at https://www.justdial.com/search?q=Jackson+Hospital+hospital&city=All
Call log:
  - navigating to "https://www.justdial.com/search?q=Jackson+Hospital+hospital&city=All", waiting until "domcontentloaded"
 (attempt 1/3)
[2026-07-27 17:06:34] WARNING |   Nav error: Page.goto: net::ERR_HTTP2_PROTOCOL_ERROR at https://www.justdial.com/search?q=Jackson+Hospital+hospital&city=All
Call log:
  - navigating to "https://www.justdial.com/search?q=Jackson+Hospital+hospital&city=All", waiting until "domcontentloaded"
 (attempt 2/3)
[2026-07-27 17:06:42] WARNING |   Nav error: Page.goto: net::ERR_HTTP2_PROTOCOL_ERROR at https://www.justdial.com/search?q=Jackson+Hospital+hospital&city=All
Call log:
  - navigating to "https://www.justdial.com/search?q=Jackson+Hospital+hospital&city=All", waiting until "domcontentloaded"
 (attempt 3/3)
[2026-07-27 17:06:48] INFO | Phase 1 [95/1081]: New Rohini Hospital
[2026-07-27 17:06:58] INFO |   Scraping hexahealth.com: https://www.hexahealth.com/delhi/hospitals/cardiology/reviews
[2026-07-27 17:07:08] INFO |   hexahealth.com: 0 scraped → 0 new unique
[2026-07-27 17:07:25] WARNING |   Nav error: Page.goto: net::ERR_HTTP2_PROTOCOL_ERROR at https://www.justdial.com/search?q=New+Rohini+Hospital+hospital&city=All
Call log:
  - navigating to "https://www.justdial.com/search?q=New+Rohini+Hospital+hospital&city=All", waiting until "domcontentloaded"
 (attempt 1/3)
[2026-07-27 17:07:29] WARNING |   Nav error: Page.goto: net::ERR_HTTP2_PROTOCOL_ERROR at https://www.justdial.com/search?q=New+Rohini+Hospital+hospital&city=All
Call log:
  - navigating to "https://www.justdial.com/search?q=New+Rohini+Hospital+hospital&city=All", waiting until "domcontentloaded"
 (attempt 2/3)
[2026-07-27 17:07:38] WARNING |   Nav error: Page.goto: net::ERR_HTTP2_PROTOCOL_ERROR at https://www.justdial.com/search?q=New+Rohini+Hospital+hospital&city=All
Call log:
  - navigating to "https://www.justdial.com/search?q=New+Rohini+Hospital+hospital&city=All", waiting until "domcontentloaded"
 (attempt 3/3)
[2026-07-27 17:07:43] INFO | Phase 1 [96/1081]: Neonex Newborn Hospital
[2026-07-27 17:07:53] INFO |   Scraping hexahealth.com: https://www.hexahealth.com/delhi/hospitals/cardiology/reviews
[2026-07-27 17:08:03] INFO |   hexahealth.com: 0 scraped → 0 new unique
[2026-07-27 17:08:18] WARNING |   Nav error: Page.goto: net::ERR_HTTP2_PROTOCOL_ERROR at https://www.justdial.com/search?q=Neonex+Newborn+Hospital+hospital&city=All
Call log:
  - navigating to "https://www.justdial.com/search?q=Neonex+Newborn+Hospital+hospital&city=All", waiting until "domcontentloaded"
 (attempt 1/3)
[2026-07-27 17:08:22] WARNING |   Nav error: Page.goto: net::ERR_HTTP2_PROTOCOL_ERROR at https://www.justdial.com/search?q=Neonex+Newborn+Hospital+hospital&city=All
Call log:
  - navigating to "https://www.justdial.com/search?q=Neonex+Newborn+Hospital+hospital&city=All", waiting until "domcontentloaded"
 (attempt 2/3)
[2026-07-27 17:08:30] WARNING |   Nav error: Page.goto: net::ERR_HTTP2_PROTOCOL_ERROR at https://www.justdial.com/search?q=Neonex+Newborn+Hospital+hospital&city=All
Call log:
  - navigating to "https://www.justdial.com/search?q=Neonex+Newborn+Hospital+hospital&city=All", waiting until "domcontentloaded"
 (attempt 3/3)
[2026-07-27 17:08:35] INFO | Phase 1 [97/1081]: Sant Hospital
[2026-07-27 17:08:45] INFO |   Scraping hexahealth.com: https://www.hexahealth.com/delhi/hospitals/cardiology/reviews
[2026-07-27 17:08:55] INFO |   hexahealth.com: 0 scraped → 0 new unique
[2026-07-27 17:09:11] WARNING |   Nav error: Page.goto: net::ERR_HTTP2_PROTOCOL_ERROR at https://www.justdial.com/search?q=Sant+Hospital+hospital&city=All
Call log:
  - navigating to "https://www.justdial.com/search?q=Sant+Hospital+hospital&city=All", waiting until "domcontentloaded"
 (attempt 1/3)
[2026-07-27 17:09:16] WARNING |   Nav error: Page.goto: net::ERR_HTTP2_PROTOCOL_ERROR at https://www.justdial.com/search?q=Sant+Hospital+hospital&city=All
Call log:
  - navigating to "https://www.justdial.com/search?q=Sant+Hospital+hospital&city=All", waiting until "domcontentloaded"
 (attempt 2/3)
[2026-07-27 17:09:24] WARNING |   Nav error: Page.goto: net::ERR_HTTP2_PROTOCOL_ERROR at https://www.justdial.com/search?q=Sant+Hospital+hospital&city=All
Call log:
  - navigating to "https://www.justdial.com/search?q=Sant+Hospital+hospital&city=All", waiting until "domcontentloaded"
 (attempt 3/3)
[2026-07-27 17:09:29] INFO | Phase 1 [98/1081]: PATEL HOSPITAL
[2026-07-27 17:09:38] INFO |   Scraping hexahealth.com: https://www.hexahealth.com/delhi/hospitals/cardiology/reviews
[2026-07-27 17:09:48] INFO |   hexahealth.com: 0 scraped → 0 new unique
[2026-07-27 17:10:06] WARNING |   Nav error: Page.goto: net::ERR_HTTP2_PROTOCOL_ERROR at https://www.justdial.com/search?q=PATEL+HOSPITAL+hospital&city=All
Call log:
  - navigating to "https://www.justdial.com/search?q=PATEL+HOSPITAL+hospital&city=All", waiting until "domcontentloaded"
 (attempt 1/3)
[2026-07-27 17:10:10] WARNING |   Nav error: Page.goto: net::ERR_HTTP2_PROTOCOL_ERROR at https://www.justdial.com/search?q=PATEL+HOSPITAL+hospital&city=All
Call log:
  - navigating to "https://www.justdial.com/search?q=PATEL+HOSPITAL+hospital&city=All", waiting until "domcontentloaded"
 (attempt 2/3)
[2026-07-27 17:10:18] WARNING |   Nav error: Page.goto: net::ERR_HTTP2_PROTOCOL_ERROR at https://www.justdial.com/search?q=PATEL+HOSPITAL+hospital&city=All
Call log:
  - navigating to "https://www.justdial.com/search?q=PATEL+HOSPITAL+hospital&city=All", waiting until "domcontentloaded"
 (attempt 3/3)
[2026-07-27 17:10:22] INFO | Phase 1 [99/1081]: SANTOSH HOSPITAL
[2026-07-27 17:10:31] INFO |   Scraping hexahealth.com: https://www.hexahealth.com/delhi/hospitals/cardiology/reviews
[2026-07-27 17:10:41] INFO |   hexahealth.com: 0 scraped → 0 new unique
[2026-07-27 17:11:01] WARNING |   Nav error: Page.goto: net::ERR_HTTP2_PROTOCOL_ERROR at https://www.justdial.com/search?q=SANTOSH+HOSPITAL+hospital&city=All
Call log:
  - navigating to "https://www.justdial.com/search?q=SANTOSH+HOSPITAL+hospital&city=All", waiting until "domcontentloaded"
 (attempt 1/3)
[2026-07-27 17:11:05] WARNING |   Nav error: Page.goto: net::ERR_HTTP2_PROTOCOL_ERROR at https://www.justdial.com/search?q=SANTOSH+HOSPITAL+hospital&city=All
Call log:
  - navigating to "https://www.justdial.com/search?q=SANTOSH+HOSPITAL+hospital&city=All", waiting until "domcontentloaded"
 (attempt 2/3)
[2026-07-27 17:11:13] WARNING |   Nav error: Page.goto: net::ERR_HTTP2_PROTOCOL_ERROR at https://www.justdial.com/search?q=SANTOSH+HOSPITAL+hospital&city=All
Call log:
  - navigating to "https://www.justdial.com/search?q=SANTOSH+HOSPITAL+hospital&city=All", waiting until "domcontentloaded"
 (attempt 3/3)
[2026-07-27 17:11:17] INFO | Phase 1 [100/1081]: Vivo Healthcare Jodhpur Park %u2013 Kolkata
[2026-07-27 17:11:27] INFO |   Scraping hexahealth.com: https://www.hexahealth.com/delhi/hospitals/cardiology/reviews
[2026-07-27 17:11:37] INFO |   hexahealth.com: 0 scraped → 0 new unique
[2026-07-27 17:11:56] WARNING |   Nav error: Page.goto: net::ERR_HTTP2_PROTOCOL_ERROR at https://www.justdial.com/search?q=Vivo+Healthcare+Jodhpur+Park+%25u2013+Kolkata+hospital&city=All
Call log:
  - navigating to "https://www.justdial.com/search?q=Vivo+Healthcare+Jodhpur+Park+%25u2013+Kolkata+hospital&city=All", waiting until "domcontentloaded"
 (attempt 1/3)
[2026-07-27 17:12:00] WARNING |   Nav error: Page.goto: net::ERR_HTTP2_PROTOCOL_ERROR at https://www.justdial.com/search?q=Vivo+Healthcare+Jodhpur+Park+%25u2013+Kolkata+hospital&city=All
Call log:
  - navigating to "https://www.justdial.com/search?q=Vivo+Healthcare+Jodhpur+Park+%25u2013+Kolkata+hospital&city=All", waiting until "domcontentloaded"
 (attempt 2/3)
[2026-07-27 17:12:08] WARNING |   Nav error: Page.goto: net::ERR_HTTP2_PROTOCOL_ERROR at https://www.justdial.com/search?q=Vivo+Healthcare+Jodhpur+Park+%25u2013+Kolkata+hospital&city=All
Call log:
  - navigating to "https://www.justdial.com/search?q=Vivo+Healthcare+Jodhpur+Park+%25u2013+Kolkata+hospital&city=All", waiting until "domcontentloaded"
 (attempt 3/3)
[2026-07-27 17:12:11] INFO | Phase 1 [101/1081]: ESI Dispensary Mangolpuri
[2026-07-27 17:12:21] INFO |   Scraping hexahealth.com: https://www.hexahealth.com/delhi/hospitals/cardiology/reviews
[2026-07-27 17:12:30] INFO |   hexahealth.com: 0 scraped → 0 new unique
[2026-07-27 17:12:48] WARNING |   Nav error: Page.goto: net::ERR_HTTP2_PROTOCOL_ERROR at https://www.justdial.com/search?q=ESI+Dispensary+Mangolpuri+hospital&city=All
Call log:
  - navigating to "https://www.justdial.com/search?q=ESI+Dispensary+Mangolpuri+hospital&city=All", waiting until "domcontentloaded"
 (attempt 1/3)
[2026-07-27 17:12:52] WARNING |   Nav error: Page.goto: net::ERR_HTTP2_PROTOCOL_ERROR at https://www.justdial.com/search?q=ESI+Dispensary+Mangolpuri+hospital&city=All
Call log:
  - navigating to "https://www.justdial.com/search?q=ESI+Dispensary+Mangolpuri+hospital&city=All", waiting until "domcontentloaded"
 (attempt 2/3)
[2026-07-27 17:13:00] WARNING |   Nav error: Page.goto: net::ERR_HTTP2_PROTOCOL_ERROR at https://www.justdial.com/search?q=ESI+Dispensary+Mangolpuri+hospital&city=All
Call log:
  - navigating to "https://www.justdial.com/search?q=ESI+Dispensary+Mangolpuri+hospital&city=All", waiting until "domcontentloaded"
 (attempt 3/3)
[2026-07-27 17:13:05] INFO | Phase 1 [102/1081]: Dhruv Surgical Centre (Dhruv Hospital)
[2026-07-27 17:13:15] INFO |   Scraping hexahealth.com: https://www.hexahealth.com/delhi/hospitals/cardiology/reviews
[2026-07-27 17:13:24] INFO |   hexahealth.com: 0 scraped → 0 new unique
[2026-07-27 17:13:43] WARNING |   Nav error: Page.goto: net::ERR_HTTP2_PROTOCOL_ERROR at https://www.justdial.com/search?q=Dhruv+Surgical+Centre+%28Dhruv+Hospital%29+hospital&city=All
Call log:
  - navigating to "https://www.justdial.com/search?q=Dhruv+Surgical+Centre+%28Dhruv+Hospital%29+hospital&city=All", waiting until "domcontentloaded"
 (attempt 1/3)
[2026-07-27 17:13:48] WARNING |   Nav error: Page.goto: net::ERR_HTTP2_PROTOCOL_ERROR at https://www.justdial.com/search?q=Dhruv+Surgical+Centre+%28Dhruv+Hospital%29+hospital&city=All
Call log:
  - navigating to "https://www.justdial.com/search?q=Dhruv+Surgical+Centre+%28Dhruv+Hospital%29+hospital&city=All", waiting until "domcontentloaded"
 (attempt 2/3)
[2026-07-27 17:13:56] WARNING |   Nav error: Page.goto: net::ERR_HTTP2_PROTOCOL_ERROR at https://www.justdial.com/search?q=Dhruv+Surgical+Centre+%28Dhruv+Hospital%29+hospital&city=All
Call log:
  - navigating to "https://www.justdial.com/search?q=Dhruv+Surgical+Centre+%28Dhruv+Hospital%29+hospital&city=All", waiting until "domcontentloaded"
 (attempt 3/3)
[2026-07-27 17:13:59] INFO | Phase 1 [103/1081]: Government Hospital
[2026-07-27 17:14:09] INFO |   Scraping hexahealth.com: https://www.hexahealth.com/delhi/hospitals/cardiology/reviews
[2026-07-27 17:14:18] INFO |   hexahealth.com: 0 scraped → 0 new unique
[2026-07-27 17:14:37] WARNING |   Nav error: Page.goto: net::ERR_HTTP2_PROTOCOL_ERROR at https://www.justdial.com/search?q=Government+Hospital+hospital&city=All
Call log:
  - navigating to "https://www.justdial.com/search?q=Government+Hospital+hospital&city=All", waiting until "domcontentloaded"
 (attempt 1/3)
[2026-07-27 17:14:41] WARNING |   Nav error: Page.goto: net::ERR_HTTP2_PROTOCOL_ERROR at https://www.justdial.com/search?q=Government+Hospital+hospital&city=All
Call log:
  - navigating to "https://www.justdial.com/search?q=Government+Hospital+hospital&city=All", waiting until "domcontentloaded"
 (attempt 2/3)
[2026-07-27 17:14:49] WARNING |   Nav error: Page.goto: net::ERR_HTTP2_PROTOCOL_ERROR at https://www.justdial.com/search?q=Government+Hospital+hospital&city=All
Call log:
  - navigating to "https://www.justdial.com/search?q=Government+Hospital+hospital&city=All", waiting until "domcontentloaded"
 (attempt 3/3)
[2026-07-27 17:14:55] INFO | Phase 1 [104/1081]: Dhruv Hospital
[2026-07-27 17:15:06] INFO |   Scraping hexahealth.com: https://www.hexahealth.com/delhi/hospitals/cardiology/reviews
[2026-07-27 17:15:15] INFO |   hexahealth.com: 0 scraped → 0 new unique
[2026-07-27 17:15:31] WARNING |   Nav error: Page.goto: net::ERR_HTTP2_PROTOCOL_ERROR at https://www.justdial.com/search?q=Dhruv+Hospital+hospital&city=All
Call log:
  - navigating to "https://www.justdial.com/search?q=Dhruv+Hospital+hospital&city=All", waiting until "domcontentloaded"
 (attempt 1/3)
[2026-07-27 17:15:35] WARNING |   Nav error: Page.goto: net::ERR_HTTP2_PROTOCOL_ERROR at https://www.justdial.com/search?q=Dhruv+Hospital+hospital&city=All
Call log:
  - navigating to "https://www.justdial.com/search?q=Dhruv+Hospital+hospital&city=All", waiting until "domcontentloaded"
 (attempt 2/3)
[2026-07-27 17:15:43] WARNING |   Nav error: Page.goto: net::ERR_HTTP2_PROTOCOL_ERROR at https://www.justdial.com/search?q=Dhruv+Hospital+hospital&city=All
Call log:
  - navigating to "https://www.justdial.com/search?q=Dhruv+Hospital+hospital&city=All", waiting until "domcontentloaded"
 (attempt 3/3)
[2026-07-27 17:15:46] INFO | Phase 1 [105/1081]: Srg Hospital
[2026-07-27 17:15:57] INFO |   Scraping hexahealth.com: https://www.hexahealth.com/delhi/hospitals/cardiology/reviews
[2026-07-27 17:16:06] INFO |   hexahealth.com: 0 scraped → 0 new unique
[2026-07-27 17:16:26] WARNING |   Nav error: Page.goto: net::ERR_HTTP2_PROTOCOL_ERROR at https://www.justdial.com/search?q=Srg+Hospital+hospital&city=All
Call log:
  - navigating to "https://www.justdial.com/search?q=Srg+Hospital+hospital&city=All", waiting until "domcontentloaded"
 (attempt 1/3)
[2026-07-27 17:16:30] WARNING |   Nav error: Page.goto: net::ERR_HTTP2_PROTOCOL_ERROR at https://www.justdial.com/search?q=Srg+Hospital+hospital&city=All
Call log:
  - navigating to "https://www.justdial.com/search?q=Srg+Hospital+hospital&city=All", waiting until "domcontentloaded"
 (attempt 2/3)
[2026-07-27 17:16:38] WARNING |   Nav error: Page.goto: net::ERR_HTTP2_PROTOCOL_ERROR at https://www.justdial.com/search?q=Srg+Hospital+hospital&city=All
Call log:
  - navigating to "https://www.justdial.com/search?q=Srg+Hospital+hospital&city=All", waiting until "domcontentloaded"
 (attempt 3/3)
[2026-07-27 17:16:41] INFO | Phase 1 [106/1081]: Dharamveer Solanki Hospital
[2026-07-27 17:16:51] INFO |   Scraping hexahealth.com: https://www.hexahealth.com/delhi/hospitals/cardiology/reviews
[2026-07-27 17:17:00] INFO |   hexahealth.com: 0 scraped → 0 new unique
[2026-07-27 17:17:21] WARNING |   Nav error: Page.goto: net::ERR_HTTP2_PROTOCOL_ERROR at https://www.justdial.com/search?q=Dharamveer+Solanki+Hospital+hospital&city=All
Call log:
  - navigating to "https://www.justdial.com/search?q=Dharamveer+Solanki+Hospital+hospital&city=All", waiting until "domcontentloaded"
 (attempt 1/3)
[2026-07-27 17:17:25] WARNING |   Nav error: Page.goto: net::ERR_HTTP2_PROTOCOL_ERROR at https://www.justdial.com/search?q=Dharamveer+Solanki+Hospital+hospital&city=All
Call log:
  - navigating to "https://www.justdial.com/search?q=Dharamveer+Solanki+Hospital+hospital&city=All", waiting until "domcontentloaded"
 (attempt 2/3)
[2026-07-27 17:17:33] WARNING |   Nav error: Page.goto: net::ERR_HTTP2_PROTOCOL_ERROR at https://www.justdial.com/search?q=Dharamveer+Solanki+Hospital+hospital&city=All
Call log:
  - navigating to "https://www.justdial.com/search?q=Dharamveer+Solanki+Hospital+hospital&city=All", waiting until "domcontentloaded"
 (attempt 3/3)
[2026-07-27 17:17:38] INFO | Phase 1 [107/1081]: H Malika Hospital
[2026-07-27 17:17:48] INFO |   Scraping hexahealth.com: https://www.hexahealth.com/delhi/hospitals/cardiology/reviews
[2026-07-27 17:17:57] INFO |   hexahealth.com: 0 scraped → 0 new unique
[2026-07-27 17:18:17] WARNING |   Nav error: Page.goto: net::ERR_HTTP2_PROTOCOL_ERROR at https://www.justdial.com/search?q=H+Malika+Hospital+hospital&city=All
Call log:
  - navigating to "https://www.justdial.com/search?q=H+Malika+Hospital+hospital&city=All", waiting until "domcontentloaded"
 (attempt 1/3)
[2026-07-27 17:18:21] WARNING |   Nav error: Page.goto: net::ERR_HTTP2_PROTOCOL_ERROR at https://www.justdial.com/search?q=H+Malika+Hospital+hospital&city=All
Call log:
  - navigating to "https://www.justdial.com/search?q=H+Malika+Hospital+hospital&city=All", waiting until "domcontentloaded"
 (attempt 2/3)
[2026-07-27 17:18:30] WARNING |   Nav error: Page.goto: net::ERR_HTTP2_PROTOCOL_ERROR at https://www.justdial.com/search?q=H+Malika+Hospital+hospital&city=All
Call log:
  - navigating to "https://www.justdial.com/search?q=H+Malika+Hospital+hospital&city=All", waiting until "domcontentloaded"
 (attempt 3/3)
[2026-07-27 17:18:35] INFO | Phase 1 [108/1081]: Lalita Hospital
[2026-07-27 17:18:45] INFO |   Scraping hexahealth.com: https://www.hexahealth.com/delhi/hospitals/cardiology/reviews
[2026-07-27 17:18:54] INFO |   hexahealth.com: 0 scraped → 0 new unique
[2026-07-27 17:19:12] WARNING |   Nav error: Page.goto: net::ERR_HTTP2_PROTOCOL_ERROR at https://www.justdial.com/search?q=Lalita+Hospital+hospital&city=All
Call log:
  - navigating to "https://www.justdial.com/search?q=Lalita+Hospital+hospital&city=All", waiting until "domcontentloaded"
 (attempt 1/3)
[2026-07-27 17:19:16] WARNING |   Nav error: Page.goto: net::ERR_HTTP2_PROTOCOL_ERROR at https://www.justdial.com/search?q=Lalita+Hospital+hospital&city=All
Call log:
  - navigating to "https://www.justdial.com/search?q=Lalita+Hospital+hospital&city=All", waiting until "domcontentloaded"
 (attempt 2/3)
[2026-07-27 17:19:24] WARNING |   Nav error: Page.goto: net::ERR_HTTP2_PROTOCOL_ERROR at https://www.justdial.com/search?q=Lalita+Hospital+hospital&city=All
Call log:
  - navigating to "https://www.justdial.com/search?q=Lalita+Hospital+hospital&city=All", waiting until "domcontentloaded"
 (attempt 3/3)
[2026-07-27 17:19:29] INFO | Phase 1 [109/1081]: Pal Hospital
[2026-07-27 17:19:39] INFO |   Scraping hexahealth.com: https://www.hexahealth.com/delhi/hospitals/cardiology/reviews
[2026-07-27 17:19:48] INFO |   hexahealth.com: 0 scraped → 0 new unique
[2026-07-27 17:20:07] WARNING |   Nav error: Page.goto: net::ERR_HTTP2_PROTOCOL_ERROR at https://www.justdial.com/search?q=Pal+Hospital+hospital&city=All
Call log:
  - navigating to "https://www.justdial.com/search?q=Pal+Hospital+hospital&city=All", waiting until "domcontentloaded"
 (attempt 1/3)
[2026-07-27 17:20:11] WARNING |   Nav error: Page.goto: net::ERR_HTTP2_PROTOCOL_ERROR at https://www.justdial.com/search?q=Pal+Hospital+hospital&city=All
Call log:
  - navigating to "https://www.justdial.com/search?q=Pal+Hospital+hospital&city=All", waiting until "domcontentloaded"
 (attempt 2/3)
[2026-07-27 17:20:19] WARNING |   Nav error: Page.goto: net::ERR_HTTP2_PROTOCOL_ERROR at https://www.justdial.com/search?q=Pal+Hospital+hospital&city=All
Call log:
  - navigating to "https://www.justdial.com/search?q=Pal+Hospital+hospital&city=All", waiting until "domcontentloaded"
 (attempt 3/3)
[2026-07-27 17:20:23] INFO | Phase 1 [110/1081]: Asha Hospital
[2026-07-27 17:20:32] INFO |   Scraping hexahealth.com: https://www.hexahealth.com/delhi/hospitals/cardiology/reviews
[2026-07-27 17:20:42] INFO |   hexahealth.com: 0 scraped → 0 new unique
[2026-07-27 17:20:58] WARNING |   Nav error: Page.goto: net::ERR_HTTP2_PROTOCOL_ERROR at https://www.justdial.com/search?q=Asha+Hospital+hospital&city=All
Call log:
  - navigating to "https://www.justdial.com/search?q=Asha+Hospital+hospital&city=All", waiting until "domcontentloaded"
 (attempt 1/3)
[2026-07-27 17:21:02] WARNING |   Nav error: Page.goto: net::ERR_HTTP2_PROTOCOL_ERROR at https://www.justdial.com/search?q=Asha+Hospital+hospital&city=All
Call log:
  - navigating to "https://www.justdial.com/search?q=Asha+Hospital+hospital&city=All", waiting until "domcontentloaded"
 (attempt 2/3)
[2026-07-27 17:21:10] WARNING |   Nav error: Page.goto: net::ERR_HTTP2_PROTOCOL_ERROR at https://www.justdial.com/search?q=Asha+Hospital+hospital&city=All
Call log:
  - navigating to "https://www.justdial.com/search?q=Asha+Hospital+hospital&city=All", waiting until "domcontentloaded"
 (attempt 3/3)
[2026-07-27 17:21:15] INFO | Phase 1 [111/1081]: S R M?dical Centre
[2026-07-27 17:21:25] INFO |   Scraping hexahealth.com: https://www.hexahealth.com/delhi/hospitals/cardiology/reviews
[2026-07-27 17:21:35] INFO |   hexahealth.com: 0 scraped → 0 new unique
[2026-07-27 17:21:52] WARNING |   Nav error: Page.goto: net::ERR_HTTP2_PROTOCOL_ERROR at https://www.justdial.com/search?q=S+R+M%3Fdical+Centre+hospital&city=All
Call log:
  - navigating to "https://www.justdial.com/search?q=S+R+M%3Fdical+Centre+hospital&city=All", waiting until "domcontentloaded"
 (attempt 1/3)
[2026-07-27 17:21:56] WARNING |   Nav error: Page.goto: net::ERR_HTTP2_PROTOCOL_ERROR at https://www.justdial.com/search?q=S+R+M%3Fdical+Centre+hospital&city=All
Call log:
  - navigating to "https://www.justdial.com/search?q=S+R+M%3Fdical+Centre+hospital&city=All", waiting until "domcontentloaded"
 (attempt 2/3)
[2026-07-27 17:22:04] WARNING |   Nav error: Page.goto: net::ERR_HTTP2_PROTOCOL_ERROR at https://www.justdial.com/search?q=S+R+M%3Fdical+Centre+hospital&city=All
Call log:
  - navigating to "https://www.justdial.com/search?q=S+R+M%3Fdical+Centre+hospital&city=All", waiting until "domcontentloaded"
 (attempt 3/3)
[2026-07-27 17:22:10] INFO | Phase 1 [112/1081]: Swavalamban Evening Health Clinic
[2026-07-27 17:22:19] INFO |   Scraping hexahealth.com: https://www.hexahealth.com/delhi/hospitals/cardiology/reviews
[2026-07-27 17:22:29] INFO |   hexahealth.com: 0 scraped → 0 new unique
[2026-07-27 17:22:46] WARNING |   Nav error: Page.goto: net::ERR_HTTP2_PROTOCOL_ERROR at https://www.justdial.com/search?q=Swavalamban+Evening+Health+Clinic+hospital&city=All
Call log:
  - navigating to "https://www.justdial.com/search?q=Swavalamban+Evening+Health+Clinic+hospital&city=All", waiting until "domcontentloaded"
 (attempt 1/3)
[2026-07-27 17:22:50] WARNING |   Nav error: Page.goto: net::ERR_HTTP2_PROTOCOL_ERROR at https://www.justdial.com/search?q=Swavalamban+Evening+Health+Clinic+hospital&city=All
Call log:
  - navigating to "https://www.justdial.com/search?q=Swavalamban+Evening+Health+Clinic+hospital&city=All", waiting until "domcontentloaded"
 (attempt 2/3)
[2026-07-27 17:22:58] WARNING |   Nav error: Page.goto: net::ERR_HTTP2_PROTOCOL_ERROR at https://www.justdial.com/search?q=Swavalamban+Evening+Health+Clinic+hospital&city=All
Call log:
  - navigating to "https://www.justdial.com/search?q=Swavalamban+Evening+Health+Clinic+hospital&city=All", waiting until "domcontentloaded"
 (attempt 3/3)
[2026-07-27 17:23:02] INFO | Phase 1 [113/1081]: ESIC Dispensary
[2026-07-27 17:23:12] INFO |   Scraping hexahealth.com: https://www.hexahealth.com/delhi/hospitals/cardiology/reviews
[2026-07-27 17:23:22] INFO |   hexahealth.com: 0 scraped → 0 new unique
[2026-07-27 17:23:39] WARNING |   Nav error: Page.goto: net::ERR_HTTP2_PROTOCOL_ERROR at https://www.justdial.com/search?q=ESIC+Dispensary+hospital&city=All
Call log:
  - navigating to "https://www.justdial.com/search?q=ESIC+Dispensary+hospital&city=All", waiting until "domcontentloaded"
 (attempt 1/3)
[2026-07-27 17:23:43] WARNING |   Nav error: Page.goto: net::ERR_HTTP2_PROTOCOL_ERROR at https://www.justdial.com/search?q=ESIC+Dispensary+hospital&city=All
Call log:
  - navigating to "https://www.justdial.com/search?q=ESIC+Dispensary+hospital&city=All", waiting until "domcontentloaded"
 (attempt 2/3)
[2026-07-27 17:23:51] WARNING |   Nav error: Page.goto: net::ERR_HTTP2_PROTOCOL_ERROR at https://www.justdial.com/search?q=ESIC+Dispensary+hospital&city=All
Call log:
  - navigating to "https://www.justdial.com/search?q=ESIC+Dispensary+hospital&city=All", waiting until "domcontentloaded"
 (attempt 3/3)
[2026-07-27 17:23:57] INFO | Phase 1 [114/1081]: CRIBS HOSPITAL
[2026-07-27 17:24:06] INFO |   Scraping hexahealth.com: https://www.hexahealth.com/delhi/hospitals/cardiology/reviews
[2026-07-27 17:24:16] INFO |   hexahealth.com: 0 scraped → 0 new unique
[2026-07-27 17:24:34] WARNING |   Nav error: Page.goto: net::ERR_HTTP2_PROTOCOL_ERROR at https://www.justdial.com/search?q=CRIBS+HOSPITAL+hospital&city=All
Call log:
  - navigating to "https://www.justdial.com/search?q=CRIBS+HOSPITAL+hospital&city=All", waiting until "domcontentloaded"
 (attempt 1/3)
[2026-07-27 17:24:38] WARNING |   Nav error: Page.goto: net::ERR_HTTP2_PROTOCOL_ERROR at https://www.justdial.com/search?q=CRIBS+HOSPITAL+hospital&city=All
Call log:
  - navigating to "https://www.justdial.com/search?q=CRIBS+HOSPITAL+hospital&city=All", waiting until "domcontentloaded"
 (attempt 2/3)
[2026-07-27 17:24:46] WARNING |   Nav error: Page.goto: net::ERR_HTTP2_PROTOCOL_ERROR at https://www.justdial.com/search?q=CRIBS+HOSPITAL+hospital&city=All
Call log:
  - navigating to "https://www.justdial.com/search?q=CRIBS+HOSPITAL+hospital&city=All", waiting until "domcontentloaded"
 (attempt 3/3)
[2026-07-27 17:24:53] INFO | Phase 1 [115/1081]: Sangam
[2026-07-27 17:25:02] INFO |   Scraping hexahealth.com: https://www.hexahealth.com/delhi/hospitals/cardiology/reviews
[2026-07-27 17:25:12] INFO |   hexahealth.com: 0 scraped → 0 new unique
[2026-07-27 17:25:30] WARNING |   Nav error: Page.goto: net::ERR_HTTP2_PROTOCOL_ERROR at https://www.justdial.com/search?q=Sangam+hospital&city=All
Call log:
  - navigating to "https://www.justdial.com/search?q=Sangam+hospital&city=All", waiting until "domcontentloaded"
 (attempt 1/3)
[2026-07-27 17:25:34] WARNING |   Nav error: Page.goto: net::ERR_HTTP2_PROTOCOL_ERROR at https://www.justdial.com/search?q=Sangam+hospital&city=All
Call log:
  - navigating to "https://www.justdial.com/search?q=Sangam+hospital&city=All", waiting until "domcontentloaded"
 (attempt 2/3)
[2026-07-27 17:25:42] WARNING |   Nav error: Page.goto: net::ERR_HTTP2_PROTOCOL_ERROR at https://www.justdial.com/search?q=Sangam+hospital&city=All
Call log:
  - navigating to "https://www.justdial.com/search?q=Sangam+hospital&city=All", waiting until "domcontentloaded"
 (attempt 3/3)
[2026-07-27 17:25:46] INFO | Phase 1 [116/1081]: Health Point Hospital
[2026-07-27 17:25:55] INFO |   Scraping hexahealth.com: https://www.hexahealth.com/delhi/hospitals/cardiology/reviews
[2026-07-27 17:26:05] INFO |   hexahealth.com: 0 scraped → 0 new unique
[2026-07-27 17:26:23] WARNING |   Nav error: Page.goto: net::ERR_HTTP2_PROTOCOL_ERROR at https://www.justdial.com/search?q=Health+Point+Hospital+hospital&city=All
Call log:
  - navigating to "https://www.justdial.com/search?q=Health+Point+Hospital+hospital&city=All", waiting until "domcontentloaded"
 (attempt 1/3)
[2026-07-27 17:26:27] WARNING |   Nav error: Page.goto: net::ERR_HTTP2_PROTOCOL_ERROR at https://www.justdial.com/search?q=Health+Point+Hospital+hospital&city=All
Call log:
  - navigating to "https://www.justdial.com/search?q=Health+Point+Hospital+hospital&city=All", waiting until "domcontentloaded"
 (attempt 2/3)
[2026-07-27 17:26:35] WARNING |   Nav error: Page.goto: net::ERR_HTTP2_PROTOCOL_ERROR at https://www.justdial.com/search?q=Health+Point+Hospital+hospital&city=All
Call log:
  - navigating to "https://www.justdial.com/search?q=Health+Point+Hospital+hospital&city=All", waiting until "domcontentloaded"
 (attempt 3/3)
[2026-07-27 17:26:41] INFO | Phase 1 [117/1081]: Sai Hospital
[2026-07-27 17:26:50] INFO |   Scraping hexahealth.com: https://www.hexahealth.com/delhi/hospitals/cardiology/reviews
[2026-07-27 17:27:00] INFO |   hexahealth.com: 0 scraped → 0 new unique
[2026-07-27 17:27:17] WARNING |   Nav error: Page.goto: net::ERR_HTTP2_PROTOCOL_ERROR at https://www.justdial.com/search?q=Sai+Hospital+hospital&city=All
Call log:
  - navigating to "https://www.justdial.com/search?q=Sai+Hospital+hospital&city=All", waiting until "domcontentloaded"
 (attempt 1/3)
[2026-07-27 17:27:21] WARNING |   Nav error: Page.goto: net::ERR_HTTP2_PROTOCOL_ERROR at https://www.justdial.com/search?q=Sai+Hospital+hospital&city=All
Call log:
  - navigating to "https://www.justdial.com/search?q=Sai+Hospital+hospital&city=All", waiting until "domcontentloaded"
 (attempt 2/3)
[2026-07-27 17:27:29] WARNING |   Nav error: Page.goto: net::ERR_HTTP2_PROTOCOL_ERROR at https://www.justdial.com/search?q=Sai+Hospital+hospital&city=All
Call log:
  - navigating to "https://www.justdial.com/search?q=Sai+Hospital+hospital&city=All", waiting until "domcontentloaded"
 (attempt 3/3)
[2026-07-27 17:27:35] INFO | Phase 1 [118/1081]: RK Hospital
[2026-07-27 17:27:44] INFO |   Scraping hexahealth.com: https://www.hexahealth.com/delhi/hospitals/cardiology/reviews
[2026-07-27 17:27:54] INFO |   hexahealth.com: 0 scraped → 0 new unique
[2026-07-27 17:28:13] WARNING |   Nav error: Page.goto: net::ERR_HTTP2_PROTOCOL_ERROR at https://www.justdial.com/search?q=RK+Hospital+hospital&city=All
Call log:
  - navigating to "https://www.justdial.com/search?q=RK+Hospital+hospital&city=All", waiting until "domcontentloaded"
 (attempt 1/3)
[2026-07-27 17:28:17] WARNING |   Nav error: Page.goto: net::ERR_HTTP2_PROTOCOL_ERROR at https://www.justdial.com/search?q=RK+Hospital+hospital&city=All
Call log:
  - navigating to "https://www.justdial.com/search?q=RK+Hospital+hospital&city=All", waiting until "domcontentloaded"
 (attempt 2/3)
[2026-07-27 17:28:25] WARNING |   Nav error: Page.goto: net::ERR_HTTP2_PROTOCOL_ERROR at https://www.justdial.com/search?q=RK+Hospital+hospital&city=All
Call log:
  - navigating to "https://www.justdial.com/search?q=RK+Hospital+hospital&city=All", waiting until "domcontentloaded"
 (attempt 3/3)
[2026-07-27 17:28:30] INFO | Phase 1 [119/1081]: Sri Vaidya Ayurveda Kerla Panchkarma Hospital-Best Ayurvedic Treatment & Doctors Dwarka Delhi
[2026-07-27 17:28:39] INFO |   Scraping hexahealth.com: https://www.hexahealth.com/delhi/hospitals/cardiology/reviews
[2026-07-27 17:28:49] INFO |   hexahealth.com: 0 scraped → 0 new unique
[2026-07-27 17:29:06] WARNING |   Nav error: Page.goto: net::ERR_HTTP2_PROTOCOL_ERROR at https://www.justdial.com/search?q=Sri+Vaidya+Ayurveda+Kerla+Panchkarma+Hospital-Best+Ayurvedic+Treatment+%26+Doctors+Dwarka+Delhi+hospital&city=All
Call log:
  - navigating to "https://www.justdial.com/search?q=Sri+Vaidya+Ayurveda+Kerla+Panchkarma+Hospital-Best+Ayurvedic+Treatment+%26+Doctors+Dwarka+Delhi+hospital&city=All", waiting until "domcontentloaded"
 (attempt 1/3)
[2026-07-27 17:29:10] WARNING |   Nav error: Page.goto: net::ERR_HTTP2_PROTOCOL_ERROR at https://www.justdial.com/search?q=Sri+Vaidya+Ayurveda+Kerla+Panchkarma+Hospital-Best+Ayurvedic+Treatment+%26+Doctors+Dwarka+Delhi+hospital&city=All
Call log:
  - navigating to "https://www.justdial.com/search?q=Sri+Vaidya+Ayurveda+Kerla+Panchkarma+Hospital-Best+Ayurvedic+Treatment+%26+Doctors+Dwarka+Delhi+hospital&city=All", waiting until "domcontentloaded"
 (attempt 2/3)
[2026-07-27 17:29:18] WARNING |   Nav error: Page.goto: net::ERR_HTTP2_PROTOCOL_ERROR at https://www.justdial.com/search?q=Sri+Vaidya+Ayurveda+Kerla+Panchkarma+Hospital-Best+Ayurvedic+Treatment+%26+Doctors+Dwarka+Delhi+hospital&city=All
Call log:
  - navigating to "https://www.justdial.com/search?q=Sri+Vaidya+Ayurveda+Kerla+Panchkarma+Hospital-Best+Ayurvedic+Treatment+%26+Doctors+Dwarka+Delhi+hospital&city=All", waiting until "domcontentloaded"
 (attempt 3/3)
[2026-07-27 17:29:22] INFO | Phase 1 [120/1081]: Sarthak Medical Center
[2026-07-27 17:29:32] INFO |   Scraping hexahealth.com: https://www.hexahealth.com/delhi/hospitals/cardiology/reviews
[2026-07-27 17:29:41] INFO |   hexahealth.com: 0 scraped → 0 new unique
[2026-07-27 17:29:59] WARNING |   Nav error: Page.goto: net::ERR_HTTP2_PROTOCOL_ERROR at https://www.justdial.com/search?q=Sarthak+Medical+Center+hospital&city=All
Call log:
  - navigating to "https://www.justdial.com/search?q=Sarthak+Medical+Center+hospital&city=All", waiting until "domcontentloaded"
 (attempt 1/3)
[2026-07-27 17:30:03] WARNING |   Nav error: Page.goto: net::ERR_HTTP2_PROTOCOL_ERROR at https://www.justdial.com/search?q=Sarthak+Medical+Center+hospital&city=All
Call log:
  - navigating to "https://www.justdial.com/search?q=Sarthak+Medical+Center+hospital&city=All", waiting until "domcontentloaded"
 (attempt 2/3)
[2026-07-27 17:30:11] WARNING |   Nav error: Page.goto: net::ERR_HTTP2_PROTOCOL_ERROR at https://www.justdial.com/search?q=Sarthak+Medical+Center+hospital&city=All
Call log:
  - navigating to "https://www.justdial.com/search?q=Sarthak+Medical+Center+hospital&city=All", waiting until "domcontentloaded"
 (attempt 3/3)
[2026-07-27 17:30:16] INFO | Phase 1 [121/1081]: Hospital
[2026-07-27 17:30:25] INFO |   Scraping hexahealth.com: https://www.hexahealth.com/delhi/hospitals/cardiology/reviews
[2026-07-27 17:30:35] INFO |   hexahealth.com: 0 scraped → 0 new unique
[2026-07-27 17:30:55] WARNING |   Nav error: Page.goto: net::ERR_HTTP2_PROTOCOL_ERROR at https://www.justdial.com/search?q=Hospital+hospital&city=All
Call log:
  - navigating to "https://www.justdial.com/search?q=Hospital+hospital&city=All", waiting until "domcontentloaded"
 (attempt 1/3)
[2026-07-27 17:30:59] WARNING |   Nav error: Page.goto: net::ERR_HTTP2_PROTOCOL_ERROR at https://www.justdial.com/search?q=Hospital+hospital&city=All
Call log:
  - navigating to "https://www.justdial.com/search?q=Hospital+hospital&city=All", waiting until "domcontentloaded"
 (attempt 2/3)
[2026-07-27 17:31:07] WARNING |   Nav error: Page.goto: net::ERR_HTTP2_PROTOCOL_ERROR at https://www.justdial.com/search?q=Hospital+hospital&city=All
Call log:
  - navigating to "https://www.justdial.com/search?q=Hospital+hospital&city=All", waiting until "domcontentloaded"
 (attempt 3/3)
[2026-07-27 17:31:13] INFO | Phase 1 [122/1081]: Aman Medical Clinic
[2026-07-27 17:31:23] INFO |   Scraping hexahealth.com: https://www.hexahealth.com/delhi/hospitals/cardiology/reviews
[2026-07-27 17:31:32] INFO |   hexahealth.com: 0 scraped → 0 new unique
[2026-07-27 17:31:53] WARNING |   Nav error: Page.goto: net::ERR_HTTP2_PROTOCOL_ERROR at https://www.justdial.com/search?q=Aman+Medical+Clinic+hospital&city=All
Call log:
  - navigating to "https://www.justdial.com/search?q=Aman+Medical+Clinic+hospital&city=All", waiting until "domcontentloaded"
 (attempt 1/3)
[2026-07-27 17:31:57] WARNING |   Nav error: Page.goto: net::ERR_HTTP2_PROTOCOL_ERROR at https://www.justdial.com/search?q=Aman+Medical+Clinic+hospital&city=All
Call log:
  - navigating to "https://www.justdial.com/search?q=Aman+Medical+Clinic+hospital&city=All", waiting until "domcontentloaded"
 (attempt 2/3)
[2026-07-27 17:32:05] WARNING |   Nav error: Page.goto: net::ERR_HTTP2_PROTOCOL_ERROR at https://www.justdial.com/search?q=Aman+Medical+Clinic+hospital&city=All
Call log:
  - navigating to "https://www.justdial.com/search?q=Aman+Medical+Clinic+hospital&city=All", waiting until "domcontentloaded"
 (attempt 3/3)
[2026-07-27 17:32:08] INFO | Phase 1 [123/1081]: Walia Medical & Maternity Centre { Physician Gynaecologist Dental }
[2026-07-27 17:32:18] INFO |   Scraping hexahealth.com: https://www.hexahealth.com/delhi/hospitals/cardiology/reviews
[2026-07-27 17:32:27] INFO |   hexahealth.com: 0 scraped → 0 new unique
[2026-07-27 17:32:44] WARNING |   Nav error: Page.goto: net::ERR_HTTP2_PROTOCOL_ERROR at https://www.justdial.com/search?q=Walia+Medical+%26+Maternity+Centre+%7B+Physician+Gynaecologist+Dental+%7D+hospital&city=All
Call log:
  - navigating to "https://www.justdial.com/search?q=Walia+Medical+%26+Maternity+Centre+%7B+Physician+Gynaecologist+Dental+%7D+hospital&city=All", waiting until "domcontentloaded"
 (attempt 1/3)
[2026-07-27 17:32:48] WARNING |   Nav error: Page.goto: net::ERR_HTTP2_PROTOCOL_ERROR at https://www.justdial.com/search?q=Walia+Medical+%26+Maternity+Centre+%7B+Physician+Gynaecologist+Dental+%7D+hospital&city=All
Call log:
  - navigating to "https://www.justdial.com/search?q=Walia+Medical+%26+Maternity+Centre+%7B+Physician+Gynaecologist+Dental+%7D+hospital&city=All", waiting until "domcontentloaded"
 (attempt 2/3)
[2026-07-27 17:32:56] WARNING |   Nav error: Page.goto: net::ERR_HTTP2_PROTOCOL_ERROR at https://www.justdial.com/search?q=Walia+Medical+%26+Maternity+Centre+%7B+Physician+Gynaecologist+Dental+%7D+hospital&city=All
Call log:
  - navigating to "https://www.justdial.com/search?q=Walia+Medical+%26+Maternity+Centre+%7B+Physician+Gynaecologist+Dental+%7D+hospital&city=All", waiting until "domcontentloaded"
 (attempt 3/3)
[2026-07-27 17:33:00] INFO | Phase 1 [124/1081]: CGHS Wellness Centre Sarita Vihar
[2026-07-27 17:33:10] INFO |   Scraping hexahealth.com: https://www.hexahealth.com/delhi/hospitals/cardiology/reviews
[2026-07-27 17:33:19] INFO |   hexahealth.com: 0 scraped → 0 new unique
[2026-07-27 17:33:36] WARNING |   Nav error: Page.goto: net::ERR_HTTP2_PROTOCOL_ERROR at https://www.justdial.com/search?q=CGHS+Wellness+Centre+Sarita+Vihar+hospital&city=All
Call log:
  - navigating to "https://www.justdial.com/search?q=CGHS+Wellness+Centre+Sarita+Vihar+hospital&city=All", waiting until "domcontentloaded"
 (attempt 1/3)
[2026-07-27 17:33:40] WARNING |   Nav error: Page.goto: net::ERR_HTTP2_PROTOCOL_ERROR at https://www.justdial.com/search?q=CGHS+Wellness+Centre+Sarita+Vihar+hospital&city=All
Call log:
  - navigating to "https://www.justdial.com/search?q=CGHS+Wellness+Centre+Sarita+Vihar+hospital&city=All", waiting until "domcontentloaded"
 (attempt 2/3)
[2026-07-27 17:33:48] WARNING |   Nav error: Page.goto: net::ERR_HTTP2_PROTOCOL_ERROR at https://www.justdial.com/search?q=CGHS+Wellness+Centre+Sarita+Vihar+hospital&city=All
Call log:
  - navigating to "https://www.justdial.com/search?q=CGHS+Wellness+Centre+Sarita+Vihar+hospital&city=All", waiting until "domcontentloaded"
 (attempt 3/3)
[2026-07-27 17:33:52] INFO | Phase 1 [125/1081]: Epilepsy Clinic
[2026-07-27 17:34:02] INFO |   Scraping hexahealth.com: https://www.hexahealth.com/delhi/hospitals/cardiology/reviews
[2026-07-27 17:34:12] INFO |   hexahealth.com: 0 scraped → 0 new unique
[2026-07-27 17:34:28] WARNING |   Nav error: Page.goto: net::ERR_HTTP2_PROTOCOL_ERROR at https://www.justdial.com/search?q=Epilepsy+Clinic+hospital&city=All
Call log:
  - navigating to "https://www.justdial.com/search?q=Epilepsy+Clinic+hospital&city=All", waiting until "domcontentloaded"
 (attempt 1/3)
[2026-07-27 17:34:32] WARNING |   Nav error: Page.goto: net::ERR_HTTP2_PROTOCOL_ERROR at https://www.justdial.com/search?q=Epilepsy+Clinic+hospital&city=All
Call log:
  - navigating to "https://www.justdial.com/search?q=Epilepsy+Clinic+hospital&city=All", waiting until "domcontentloaded"
 (attempt 2/3)
[2026-07-27 17:34:40] WARNING |   Nav error: Page.goto: net::ERR_HTTP2_PROTOCOL_ERROR at https://www.justdial.com/search?q=Epilepsy+Clinic+hospital&city=All
Call log:
  - navigating to "https://www.justdial.com/search?q=Epilepsy+Clinic+hospital&city=All", waiting until "domcontentloaded"
 (attempt 3/3)
[2026-07-27 17:34:46] INFO | Phase 1 [126/1081]: ESI Dispensary
[2026-07-27 17:34:56] INFO |   Scraping hexahealth.com: https://www.hexahealth.com/delhi/hospitals/cardiology/reviews
[2026-07-27 17:35:06] INFO |   hexahealth.com: 0 scraped → 0 new unique
[2026-07-27 17:35:22] WARNING |   Nav error: Page.goto: net::ERR_HTTP2_PROTOCOL_ERROR at https://www.justdial.com/search?q=ESI+Dispensary+hospital&city=All
Call log:
  - navigating to "https://www.justdial.com/search?q=ESI+Dispensary+hospital&city=All", waiting until "domcontentloaded"
 (attempt 1/3)
[2026-07-27 17:35:27] WARNING |   Nav error: Page.goto: net::ERR_HTTP2_PROTOCOL_ERROR at https://www.justdial.com/search?q=ESI+Dispensary+hospital&city=All
Call log:
  - navigating to "https://www.justdial.com/search?q=ESI+Dispensary+hospital&city=All", waiting until "domcontentloaded"
 (attempt 2/3)
[2026-07-27 17:35:35] WARNING |   Nav error: Page.goto: net::ERR_HTTP2_PROTOCOL_ERROR at https://www.justdial.com/search?q=ESI+Dispensary+hospital&city=All
Call log:
  - navigating to "https://www.justdial.com/search?q=ESI+Dispensary+hospital&city=All", waiting until "domcontentloaded"
 (attempt 3/3)
[2026-07-27 17:35:40] INFO | Phase 1 [127/1081]: Mharaja Agarsen Sec 7dwarka
[2026-07-27 17:35:49] INFO |   Scraping hexahealth.com: https://www.hexahealth.com/delhi/hospitals/cardiology/reviews
[2026-07-27 17:35:59] INFO |   hexahealth.com: 0 scraped → 0 new unique
[2026-07-27 17:36:17] WARNING |   Nav error: Page.goto: net::ERR_HTTP2_PROTOCOL_ERROR at https://www.justdial.com/search?q=Mharaja+Agarsen+Sec+7dwarka+hospital&city=All
Call log:
  - navigating to "https://www.justdial.com/search?q=Mharaja+Agarsen+Sec+7dwarka+hospital&city=All", waiting until "domcontentloaded"
 (attempt 1/3)
[2026-07-27 17:36:21] WARNING |   Nav error: Page.goto: net::ERR_HTTP2_PROTOCOL_ERROR at https://www.justdial.com/search?q=Mharaja+Agarsen+Sec+7dwarka+hospital&city=All
Call log:
  - navigating to "https://www.justdial.com/search?q=Mharaja+Agarsen+Sec+7dwarka+hospital&city=All", waiting until "domcontentloaded"
 (attempt 2/3)
[2026-07-27 17:36:29] WARNING |   Nav error: Page.goto: net::ERR_HTTP2_PROTOCOL_ERROR at https://www.justdial.com/search?q=Mharaja+Agarsen+Sec+7dwarka+hospital&city=All
Call log:
  - navigating to "https://www.justdial.com/search?q=Mharaja+Agarsen+Sec+7dwarka+hospital&city=All", waiting until "domcontentloaded"
 (attempt 3/3)
[2026-07-27 17:36:34] INFO | Phase 1 [128/1081]: Wellness India
[2026-07-27 17:36:44] INFO |   Scraping hexahealth.com: https://www.hexahealth.com/delhi/hospitals/cardiology/reviews
[2026-07-27 17:36:53] INFO |   hexahealth.com: 0 scraped → 0 new unique
[2026-07-27 17:37:11] WARNING |   Nav error: Page.goto: net::ERR_HTTP2_PROTOCOL_ERROR at https://www.justdial.com/search?q=Wellness+India+hospital&city=All
Call log:
  - navigating to "https://www.justdial.com/search?q=Wellness+India+hospital&city=All", waiting until "domcontentloaded"
 (attempt 1/3)
[2026-07-27 17:37:15] WARNING |   Nav error: Page.goto: net::ERR_HTTP2_PROTOCOL_ERROR at https://www.justdial.com/search?q=Wellness+India+hospital&city=All
Call log:
  - navigating to "https://www.justdial.com/search?q=Wellness+India+hospital&city=All", waiting until "domcontentloaded"
 (attempt 2/3)
[2026-07-27 17:37:23] WARNING |   Nav error: Page.goto: net::ERR_HTTP2_PROTOCOL_ERROR at https://www.justdial.com/search?q=Wellness+India+hospital&city=All
Call log:
  - navigating to "https://www.justdial.com/search?q=Wellness+India+hospital&city=All", waiting until "domcontentloaded"
 (attempt 3/3)
[2026-07-27 17:37:28] INFO | Phase 1 [129/1081]: Kalpavriksh Super Speciality Center
[2026-07-27 17:37:38] INFO |   Scraping hexahealth.com: https://www.hexahealth.com/delhi/hospitals/cardiology/reviews
[2026-07-27 17:37:48] INFO |   hexahealth.com: 0 scraped → 0 new unique
[2026-07-27 17:38:07] WARNING |   Nav error: Page.goto: net::ERR_HTTP2_PROTOCOL_ERROR at https://www.justdial.com/search?q=Kalpavriksh+Super+Speciality+Center+hospital&city=All
Call log:
  - navigating to "https://www.justdial.com/search?q=Kalpavriksh+Super+Speciality+Center+hospital&city=All", waiting until "domcontentloaded"
 (attempt 1/3)
[2026-07-27 17:38:11] WARNING |   Nav error: Page.goto: net::ERR_HTTP2_PROTOCOL_ERROR at https://www.justdial.com/search?q=Kalpavriksh+Super+Speciality+Center+hospital&city=All
Call log:
  - navigating to "https://www.justdial.com/search?q=Kalpavriksh+Super+Speciality+Center+hospital&city=All", waiting until "domcontentloaded"
 (attempt 2/3)
[2026-07-27 17:38:19] WARNING |   Nav error: Page.goto: net::ERR_HTTP2_PROTOCOL_ERROR at https://www.justdial.com/search?q=Kalpavriksh+Super+Speciality+Center+hospital&city=All
Call log:
  - navigating to "https://www.justdial.com/search?q=Kalpavriksh+Super+Speciality+Center+hospital&city=All", waiting until "domcontentloaded"
 (attempt 3/3)
[2026-07-27 17:38:23] INFO | Phase 1 [130/1081]: Aastha Medicare
[2026-07-27 17:38:32] INFO |   Scraping hexahealth.com: https://www.hexahealth.com/delhi/hospitals/cardiology/reviews
[2026-07-27 17:38:42] INFO |   hexahealth.com: 0 scraped → 0 new unique
[2026-07-27 17:39:02] WARNING |   Nav error: Page.goto: net::ERR_HTTP2_PROTOCOL_ERROR at https://www.justdial.com/search?q=Aastha+Medicare+hospital&city=All
Call log:
  - navigating to "https://www.justdial.com/search?q=Aastha+Medicare+hospital&city=All", waiting until "domcontentloaded"
 (attempt 1/3)
[2026-07-27 17:39:06] WARNING |   Nav error: Page.goto: net::ERR_HTTP2_PROTOCOL_ERROR at https://www.justdial.com/search?q=Aastha+Medicare+hospital&city=All
Call log:
  - navigating to "https://www.justdial.com/search?q=Aastha+Medicare+hospital&city=All", waiting until "domcontentloaded"
 (attempt 2/3)
[2026-07-27 17:39:14] WARNING |   Nav error: Page.goto: net::ERR_HTTP2_PROTOCOL_ERROR at https://www.justdial.com/search?q=Aastha+Medicare+hospital&city=All
Call log:
  - navigating to "https://www.justdial.com/search?q=Aastha+Medicare+hospital&city=All", waiting until "domcontentloaded"
 (attempt 3/3)
[2026-07-27 17:39:19] INFO | Phase 1 [131/1081]: Highland Care Multispeciality Hospital
[2026-07-27 17:39:29] INFO |   Scraping hexahealth.com: https://www.hexahealth.com/delhi/hospitals/cardiology/reviews
[2026-07-27 17:39:39] INFO |   hexahealth.com: 0 scraped → 0 new unique
[2026-07-27 17:39:57] WARNING |   Nav error: Page.goto: net::ERR_HTTP2_PROTOCOL_ERROR at https://www.justdial.com/search?q=Highland+Care+Multispeciality+Hospital+hospital&city=All
Call log:
  - navigating to "https://www.justdial.com/search?q=Highland+Care+Multispeciality+Hospital+hospital&city=All", waiting until "domcontentloaded"
 (attempt 1/3)
[2026-07-27 17:40:01] WARNING |   Nav error: Page.goto: net::ERR_HTTP2_PROTOCOL_ERROR at https://www.justdial.com/search?q=Highland+Care+Multispeciality+Hospital+hospital&city=All
Call log:
  - navigating to "https://www.justdial.com/search?q=Highland+Care+Multispeciality+Hospital+hospital&city=All", waiting until "domcontentloaded"
 (attempt 2/3)
[2026-07-27 17:40:09] WARNING |   Nav error: Page.goto: net::ERR_HTTP2_PROTOCOL_ERROR at https://www.justdial.com/search?q=Highland+Care+Multispeciality+Hospital+hospital&city=All
Call log:
  - navigating to "https://www.justdial.com/search?q=Highland+Care+Multispeciality+Hospital+hospital&city=All", waiting until "domcontentloaded"
 (attempt 3/3)
[2026-07-27 17:40:14] INFO | Phase 1 [132/1081]: Dr Shalini Jain Gynae Clinic
[2026-07-27 17:40:24] INFO |   Scraping hexahealth.com: https://www.hexahealth.com/delhi/hospitals/cardiology/reviews
[2026-07-27 17:40:33] INFO |   hexahealth.com: 0 scraped → 0 new unique
[2026-07-27 17:40:51] WARNING |   Nav error: Page.goto: net::ERR_HTTP2_PROTOCOL_ERROR at https://www.justdial.com/search?q=Dr+Shalini+Jain+Gynae+Clinic+hospital&city=All
Call log:
  - navigating to "https://www.justdial.com/search?q=Dr+Shalini+Jain+Gynae+Clinic+hospital&city=All", waiting until "domcontentloaded"
 (attempt 1/3)
[2026-07-27 17:40:55] WARNING |   Nav error: Page.goto: net::ERR_HTTP2_PROTOCOL_ERROR at https://www.justdial.com/search?q=Dr+Shalini+Jain+Gynae+Clinic+hospital&city=All
Call log:
  - navigating to "https://www.justdial.com/search?q=Dr+Shalini+Jain+Gynae+Clinic+hospital&city=All", waiting until "domcontentloaded"
 (attempt 2/3)
[2026-07-27 17:41:03] WARNING |   Nav error: Page.goto: net::ERR_HTTP2_PROTOCOL_ERROR at https://www.justdial.com/search?q=Dr+Shalini+Jain+Gynae+Clinic+hospital&city=All
Call log:
  - navigating to "https://www.justdial.com/search?q=Dr+Shalini+Jain+Gynae+Clinic+hospital&city=All", waiting until "domcontentloaded"
 (attempt 3/3)
[2026-07-27 17:41:06] INFO | Phase 1 [133/1081]: Dispensary Chattarpur
[2026-07-27 17:41:16] INFO |   Scraping hexahealth.com: https://www.hexahealth.com/delhi/hospitals/cardiology/reviews
[2026-07-27 17:41:26] INFO |   hexahealth.com: 0 scraped → 0 new unique
[2026-07-27 17:41:44] WARNING |   Nav error: Page.goto: net::ERR_HTTP2_PROTOCOL_ERROR at https://www.justdial.com/search?q=Dispensary+Chattarpur+hospital&city=All
Call log:
  - navigating to "https://www.justdial.com/search?q=Dispensary+Chattarpur+hospital&city=All", waiting until "domcontentloaded"
 (attempt 1/3)
[2026-07-27 17:41:48] WARNING |   Nav error: Page.goto: net::ERR_HTTP2_PROTOCOL_ERROR at https://www.justdial.com/search?q=Dispensary+Chattarpur+hospital&city=All
Call log:
  - navigating to "https://www.justdial.com/search?q=Dispensary+Chattarpur+hospital&city=All", waiting until "domcontentloaded"
 (attempt 2/3)
[2026-07-27 17:41:56] WARNING |   Nav error: Page.goto: net::ERR_HTTP2_PROTOCOL_ERROR at https://www.justdial.com/search?q=Dispensary+Chattarpur+hospital&city=All
Call log:
  - navigating to "https://www.justdial.com/search?q=Dispensary+Chattarpur+hospital&city=All", waiting until "domcontentloaded"
 (attempt 3/3)
[2026-07-27 17:41:59] INFO | Phase 1 [134/1081]: Cronus Hospital
[2026-07-27 17:42:09] INFO |   Scraping hexahealth.com: https://www.hexahealth.com/delhi/hospitals/cardiology/reviews
[2026-07-27 17:42:19] INFO |   hexahealth.com: 0 scraped → 0 new unique
[2026-07-27 17:42:37] WARNING |   Nav error: Page.goto: net::ERR_HTTP2_PROTOCOL_ERROR at https://www.justdial.com/search?q=Cronus+Hospital+hospital&city=All
Call log:
  - navigating to "https://www.justdial.com/search?q=Cronus+Hospital+hospital&city=All", waiting until "domcontentloaded"
 (attempt 1/3)
[2026-07-27 17:42:41] WARNING |   Nav error: Page.goto: net::ERR_HTTP2_PROTOCOL_ERROR at https://www.justdial.com/search?q=Cronus+Hospital+hospital&city=All
Call log:
  - navigating to "https://www.justdial.com/search?q=Cronus+Hospital+hospital&city=All", waiting until "domcontentloaded"
 (attempt 2/3)
[2026-07-27 17:42:49] WARNING |   Nav error: Page.goto: net::ERR_HTTP2_PROTOCOL_ERROR at https://www.justdial.com/search?q=Cronus+Hospital+hospital&city=All
Call log:
  - navigating to "https://www.justdial.com/search?q=Cronus+Hospital+hospital&city=All", waiting until "domcontentloaded"
 (attempt 3/3)
[2026-07-27 17:42:55] INFO | Phase 1 [135/1081]: Ortho Care Hospital
[2026-07-27 17:43:05] INFO |   Scraping hexahealth.com: https://www.hexahealth.com/delhi/hospitals/cardiology/reviews
[2026-07-27 17:43:15] INFO |   hexahealth.com: 0 scraped → 0 new unique
[2026-07-27 17:43:33] WARNING |   Nav error: Page.goto: net::ERR_HTTP2_PROTOCOL_ERROR at https://www.justdial.com/search?q=Ortho+Care+Hospital+hospital&city=All
Call log:
  - navigating to "https://www.justdial.com/search?q=Ortho+Care+Hospital+hospital&city=All", waiting until "domcontentloaded"
 (attempt 1/3)
[2026-07-27 17:43:37] WARNING |   Nav error: Page.goto: net::ERR_HTTP2_PROTOCOL_ERROR at https://www.justdial.com/search?q=Ortho+Care+Hospital+hospital&city=All
Call log:
  - navigating to "https://www.justdial.com/search?q=Ortho+Care+Hospital+hospital&city=All", waiting until "domcontentloaded"
 (attempt 2/3)
[2026-07-27 17:43:45] WARNING |   Nav error: Page.goto: net::ERR_HTTP2_PROTOCOL_ERROR at https://www.justdial.com/search?q=Ortho+Care+Hospital+hospital&city=All
Call log:
  - navigating to "https://www.justdial.com/search?q=Ortho+Care+Hospital+hospital&city=All", waiting until "domcontentloaded"
 (attempt 3/3)
[2026-07-27 17:43:50] INFO | Phase 1 [136/1081]: Dada Dev Hospital
[2026-07-27 17:44:00] INFO |   Scraping hexahealth.com: https://www.hexahealth.com/delhi/hospitals/cardiology/reviews
[2026-07-27 17:44:09] INFO |   hexahealth.com: 0 scraped → 0 new unique
[2026-07-27 17:44:27] WARNING |   Nav error: Page.goto: net::ERR_HTTP2_PROTOCOL_ERROR at https://www.justdial.com/search?q=Dada+Dev+Hospital+hospital&city=All
Call log:
  - navigating to "https://www.justdial.com/search?q=Dada+Dev+Hospital+hospital&city=All", waiting until "domcontentloaded"
 (attempt 1/3)
[2026-07-27 17:44:31] WARNING |   Nav error: Page.goto: net::ERR_HTTP2_PROTOCOL_ERROR at https://www.justdial.com/search?q=Dada+Dev+Hospital+hospital&city=All
Call log:
  - navigating to "https://www.justdial.com/search?q=Dada+Dev+Hospital+hospital&city=All", waiting until "domcontentloaded"
 (attempt 2/3)
[2026-07-27 17:44:39] WARNING |   Nav error: Page.goto: net::ERR_HTTP2_PROTOCOL_ERROR at https://www.justdial.com/search?q=Dada+Dev+Hospital+hospital&city=All
Call log:
  - navigating to "https://www.justdial.com/search?q=Dada+Dev+Hospital+hospital&city=All", waiting until "domcontentloaded"
 (attempt 3/3)
[2026-07-27 17:44:43] INFO | Phase 1 [137/1081]: Janta Asptal
[2026-07-27 17:44:53] INFO |   Scraping hexahealth.com: https://www.hexahealth.com/delhi/hospitals/cardiology/reviews
[2026-07-27 17:45:02] INFO |   hexahealth.com: 0 scraped → 0 new unique
[2026-07-27 17:45:21] WARNING |   Nav error: Page.goto: net::ERR_HTTP2_PROTOCOL_ERROR at https://www.justdial.com/search?q=Janta+Asptal+hospital&city=All
Call log:
  - navigating to "https://www.justdial.com/search?q=Janta+Asptal+hospital&city=All", waiting until "domcontentloaded"
 (attempt 1/3)
[2026-07-27 17:45:25] WARNING |   Nav error: Page.goto: net::ERR_HTTP2_PROTOCOL_ERROR at https://www.justdial.com/search?q=Janta+Asptal+hospital&city=All
Call log:
  - navigating to "https://www.justdial.com/search?q=Janta+Asptal+hospital&city=All", waiting until "domcontentloaded"
 (attempt 2/3)
[2026-07-27 17:45:33] WARNING |   Nav error: Page.goto: net::ERR_HTTP2_PROTOCOL_ERROR at https://www.justdial.com/search?q=Janta+Asptal+hospital&city=All
Call log:
  - navigating to "https://www.justdial.com/search?q=Janta+Asptal+hospital&city=All", waiting until "domcontentloaded"
 (attempt 3/3)
[2026-07-27 17:45:37] INFO | Phase 1 [138/1081]: Working
[2026-07-27 17:45:47] INFO |   Scraping hexahealth.com: https://www.hexahealth.com/delhi/hospitals/cardiology/reviews
[2026-07-27 17:45:56] INFO |   hexahealth.com: 0 scraped → 0 new unique
[2026-07-27 17:46:13] WARNING |   Nav error: Page.goto: net::ERR_HTTP2_PROTOCOL_ERROR at https://www.justdial.com/search?q=Working+hospital&city=All
Call log:
  - navigating to "https://www.justdial.com/search?q=Working+hospital&city=All", waiting until "domcontentloaded"
 (attempt 1/3)
[2026-07-27 17:46:17] WARNING |   Nav error: Page.goto: net::ERR_HTTP2_PROTOCOL_ERROR at https://www.justdial.com/search?q=Working+hospital&city=All
Call log:
  - navigating to "https://www.justdial.com/search?q=Working+hospital&city=All", waiting until "domcontentloaded"
 (attempt 2/3)
[2026-07-27 17:46:25] WARNING |   Nav error: Page.goto: net::ERR_HTTP2_PROTOCOL_ERROR at https://www.justdial.com/search?q=Working+hospital&city=All
Call log:
  - navigating to "https://www.justdial.com/search?q=Working+hospital&city=All", waiting until "domcontentloaded"
 (attempt 3/3)
[2026-07-27 17:46:30] INFO | Phase 1 [139/1081]: Vishal Health Care Center
[2026-07-27 17:46:40] INFO |   Scraping hexahealth.com: https://www.hexahealth.com/delhi/hospitals/cardiology/reviews
[2026-07-27 17:46:50] INFO |   hexahealth.com: 0 scraped → 0 new unique
[2026-07-27 17:47:06] WARNING |   Nav error: Page.goto: net::ERR_HTTP2_PROTOCOL_ERROR at https://www.justdial.com/search?q=Vishal+Health+Care+Center+hospital&city=All
Call log:
  - navigating to "https://www.justdial.com/search?q=Vishal+Health+Care+Center+hospital&city=All", waiting until "domcontentloaded"
 (attempt 1/3)
[2026-07-27 17:47:10] WARNING |   Nav error: Page.goto: net::ERR_HTTP2_PROTOCOL_ERROR at https://www.justdial.com/search?q=Vishal+Health+Care+Center+hospital&city=All
Call log:
  - navigating to "https://www.justdial.com/search?q=Vishal+Health+Care+Center+hospital&city=All", waiting until "domcontentloaded"
 (attempt 2/3)
[2026-07-27 17:47:18] WARNING |   Nav error: Page.goto: net::ERR_HTTP2_PROTOCOL_ERROR at https://www.justdial.com/search?q=Vishal+Health+Care+Center+hospital&city=All
Call log:
  - navigating to "https://www.justdial.com/search?q=Vishal+Health+Care+Center+hospital&city=All", waiting until "domcontentloaded"
 (attempt 3/3)
[2026-07-27 17:47:22] INFO | Phase 1 [140/1081]: Life Care Hospital
[2026-07-27 17:47:32] INFO |   Scraping hexahealth.com: https://www.hexahealth.com/delhi/hospitals/cardiology/reviews
[2026-07-27 17:47:42] INFO |   hexahealth.com: 0 scraped → 0 new unique
[2026-07-27 17:47:58] WARNING |   Nav error: Page.goto: net::ERR_HTTP2_PROTOCOL_ERROR at https://www.justdial.com/search?q=Life+Care+Hospital+hospital&city=All
Call log:
  - navigating to "https://www.justdial.com/search?q=Life+Care+Hospital+hospital&city=All", waiting until "domcontentloaded"
 (attempt 1/3)
[2026-07-27 17:48:02] WARNING |   Nav error: Page.goto: net::ERR_HTTP2_PROTOCOL_ERROR at https://www.justdial.com/search?q=Life+Care+Hospital+hospital&city=All
Call log:
  - navigating to "https://www.justdial.com/search?q=Life+Care+Hospital+hospital&city=All", waiting until "domcontentloaded"
 (attempt 2/3)
[2026-07-27 17:48:10] WARNING |   Nav error: Page.goto: net::ERR_HTTP2_PROTOCOL_ERROR at https://www.justdial.com/search?q=Life+Care+Hospital+hospital&city=All
Call log:
  - navigating to "https://www.justdial.com/search?q=Life+Care+Hospital+hospital&city=All", waiting until "domcontentloaded"
 (attempt 3/3)
[2026-07-27 17:48:13] INFO | Phase 1 [141/1081]: Medeor Hospital Dwarka
[2026-07-27 17:48:23] INFO |   Scraping hexahealth.com: https://www.hexahealth.com/delhi/hospitals/cardiology/reviews
[2026-07-27 17:48:33] INFO |   hexahealth.com: 0 scraped → 0 new unique
[2026-07-27 17:48:51] WARNING |   Nav error: Page.goto: net::ERR_HTTP2_PROTOCOL_ERROR at https://www.justdial.com/search?q=Medeor+Hospital+Dwarka+hospital&city=All
Call log:
  - navigating to "https://www.justdial.com/search?q=Medeor+Hospital+Dwarka+hospital&city=All", waiting until "domcontentloaded"
 (attempt 1/3)
[2026-07-27 17:48:55] WARNING |   Nav error: Page.goto: net::ERR_HTTP2_PROTOCOL_ERROR at https://www.justdial.com/search?q=Medeor+Hospital+Dwarka+hospital&city=All
Call log:
  - navigating to "https://www.justdial.com/search?q=Medeor+Hospital+Dwarka+hospital&city=All", waiting until "domcontentloaded"
 (attempt 2/3)
[2026-07-27 17:49:04] WARNING |   Nav error: Page.goto: net::ERR_HTTP2_PROTOCOL_ERROR at https://www.justdial.com/search?q=Medeor+Hospital+Dwarka+hospital&city=All
Call log:
  - navigating to "https://www.justdial.com/search?q=Medeor+Hospital+Dwarka+hospital&city=All", waiting until "domcontentloaded"
 (attempt 3/3)
[2026-07-27 17:49:07] INFO | Phase 1 [142/1081]: Shokeen Hospital
[2026-07-27 17:49:17] INFO |   Scraping hexahealth.com: https://www.hexahealth.com/delhi/hospitals/cardiology/reviews
[2026-07-27 17:49:27] INFO |   hexahealth.com: 0 scraped → 0 new unique
[2026-07-27 17:49:47] WARNING |   Nav error: Page.goto: net::ERR_HTTP2_PROTOCOL_ERROR at https://www.justdial.com/search?q=Shokeen+Hospital+hospital&city=All
Call log:
  - navigating to "https://www.justdial.com/search?q=Shokeen+Hospital+hospital&city=All", waiting until "domcontentloaded"
 (attempt 1/3)
[2026-07-27 17:49:51] WARNING |   Nav error: Page.goto: net::ERR_HTTP2_PROTOCOL_ERROR at https://www.justdial.com/search?q=Shokeen+Hospital+hospital&city=All
Call log:
  - navigating to "https://www.justdial.com/search?q=Shokeen+Hospital+hospital&city=All", waiting until "domcontentloaded"
 (attempt 2/3)
[2026-07-27 17:49:59] WARNING |   Nav error: Page.goto: net::ERR_HTTP2_PROTOCOL_ERROR at https://www.justdial.com/search?q=Shokeen+Hospital+hospital&city=All
Call log:
  - navigating to "https://www.justdial.com/search?q=Shokeen+Hospital+hospital&city=All", waiting until "domcontentloaded"
 (attempt 3/3)
[2026-07-27 17:50:04] INFO | Phase 1 [143/1081]: Samar Hospital 50 Bedded Multispeciality Centre
[2026-07-27 17:50:14] INFO |   Scraping hexahealth.com: https://www.hexahealth.com/delhi/hospitals/cardiology/reviews
[2026-07-27 17:50:24] INFO |   hexahealth.com: 0 scraped → 0 new unique
[2026-07-27 17:50:43] WARNING |   Nav error: Page.goto: net::ERR_HTTP2_PROTOCOL_ERROR at https://www.justdial.com/search?q=Samar+Hospital+50+Bedded+Multispeciality+Centre+hospital&city=All
Call log:
  - navigating to "https://www.justdial.com/search?q=Samar+Hospital+50+Bedded+Multispeciality+Centre+hospital&city=All", waiting until "domcontentloaded"
 (attempt 1/3)
[2026-07-27 17:50:47] WARNING |   Nav error: Page.goto: net::ERR_HTTP2_PROTOCOL_ERROR at https://www.justdial.com/search?q=Samar+Hospital+50+Bedded+Multispeciality+Centre+hospital&city=All
Call log:
  - navigating to "https://www.justdial.com/search?q=Samar+Hospital+50+Bedded+Multispeciality+Centre+hospital&city=All", waiting until "domcontentloaded"
 (attempt 2/3)
[2026-07-27 17:50:55] WARNING |   Nav error: Page.goto: net::ERR_HTTP2_PROTOCOL_ERROR at https://www.justdial.com/search?q=Samar+Hospital+50+Bedded+Multispeciality+Centre+hospital&city=All
Call log:
  - navigating to "https://www.justdial.com/search?q=Samar+Hospital+50+Bedded+Multispeciality+Centre+hospital&city=All", waiting until "domcontentloaded"
 (attempt 3/3)
[2026-07-27 17:51:01] INFO | Phase 1 [144/1081]: Rao Tularam Memorial Hospital
[2026-07-27 17:51:11] INFO |   Scraping hexahealth.com: https://www.hexahealth.com/delhi/hospitals/cardiology/reviews
[2026-07-27 17:51:20] INFO |   hexahealth.com: 0 scraped → 0 new unique
[2026-07-27 17:51:39] WARNING |   Nav error: Page.goto: net::ERR_HTTP2_PROTOCOL_ERROR at https://www.justdial.com/search?q=Rao+Tularam+Memorial+Hospital+hospital&city=All
Call log:
  - navigating to "https://www.justdial.com/search?q=Rao+Tularam+Memorial+Hospital+hospital&city=All", waiting until "domcontentloaded"
 (attempt 1/3)
[2026-07-27 17:51:43] WARNING |   Nav error: Page.goto: net::ERR_HTTP2_PROTOCOL_ERROR at https://www.justdial.com/search?q=Rao+Tularam+Memorial+Hospital+hospital&city=All
Call log:
  - navigating to "https://www.justdial.com/search?q=Rao+Tularam+Memorial+Hospital+hospital&city=All", waiting until "domcontentloaded"
 (attempt 2/3)
[2026-07-27 17:51:51] WARNING |   Nav error: Page.goto: net::ERR_HTTP2_PROTOCOL_ERROR at https://www.justdial.com/search?q=Rao+Tularam+Memorial+Hospital+hospital&city=All
Call log:
  - navigating to "https://www.justdial.com/search?q=Rao+Tularam+Memorial+Hospital+hospital&city=All", waiting until "domcontentloaded"
 (attempt 3/3)
[2026-07-27 17:51:57] INFO | Phase 1 [145/1081]: Rosewood Hospital
[2026-07-27 17:52:07] INFO |   Scraping hexahealth.com: https://www.hexahealth.com/delhi/hospitals/cardiology/reviews
[2026-07-27 17:52:16] INFO |   hexahealth.com: 0 scraped → 0 new unique
[2026-07-27 17:52:32] WARNING |   Nav error: Page.goto: net::ERR_HTTP2_PROTOCOL_ERROR at https://www.justdial.com/search?q=Rosewood+Hospital+hospital&city=All
Call log:
  - navigating to "https://www.justdial.com/search?q=Rosewood+Hospital+hospital&city=All", waiting until "domcontentloaded"
 (attempt 1/3)
[2026-07-27 17:52:36] WARNING |   Nav error: Page.goto: net::ERR_HTTP2_PROTOCOL_ERROR at https://www.justdial.com/search?q=Rosewood+Hospital+hospital&city=All
Call log:
  - navigating to "https://www.justdial.com/search?q=Rosewood+Hospital+hospital&city=All", waiting until "domcontentloaded"
 (attempt 2/3)
[2026-07-27 17:52:44] WARNING |   Nav error: Page.goto: net::ERR_HTTP2_PROTOCOL_ERROR at https://www.justdial.com/search?q=Rosewood+Hospital+hospital&city=All
Call log:
  - navigating to "https://www.justdial.com/search?q=Rosewood+Hospital+hospital&city=All", waiting until "domcontentloaded"
 (attempt 3/3)
[2026-07-27 17:52:48] INFO | Phase 1 [146/1081]: Dr Sanjay Multi Speciality Hospital - Best Hospital In Bahadurgarh
[2026-07-27 17:52:57] INFO |   Scraping hexahealth.com: https://www.hexahealth.com/delhi/hospitals/cardiology/reviews
[2026-07-27 17:53:07] INFO |   hexahealth.com: 0 scraped → 0 new unique
[2026-07-27 17:53:23] WARNING |   Nav error: Page.goto: net::ERR_HTTP2_PROTOCOL_ERROR at https://www.justdial.com/search?q=Dr+Sanjay+Multi+Speciality+Hospital+-+Best+Hospital+In+Bahadurgarh+hospital&city=All
Call log:
  - navigating to "https://www.justdial.com/search?q=Dr+Sanjay+Multi+Speciality+Hospital+-+Best+Hospital+In+Bahadurgarh+hospital&city=All", waiting until "domcontentloaded"
 (attempt 1/3)
[2026-07-27 17:53:27] WARNING |   Nav error: Page.goto: net::ERR_HTTP2_PROTOCOL_ERROR at https://www.justdial.com/search?q=Dr+Sanjay+Multi+Speciality+Hospital+-+Best+Hospital+In+Bahadurgarh+hospital&city=All
Call log:
  - navigating to "https://www.justdial.com/search?q=Dr+Sanjay+Multi+Speciality+Hospital+-+Best+Hospital+In+Bahadurgarh+hospital&city=All", waiting until "domcontentloaded"
 (attempt 2/3)
[2026-07-27 17:53:35] WARNING |   Nav error: Page.goto: net::ERR_HTTP2_PROTOCOL_ERROR at https://www.justdial.com/search?q=Dr+Sanjay+Multi+Speciality+Hospital+-+Best+Hospital+In+Bahadurgarh+hospital&city=All
Call log:
  - navigating to "https://www.justdial.com/search?q=Dr+Sanjay+Multi+Speciality+Hospital+-+Best+Hospital+In+Bahadurgarh+hospital&city=All", waiting until "domcontentloaded"
 (attempt 3/3)
[2026-07-27 17:53:40] INFO | Phase 1 [147/1081]: Swastik Multispeciality Hospital
[2026-07-27 17:53:49] INFO |   Scraping hexahealth.com: https://www.hexahealth.com/delhi/hospitals/cardiology/reviews
[2026-07-27 17:53:59] INFO |   hexahealth.com: 0 scraped → 0 new unique
[2026-07-27 17:54:16] WARNING |   Nav error: Page.goto: net::ERR_HTTP2_PROTOCOL_ERROR at https://www.justdial.com/search?q=Swastik+Multispeciality+Hospital+hospital&city=All
Call log:
  - navigating to "https://www.justdial.com/search?q=Swastik+Multispeciality+Hospital+hospital&city=All", waiting until "domcontentloaded"
 (attempt 1/3)
[2026-07-27 17:54:20] WARNING |   Nav error: Page.goto: net::ERR_HTTP2_PROTOCOL_ERROR at https://www.justdial.com/search?q=Swastik+Multispeciality+Hospital+hospital&city=All
Call log:
  - navigating to "https://www.justdial.com/search?q=Swastik+Multispeciality+Hospital+hospital&city=All", waiting until "domcontentloaded"
 (attempt 2/3)
[2026-07-27 17:54:28] WARNING |   Nav error: Page.goto: net::ERR_HTTP2_PROTOCOL_ERROR at https://www.justdial.com/search?q=Swastik+Multispeciality+Hospital+hospital&city=All
Call log:
  - navigating to "https://www.justdial.com/search?q=Swastik+Multispeciality+Hospital+hospital&city=All", waiting until "domcontentloaded"
 (attempt 3/3)
[2026-07-27 17:54:33] INFO | Phase 1 [148/1081]: INDIGO HOSPITAL
[2026-07-27 17:54:43] INFO |   Scraping hexahealth.com: https://www.hexahealth.com/delhi/hospitals/cardiology/reviews
[2026-07-27 17:54:52] INFO |   hexahealth.com: 0 scraped → 0 new unique
[2026-07-27 17:55:11] WARNING |   Nav error: Page.goto: net::ERR_HTTP2_PROTOCOL_ERROR at https://www.justdial.com/search?q=INDIGO+HOSPITAL+hospital&city=All
Call log:
  - navigating to "https://www.justdial.com/search?q=INDIGO+HOSPITAL+hospital&city=All", waiting until "domcontentloaded"
 (attempt 1/3)
[2026-07-27 17:55:15] WARNING |   Nav error: Page.goto: net::ERR_HTTP2_PROTOCOL_ERROR at https://www.justdial.com/search?q=INDIGO+HOSPITAL+hospital&city=All
Call log:
  - navigating to "https://www.justdial.com/search?q=INDIGO+HOSPITAL+hospital&city=All", waiting until "domcontentloaded"
 (attempt 2/3)
[2026-07-27 17:55:23] WARNING |   Nav error: Page.goto: net::ERR_HTTP2_PROTOCOL_ERROR at https://www.justdial.com/search?q=INDIGO+HOSPITAL+hospital&city=All
Call log:
  - navigating to "https://www.justdial.com/search?q=INDIGO+HOSPITAL+hospital&city=All", waiting until "domcontentloaded"
 (attempt 3/3)
[2026-07-27 17:55:27] INFO | Phase 1 [149/1081]: Satyabhama Hospital Private Limited
[2026-07-27 17:55:37] INFO |   Scraping hexahealth.com: https://www.hexahealth.com/delhi/hospitals/cardiology/reviews
[2026-07-27 17:55:46] INFO |   hexahealth.com: 0 scraped → 0 new unique
[2026-07-27 17:56:05] WARNING |   Nav error: Page.goto: net::ERR_HTTP2_PROTOCOL_ERROR at https://www.justdial.com/search?q=Satyabhama+Hospital+Private+Limited+hospital&city=All
Call log:
  - navigating to "https://www.justdial.com/search?q=Satyabhama+Hospital+Private+Limited+hospital&city=All", waiting until "domcontentloaded"
 (attempt 1/3)
[2026-07-27 17:56:09] WARNING |   Nav error: Page.goto: net::ERR_HTTP2_PROTOCOL_ERROR at https://www.justdial.com/search?q=Satyabhama+Hospital+Private+Limited+hospital&city=All
Call log:
  - navigating to "https://www.justdial.com/search?q=Satyabhama+Hospital+Private+Limited+hospital&city=All", waiting until "domcontentloaded"
 (attempt 2/3)
[2026-07-27 17:56:17] WARNING |   Nav error: Page.goto: net::ERR_HTTP2_PROTOCOL_ERROR at https://www.justdial.com/search?q=Satyabhama+Hospital+Private+Limited+hospital&city=All
Call log:
  - navigating to "https://www.justdial.com/search?q=Satyabhama+Hospital+Private+Limited+hospital&city=All", waiting until "domcontentloaded"
 (attempt 3/3)
[2026-07-27 17:56:23] INFO | Phase 1 [150/1081]: Gahlot Hospital
[2026-07-27 17:56:33] INFO |   Scraping hexahealth.com: https://www.hexahealth.com/delhi/hospitals/cardiology/reviews
[2026-07-27 17:56:43] INFO |   hexahealth.com: 0 scraped → 0 new unique
[2026-07-27 17:57:01] WARNING |   Nav error: Page.goto: net::ERR_HTTP2_PROTOCOL_ERROR at https://www.justdial.com/search?q=Gahlot+Hospital+hospital&city=All
Call log:
  - navigating to "https://www.justdial.com/search?q=Gahlot+Hospital+hospital&city=All", waiting until "domcontentloaded"
 (attempt 1/3)
[2026-07-27 17:57:05] WARNING |   Nav error: Page.goto: net::ERR_HTTP2_PROTOCOL_ERROR at https://www.justdial.com/search?q=Gahlot+Hospital+hospital&city=All
Call log:
  - navigating to "https://www.justdial.com/search?q=Gahlot+Hospital+hospital&city=All", waiting until "domcontentloaded"
 (attempt 2/3)
[2026-07-27 17:57:13] WARNING |   Nav error: Page.goto: net::ERR_HTTP2_PROTOCOL_ERROR at https://www.justdial.com/search?q=Gahlot+Hospital+hospital&city=All
Call log:
  - navigating to "https://www.justdial.com/search?q=Gahlot+Hospital+hospital&city=All", waiting until "domcontentloaded"
 (attempt 3/3)
[2026-07-27 17:57:19] INFO | Phase 1 [151/1081]: C D Global Hospital
[2026-07-27 17:57:29] INFO |   Scraping hexahealth.com: https://www.hexahealth.com/delhi/hospitals/cardiology/reviews
[2026-07-27 17:57:38] INFO |   hexahealth.com: 0 scraped → 0 new unique
[2026-07-27 17:57:53] WARNING |   Nav error: Page.goto: net::ERR_HTTP2_PROTOCOL_ERROR at https://www.justdial.com/search?q=C+D+Global+Hospital+hospital&city=All
Call log:
  - navigating to "https://www.justdial.com/search?q=C+D+Global+Hospital+hospital&city=All", waiting until "domcontentloaded"
 (attempt 1/3)
[2026-07-27 17:57:57] WARNING |   Nav error: Page.goto: net::ERR_HTTP2_PROTOCOL_ERROR at https://www.justdial.com/search?q=C+D+Global+Hospital+hospital&city=All
Call log:
  - navigating to "https://www.justdial.com/search?q=C+D+Global+Hospital+hospital&city=All", waiting until "domcontentloaded"
 (attempt 2/3)
[2026-07-27 17:58:05] WARNING |   Nav error: Page.goto: net::ERR_HTTP2_PROTOCOL_ERROR at https://www.justdial.com/search?q=C+D+Global+Hospital+hospital&city=All
Call log:
  - navigating to "https://www.justdial.com/search?q=C+D+Global+Hospital+hospital&city=All", waiting until "domcontentloaded"
 (attempt 3/3)
[2026-07-27 17:58:08] INFO | Phase 1 [152/1081]: Ved Hospital
[2026-07-27 17:58:18] INFO |   Scraping hexahealth.com: https://www.hexahealth.com/delhi/hospitals/cardiology/reviews
[2026-07-27 17:58:28] INFO |   hexahealth.com: 0 scraped → 0 new unique
[2026-07-27 17:58:46] WARNING |   Nav error: Page.goto: net::ERR_HTTP2_PROTOCOL_ERROR at https://www.justdial.com/search?q=Ved+Hospital+hospital&city=All
Call log:
  - navigating to "https://www.justdial.com/search?q=Ved+Hospital+hospital&city=All", waiting until "domcontentloaded"
 (attempt 1/3)
[2026-07-27 17:58:50] WARNING |   Nav error: Page.goto: net::ERR_HTTP2_PROTOCOL_ERROR at https://www.justdial.com/search?q=Ved+Hospital+hospital&city=All
Call log:
  - navigating to "https://www.justdial.com/search?q=Ved+Hospital+hospital&city=All", waiting until "domcontentloaded"
 (attempt 2/3)
[2026-07-27 17:58:58] WARNING |   Nav error: Page.goto: net::ERR_HTTP2_PROTOCOL_ERROR at https://www.justdial.com/search?q=Ved+Hospital+hospital&city=All
Call log:
  - navigating to "https://www.justdial.com/search?q=Ved+Hospital+hospital&city=All", waiting until "domcontentloaded"
 (attempt 3/3)
[2026-07-27 17:59:03] INFO | Phase 1 [153/1081]: Life Care Multispeciality Hospital
[2026-07-27 17:59:13] INFO |   Scraping hexahealth.com: https://www.hexahealth.com/delhi/hospitals/cardiology/reviews
[2026-07-27 17:59:22] INFO |   hexahealth.com: 0 scraped → 0 new unique
[2026-07-27 17:59:40] WARNING |   Nav error: Page.goto: net::ERR_HTTP2_PROTOCOL_ERROR at https://www.justdial.com/search?q=Life+Care+Multispeciality+Hospital+hospital&city=All
Call log:
  - navigating to "https://www.justdial.com/search?q=Life+Care+Multispeciality+Hospital+hospital&city=All", waiting until "domcontentloaded"
 (attempt 1/3)
[2026-07-27 17:59:44] WARNING |   Nav error: Page.goto: net::ERR_HTTP2_PROTOCOL_ERROR at https://www.justdial.com/search?q=Life+Care+Multispeciality+Hospital+hospital&city=All
Call log:
  - navigating to "https://www.justdial.com/search?q=Life+Care+Multispeciality+Hospital+hospital&city=All", waiting until "domcontentloaded"
 (attempt 2/3)
[2026-07-27 17:59:52] WARNING |   Nav error: Page.goto: net::ERR_HTTP2_PROTOCOL_ERROR at https://www.justdial.com/search?q=Life+Care+Multispeciality+Hospital+hospital&city=All
Call log:
  - navigating to "https://www.justdial.com/search?q=Life+Care+Multispeciality+Hospital+hospital&city=All", waiting until "domcontentloaded"
 (attempt 3/3)
[2026-07-27 17:59:55] INFO | Phase 1 [154/1081]: Mudgil Babasir Hospital
[2026-07-27 18:00:05] INFO |   Scraping hexahealth.com: https://www.hexahealth.com/delhi/hospitals/cardiology/reviews
[2026-07-27 18:00:14] INFO |   hexahealth.com: 0 scraped → 0 new unique
[2026-07-27 18:00:32] WARNING |   Nav error: Page.goto: net::ERR_HTTP2_PROTOCOL_ERROR at https://www.justdial.com/search?q=Mudgil+Babasir+Hospital+hospital&city=All
Call log:
  - navigating to "https://www.justdial.com/search?q=Mudgil+Babasir+Hospital+hospital&city=All", waiting until "domcontentloaded"
 (attempt 1/3)
[2026-07-27 18:00:36] WARNING |   Nav error: Page.goto: net::ERR_HTTP2_PROTOCOL_ERROR at https://www.justdial.com/search?q=Mudgil+Babasir+Hospital+hospital&city=All
Call log:
  - navigating to "https://www.justdial.com/search?q=Mudgil+Babasir+Hospital+hospital&city=All", waiting until "domcontentloaded"
 (attempt 2/3)
[2026-07-27 18:00:44] WARNING |   Nav error: Page.goto: net::ERR_HTTP2_PROTOCOL_ERROR at https://www.justdial.com/search?q=Mudgil+Babasir+Hospital+hospital&city=All
Call log:
  - navigating to "https://www.justdial.com/search?q=Mudgil+Babasir+Hospital+hospital&city=All", waiting until "domcontentloaded"
 (attempt 3/3)
[2026-07-27 18:00:49] INFO | Phase 1 [155/1081]: Puspa Hospital
[2026-07-27 18:00:59] INFO |   Scraping hexahealth.com: https://www.hexahealth.com/delhi/hospitals/cardiology/reviews
[2026-07-27 18:01:09] INFO |   hexahealth.com: 0 scraped → 0 new unique
[2026-07-27 18:01:29] WARNING |   Nav error: Page.goto: net::ERR_HTTP2_PROTOCOL_ERROR at https://www.justdial.com/search?q=Puspa+Hospital+hospital&city=All
Call log:
  - navigating to "https://www.justdial.com/search?q=Puspa+Hospital+hospital&city=All", waiting until "domcontentloaded"
 (attempt 1/3)
[2026-07-27 18:01:33] WARNING |   Nav error: Page.goto: net::ERR_HTTP2_PROTOCOL_ERROR at https://www.justdial.com/search?q=Puspa+Hospital+hospital&city=All
Call log:
  - navigating to "https://www.justdial.com/search?q=Puspa+Hospital+hospital&city=All", waiting until "domcontentloaded"
 (attempt 2/3)
[2026-07-27 18:01:41] WARNING |   Nav error: Page.goto: net::ERR_HTTP2_PROTOCOL_ERROR at https://www.justdial.com/search?q=Puspa+Hospital+hospital&city=All
Call log:
  - navigating to "https://www.justdial.com/search?q=Puspa+Hospital+hospital&city=All", waiting until "domcontentloaded"
 (attempt 3/3)
[2026-07-27 18:01:46] INFO | Phase 1 [156/1081]: PT. R.R.M HOSPITAL
[2026-07-27 18:01:56] INFO |   Scraping hexahealth.com: https://www.hexahealth.com/delhi/hospitals/cardiology/reviews
[2026-07-27 18:02:05] INFO |   hexahealth.com: 0 scraped → 0 new unique
[2026-07-27 18:02:24] WARNING |   Nav error: Page.goto: net::ERR_HTTP2_PROTOCOL_ERROR at https://www.justdial.com/search?q=PT.+R.R.M+HOSPITAL+hospital&city=All
Call log:
  - navigating to "https://www.justdial.com/search?q=PT.+R.R.M+HOSPITAL+hospital&city=All", waiting until "domcontentloaded"
 (attempt 1/3)
[2026-07-27 18:02:28] WARNING |   Nav error: Page.goto: net::ERR_HTTP2_PROTOCOL_ERROR at https://www.justdial.com/search?q=PT.+R.R.M+HOSPITAL+hospital&city=All
Call log:
  - navigating to "https://www.justdial.com/search?q=PT.+R.R.M+HOSPITAL+hospital&city=All", waiting until "domcontentloaded"
 (attempt 2/3)
[2026-07-27 18:02:36] WARNING |   Nav error: Page.goto: net::ERR_HTTP2_PROTOCOL_ERROR at https://www.justdial.com/search?q=PT.+R.R.M+HOSPITAL+hospital&city=All
Call log:
  - navigating to "https://www.justdial.com/search?q=PT.+R.R.M+HOSPITAL+hospital&city=All", waiting until "domcontentloaded"
 (attempt 3/3)
[2026-07-27 18:02:40] INFO | Phase 1 [157/1081]: Daivik Hospital
[2026-07-27 18:02:50] INFO |   Scraping hexahealth.com: https://www.hexahealth.com/delhi/hospitals/cardiology/reviews
[2026-07-27 18:03:00] INFO |   hexahealth.com: 0 scraped → 0 new unique
[2026-07-27 18:03:16] WARNING |   Nav error: Page.goto: net::ERR_HTTP2_PROTOCOL_ERROR at https://www.justdial.com/search?q=Daivik+Hospital+hospital&city=All
Call log:
  - navigating to "https://www.justdial.com/search?q=Daivik+Hospital+hospital&city=All", waiting until "domcontentloaded"
 (attempt 1/3)
[2026-07-27 18:03:20] WARNING |   Nav error: Page.goto: net::ERR_HTTP2_PROTOCOL_ERROR at https://www.justdial.com/search?q=Daivik+Hospital+hospital&city=All
Call log:
  - navigating to "https://www.justdial.com/search?q=Daivik+Hospital+hospital&city=All", waiting until "domcontentloaded"
 (attempt 2/3)
[2026-07-27 18:03:28] WARNING |   Nav error: Page.goto: net::ERR_HTTP2_PROTOCOL_ERROR at https://www.justdial.com/search?q=Daivik+Hospital+hospital&city=All
Call log:
  - navigating to "https://www.justdial.com/search?q=Daivik+Hospital+hospital&city=All", waiting until "domcontentloaded"
 (attempt 3/3)
[2026-07-27 18:03:34] INFO | Phase 1 [158/1081]: Delhi Hospital and Nursing Home (Bahadurgarh Haryana)
[2026-07-27 18:03:44] INFO |   Scraping hexahealth.com: https://www.hexahealth.com/delhi/hospitals/cardiology/reviews
[2026-07-27 18:03:53] INFO |   hexahealth.com: 0 scraped → 0 new unique
[2026-07-27 18:04:12] WARNING |   Nav error: Page.goto: net::ERR_HTTP2_PROTOCOL_ERROR at https://www.justdial.com/search?q=Delhi+Hospital+and+Nursing+Home+%28Bahadurgarh+Haryana%29+hospital&city=All
Call log:
  - navigating to "https://www.justdial.com/search?q=Delhi+Hospital+and+Nursing+Home+%28Bahadurgarh+Haryana%29+hospital&city=All", waiting until "domcontentloaded"
 (attempt 1/3)
[2026-07-27 18:04:16] WARNING |   Nav error: Page.goto: net::ERR_HTTP2_PROTOCOL_ERROR at https://www.justdial.com/search?q=Delhi+Hospital+and+Nursing+Home+%28Bahadurgarh+Haryana%29+hospital&city=All
Call log:
  - navigating to "https://www.justdial.com/search?q=Delhi+Hospital+and+Nursing+Home+%28Bahadurgarh+Haryana%29+hospital&city=All", waiting until "domcontentloaded"
 (attempt 2/3)
[2026-07-27 18:04:24] WARNING |   Nav error: Page.goto: net::ERR_HTTP2_PROTOCOL_ERROR at https://www.justdial.com/search?q=Delhi+Hospital+and+Nursing+Home+%28Bahadurgarh+Haryana%29+hospital&city=All
Call log:
  - navigating to "https://www.justdial.com/search?q=Delhi+Hospital+and+Nursing+Home+%28Bahadurgarh+Haryana%29+hospital&city=All", waiting until "domcontentloaded"
 (attempt 3/3)
[2026-07-27 18:04:30] INFO | Phase 1 [159/1081]: DGHS Dispensary
[2026-07-27 18:04:40] INFO |   Scraping hexahealth.com: https://www.hexahealth.com/delhi/hospitals/cardiology/reviews
[2026-07-27 18:04:49] INFO |   hexahealth.com: 0 scraped → 0 new unique
[2026-07-27 18:05:06] WARNING |   Nav error: Page.goto: net::ERR_HTTP2_PROTOCOL_ERROR at https://www.justdial.com/search?q=DGHS+Dispensary+hospital&city=All
Call log:
  - navigating to "https://www.justdial.com/search?q=DGHS+Dispensary+hospital&city=All", waiting until "domcontentloaded"
 (attempt 1/3)
[2026-07-27 18:05:10] WARNING |   Nav error: Page.goto: net::ERR_HTTP2_PROTOCOL_ERROR at https://www.justdial.com/search?q=DGHS+Dispensary+hospital&city=All
Call log:
  - navigating to "https://www.justdial.com/search?q=DGHS+Dispensary+hospital&city=All", waiting until "domcontentloaded"
 (attempt 2/3)
[2026-07-27 18:05:18] WARNING |   Nav error: Page.goto: net::ERR_HTTP2_PROTOCOL_ERROR at https://www.justdial.com/search?q=DGHS+Dispensary+hospital&city=All
Call log:
  - navigating to "https://www.justdial.com/search?q=DGHS+Dispensary+hospital&city=All", waiting until "domcontentloaded"
 (attempt 3/3)
[2026-07-27 18:05:23] INFO | Phase 1 [160/1081]: CGHS DISPENSARY
[2026-07-27 18:05:33] INFO |   Scraping hexahealth.com: https://www.hexahealth.com/delhi/hospitals/cardiology/reviews
[2026-07-27 18:05:42] INFO |   hexahealth.com: 0 scraped → 0 new unique
[2026-07-27 18:06:00] WARNING |   Nav error: Page.goto: net::ERR_HTTP2_PROTOCOL_ERROR at https://www.justdial.com/search?q=CGHS+DISPENSARY+hospital&city=All
Call log:
  - navigating to "https://www.justdial.com/search?q=CGHS+DISPENSARY+hospital&city=All", waiting until "domcontentloaded"
 (attempt 1/3)
[2026-07-27 18:06:04] WARNING |   Nav error: Page.goto: net::ERR_HTTP2_PROTOCOL_ERROR at https://www.justdial.com/search?q=CGHS+DISPENSARY+hospital&city=All
Call log:
  - navigating to "https://www.justdial.com/search?q=CGHS+DISPENSARY+hospital&city=All", waiting until "domcontentloaded"
 (attempt 2/3)
[2026-07-27 18:06:12] WARNING |   Nav error: Page.goto: net::ERR_HTTP2_PROTOCOL_ERROR at https://www.justdial.com/search?q=CGHS+DISPENSARY+hospital&city=All
Call log:
  - navigating to "https://www.justdial.com/search?q=CGHS+DISPENSARY+hospital&city=All", waiting until "domcontentloaded"
 (attempt 3/3)
[2026-07-27 18:06:18] INFO | Phase 1 [161/1081]: Shyama Devi Hospital
[2026-07-27 18:06:28] INFO |   Scraping hexahealth.com: https://www.hexahealth.com/delhi/hospitals/cardiology/reviews
[2026-07-27 18:06:38] INFO |   hexahealth.com: 0 scraped → 0 new unique
[2026-07-27 18:06:56] WARNING |   Nav error: Page.goto: net::ERR_HTTP2_PROTOCOL_ERROR at https://www.justdial.com/search?q=Shyama+Devi+Hospital+hospital&city=All
Call log:
  - navigating to "https://www.justdial.com/search?q=Shyama+Devi+Hospital+hospital&city=All", waiting until "domcontentloaded"
 (attempt 1/3)
[2026-07-27 18:07:00] WARNING |   Nav error: Page.goto: net::ERR_HTTP2_PROTOCOL_ERROR at https://www.justdial.com/search?q=Shyama+Devi+Hospital+hospital&city=All
Call log:
  - navigating to "https://www.justdial.com/search?q=Shyama+Devi+Hospital+hospital&city=All", waiting until "domcontentloaded"
 (attempt 2/3)
[2026-07-27 18:07:08] WARNING |   Nav error: Page.goto: net::ERR_HTTP2_PROTOCOL_ERROR at https://www.justdial.com/search?q=Shyama+Devi+Hospital+hospital&city=All
Call log:
  - navigating to "https://www.justdial.com/search?q=Shyama+Devi+Hospital+hospital&city=All", waiting until "domcontentloaded"
 (attempt 3/3)
[2026-07-27 18:07:12] INFO | Phase 1 [162/1081]: CRPF Composite Hospital
[2026-07-27 18:07:22] INFO |   Scraping hexahealth.com: https://www.hexahealth.com/delhi/hospitals/cardiology/reviews
[2026-07-27 18:07:32] INFO |   hexahealth.com: 0 scraped → 0 new unique
[2026-07-27 18:07:48] WARNING |   Nav error: Page.goto: net::ERR_HTTP2_PROTOCOL_ERROR at https://www.justdial.com/search?q=CRPF+Composite+Hospital+hospital&city=All
Call log:
  - navigating to "https://www.justdial.com/search?q=CRPF+Composite+Hospital+hospital&city=All", waiting until "domcontentloaded"
 (attempt 1/3)
[2026-07-27 18:07:53] WARNING |   Nav error: Page.goto: net::ERR_HTTP2_PROTOCOL_ERROR at https://www.justdial.com/search?q=CRPF+Composite+Hospital+hospital&city=All
Call log:
  - navigating to "https://www.justdial.com/search?q=CRPF+Composite+Hospital+hospital&city=All", waiting until "domcontentloaded"
 (attempt 2/3)
[2026-07-27 18:08:01] WARNING |   Nav error: Page.goto: net::ERR_HTTP2_PROTOCOL_ERROR at https://www.justdial.com/search?q=CRPF+Composite+Hospital+hospital&city=All
Call log:
  - navigating to "https://www.justdial.com/search?q=CRPF+Composite+Hospital+hospital&city=All", waiting until "domcontentloaded"
 (attempt 3/3)
[2026-07-27 18:08:06] INFO | Phase 1 [163/1081]: Dr KALIDUTTA DAS
[2026-07-27 18:08:15] INFO |   Scraping hexahealth.com: https://www.hexahealth.com/delhi/hospitals/cardiology/reviews
[2026-07-27 18:08:25] INFO |   hexahealth.com: 0 scraped → 0 new unique
[2026-07-27 18:08:42] WARNING |   Nav error: Page.goto: net::ERR_HTTP2_PROTOCOL_ERROR at https://www.justdial.com/search?q=Dr+KALIDUTTA+DAS+hospital&city=All
Call log:
  - navigating to "https://www.justdial.com/search?q=Dr+KALIDUTTA+DAS+hospital&city=All", waiting until "domcontentloaded"
 (attempt 1/3)
[2026-07-27 18:08:46] WARNING |   Nav error: Page.goto: net::ERR_HTTP2_PROTOCOL_ERROR at https://www.justdial.com/search?q=Dr+KALIDUTTA+DAS+hospital&city=All
Call log:
  - navigating to "https://www.justdial.com/search?q=Dr+KALIDUTTA+DAS+hospital&city=All", waiting until "domcontentloaded"
 (attempt 2/3)
[2026-07-27 18:08:54] WARNING |   Nav error: Page.goto: net::ERR_HTTP2_PROTOCOL_ERROR at https://www.justdial.com/search?q=Dr+KALIDUTTA+DAS+hospital&city=All
Call log:
  - navigating to "https://www.justdial.com/search?q=Dr+KALIDUTTA+DAS+hospital&city=All", waiting until "domcontentloaded"
 (attempt 3/3)
[2026-07-27 18:08:57] INFO | Phase 1 [164/1081]: Vaisnavi Medicos
[2026-07-27 18:09:07] INFO |   Scraping hexahealth.com: https://www.hexahealth.com/delhi/hospitals/cardiology/reviews
[2026-07-27 18:09:17] INFO |   hexahealth.com: 0 scraped → 0 new unique
[2026-07-27 18:09:35] WARNING |   Nav error: Page.goto: net::ERR_HTTP2_PROTOCOL_ERROR at https://www.justdial.com/search?q=Vaisnavi+Medicos+hospital&city=All
Call log:
  - navigating to "https://www.justdial.com/search?q=Vaisnavi+Medicos+hospital&city=All", waiting until "domcontentloaded"
 (attempt 1/3)
[2026-07-27 18:09:39] WARNING |   Nav error: Page.goto: net::ERR_HTTP2_PROTOCOL_ERROR at https://www.justdial.com/search?q=Vaisnavi+Medicos+hospital&city=All
Call log:
  - navigating to "https://www.justdial.com/search?q=Vaisnavi+Medicos+hospital&city=All", waiting until "domcontentloaded"
 (attempt 2/3)
[2026-07-27 18:09:47] WARNING |   Nav error: Page.goto: net::ERR_HTTP2_PROTOCOL_ERROR at https://www.justdial.com/search?q=Vaisnavi+Medicos+hospital&city=All
Call log:
  - navigating to "https://www.justdial.com/search?q=Vaisnavi+Medicos+hospital&city=All", waiting until "domcontentloaded"
 (attempt 3/3)
[2026-07-27 18:09:52] INFO | Phase 1 [165/1081]: Dr. Sehra s Diagnostic
[2026-07-27 18:10:02] INFO |   Scraping hexahealth.com: https://www.hexahealth.com/delhi/hospitals/cardiology/reviews
[2026-07-27 18:10:11] INFO |   hexahealth.com: 0 scraped → 0 new unique
[2026-07-27 18:10:31] WARNING |   Nav error: Page.goto: net::ERR_HTTP2_PROTOCOL_ERROR at https://www.justdial.com/search?q=Dr.+Sehra+s+Diagnostic+hospital&city=All
Call log:
  - navigating to "https://www.justdial.com/search?q=Dr.+Sehra+s+Diagnostic+hospital&city=All", waiting until "domcontentloaded"
 (attempt 1/3)
[2026-07-27 18:10:35] WARNING |   Nav error: Page.goto: net::ERR_HTTP2_PROTOCOL_ERROR at https://www.justdial.com/search?q=Dr.+Sehra+s+Diagnostic+hospital&city=All
Call log:
  - navigating to "https://www.justdial.com/search?q=Dr.+Sehra+s+Diagnostic+hospital&city=All", waiting until "domcontentloaded"
 (attempt 2/3)
[2026-07-27 18:10:43] WARNING |   Nav error: Page.goto: net::ERR_HTTP2_PROTOCOL_ERROR at https://www.justdial.com/search?q=Dr.+Sehra+s+Diagnostic+hospital&city=All
Call log:
  - navigating to "https://www.justdial.com/search?q=Dr.+Sehra+s+Diagnostic+hospital&city=All", waiting until "domcontentloaded"
 (attempt 3/3)
[2026-07-27 18:10:48] INFO | Phase 1 [166/1081]: Rotary Diabetes Centre
[2026-07-27 18:10:58] INFO |   Scraping hexahealth.com: https://www.hexahealth.com/delhi/hospitals/cardiology/reviews
[2026-07-27 18:11:08] INFO |   hexahealth.com: 0 scraped → 0 new unique
[2026-07-27 18:11:26] WARNING |   Nav error: Page.goto: net::ERR_HTTP2_PROTOCOL_ERROR at https://www.justdial.com/search?q=Rotary+Diabetes+Centre+hospital&city=All
Call log:
  - navigating to "https://www.justdial.com/search?q=Rotary+Diabetes+Centre+hospital&city=All", waiting until "domcontentloaded"
 (attempt 1/3)
[2026-07-27 18:11:30] WARNING |   Nav error: Page.goto: net::ERR_HTTP2_PROTOCOL_ERROR at https://www.justdial.com/search?q=Rotary+Diabetes+Centre+hospital&city=All
Call log:
  - navigating to "https://www.justdial.com/search?q=Rotary+Diabetes+Centre+hospital&city=All", waiting until "domcontentloaded"
 (attempt 2/3)
[2026-07-27 18:11:38] WARNING |   Nav error: Page.goto: net::ERR_HTTP2_PROTOCOL_ERROR at https://www.justdial.com/search?q=Rotary+Diabetes+Centre+hospital&city=All
Call log:
  - navigating to "https://www.justdial.com/search?q=Rotary+Diabetes+Centre+hospital&city=All", waiting until "domcontentloaded"
 (attempt 3/3)
[2026-07-27 18:11:42] INFO | Phase 1 [167/1081]: Heart & Gynae Clinic
[2026-07-27 18:11:51] INFO |   Scraping hexahealth.com: https://www.hexahealth.com/delhi/hospitals/cardiology/reviews
[2026-07-27 18:12:01] INFO |   hexahealth.com: 0 scraped → 0 new unique
[2026-07-27 18:12:21] WARNING |   Nav error: Page.goto: net::ERR_HTTP2_PROTOCOL_ERROR at https://www.justdial.com/search?q=Heart+%26+Gynae+Clinic+hospital&city=All
Call log:
  - navigating to "https://www.justdial.com/search?q=Heart+%26+Gynae+Clinic+hospital&city=All", waiting until "domcontentloaded"
 (attempt 1/3)
[2026-07-27 18:12:25] WARNING |   Nav error: Page.goto: net::ERR_HTTP2_PROTOCOL_ERROR at https://www.justdial.com/search?q=Heart+%26+Gynae+Clinic+hospital&city=All
Call log:
  - navigating to "https://www.justdial.com/search?q=Heart+%26+Gynae+Clinic+hospital&city=All", waiting until "domcontentloaded"
 (attempt 2/3)
[2026-07-27 18:12:33] WARNING |   Nav error: Page.goto: net::ERR_HTTP2_PROTOCOL_ERROR at https://www.justdial.com/search?q=Heart+%26+Gynae+Clinic+hospital&city=All
Call log:
  - navigating to "https://www.justdial.com/search?q=Heart+%26+Gynae+Clinic+hospital&city=All", waiting until "domcontentloaded"
 (attempt 3/3)
[2026-07-27 18:12:37] INFO | Phase 1 [168/1081]: Dr. Prem Chawla
[2026-07-27 18:12:46] INFO |   Scraping hexahealth.com: https://www.hexahealth.com/delhi/hospitals/cardiology/reviews
[2026-07-27 18:12:56] INFO |   hexahealth.com: 0 scraped → 0 new unique
[2026-07-27 18:13:13] WARNING |   Nav error: Page.goto: net::ERR_HTTP2_PROTOCOL_ERROR at https://www.justdial.com/search?q=Dr.+Prem+Chawla+hospital&city=All
Call log:
  - navigating to "https://www.justdial.com/search?q=Dr.+Prem+Chawla+hospital&city=All", waiting until "domcontentloaded"
 (attempt 1/3)
[2026-07-27 18:13:17] WARNING |   Nav error: Page.goto: net::ERR_HTTP2_PROTOCOL_ERROR at https://www.justdial.com/search?q=Dr.+Prem+Chawla+hospital&city=All
Call log:
  - navigating to "https://www.justdial.com/search?q=Dr.+Prem+Chawla+hospital&city=All", waiting until "domcontentloaded"
 (attempt 2/3)
[2026-07-27 18:13:25] WARNING |   Nav error: Page.goto: net::ERR_HTTP2_PROTOCOL_ERROR at https://www.justdial.com/search?q=Dr.+Prem+Chawla+hospital&city=All
Call log:
  - navigating to "https://www.justdial.com/search?q=Dr.+Prem+Chawla+hospital&city=All", waiting until "domcontentloaded"
 (attempt 3/3)
[2026-07-27 18:13:31] INFO | Phase 1 [169/1081]: ESI Dispensary Mehrauli
[2026-07-27 18:13:41] INFO |   Scraping hexahealth.com: https://www.hexahealth.com/delhi/hospitals/cardiology/reviews
[2026-07-27 18:13:51] INFO |   hexahealth.com: 0 scraped → 0 new unique
[2026-07-27 18:14:07] WARNING |   Nav error: Page.goto: net::ERR_HTTP2_PROTOCOL_ERROR at https://www.justdial.com/search?q=ESI+Dispensary+Mehrauli+hospital&city=All
Call log:
  - navigating to "https://www.justdial.com/search?q=ESI+Dispensary+Mehrauli+hospital&city=All", waiting until "domcontentloaded"
 (attempt 1/3)
[2026-07-27 18:14:11] WARNING |   Nav error: Page.goto: net::ERR_HTTP2_PROTOCOL_ERROR at https://www.justdial.com/search?q=ESI+Dispensary+Mehrauli+hospital&city=All
Call log:
  - navigating to "https://www.justdial.com/search?q=ESI+Dispensary+Mehrauli+hospital&city=All", waiting until "domcontentloaded"
 (attempt 2/3)
[2026-07-27 18:14:19] WARNING |   Nav error: Page.goto: net::ERR_HTTP2_PROTOCOL_ERROR at https://www.justdial.com/search?q=ESI+Dispensary+Mehrauli+hospital&city=All
Call log:
  - navigating to "https://www.justdial.com/search?q=ESI+Dispensary+Mehrauli+hospital&city=All", waiting until "domcontentloaded"
 (attempt 3/3)
[2026-07-27 18:14:22] INFO | Phase 1 [170/1081]: Sai Sushma Marine Clinic / dg shipping approved doctor
[2026-07-27 18:14:32] INFO |   Scraping hexahealth.com: https://www.hexahealth.com/delhi/hospitals/cardiology/reviews
[2026-07-27 18:14:42] INFO |   hexahealth.com: 0 scraped → 0 new unique
[2026-07-27 18:15:01] WARNING |   Nav error: Page.goto: net::ERR_HTTP2_PROTOCOL_ERROR at https://www.justdial.com/search?q=Sai+Sushma+Marine+Clinic+%2F+dg+shipping+approved+doctor+hospital&city=All
Call log:
  - navigating to "https://www.justdial.com/search?q=Sai+Sushma+Marine+Clinic+%2F+dg+shipping+approved+doctor+hospital&city=All", waiting until "domcontentloaded"
 (attempt 1/3)
[2026-07-27 18:15:05] WARNING |   Nav error: Page.goto: net::ERR_HTTP2_PROTOCOL_ERROR at https://www.justdial.com/search?q=Sai+Sushma+Marine+Clinic+%2F+dg+shipping+approved+doctor+hospital&city=All
Call log:
  - navigating to "https://www.justdial.com/search?q=Sai+Sushma+Marine+Clinic+%2F+dg+shipping+approved+doctor+hospital&city=All", waiting until "domcontentloaded"
 (attempt 2/3)
[2026-07-27 18:15:13] WARNING |   Nav error: Page.goto: net::ERR_HTTP2_PROTOCOL_ERROR at https://www.justdial.com/search?q=Sai+Sushma+Marine+Clinic+%2F+dg+shipping+approved+doctor+hospital&city=All
Call log:
  - navigating to "https://www.justdial.com/search?q=Sai+Sushma+Marine+Clinic+%2F+dg+shipping+approved+doctor+hospital&city=All", waiting until "domcontentloaded"
 (attempt 3/3)
[2026-07-27 18:15:19] INFO | Phase 1 [171/1081]: Health guardian India
[2026-07-27 18:15:28] INFO |   Scraping hexahealth.com: https://www.hexahealth.com/delhi/hospitals/cardiology/reviews
[2026-07-27 18:15:38] INFO |   hexahealth.com: 0 scraped → 0 new unique
[2026-07-27 18:15:56] WARNING |   Nav error: Page.goto: net::ERR_HTTP2_PROTOCOL_ERROR at https://www.justdial.com/search?q=Health+guardian+India+hospital&city=All
Call log:
  - navigating to "https://www.justdial.com/search?q=Health+guardian+India+hospital&city=All", waiting until "domcontentloaded"
 (attempt 1/3)
[2026-07-27 18:16:00] WARNING |   Nav error: Page.goto: net::ERR_HTTP2_PROTOCOL_ERROR at https://www.justdial.com/search?q=Health+guardian+India+hospital&city=All
Call log:
  - navigating to "https://www.justdial.com/search?q=Health+guardian+India+hospital&city=All", waiting until "domcontentloaded"
 (attempt 2/3)
[2026-07-27 18:16:08] WARNING |   Nav error: Page.goto: net::ERR_HTTP2_PROTOCOL_ERROR at https://www.justdial.com/search?q=Health+guardian+India+hospital&city=All
Call log:
  - navigating to "https://www.justdial.com/search?q=Health+guardian+India+hospital&city=All", waiting until "domcontentloaded"
 (attempt 3/3)
[2026-07-27 18:16:14] INFO | Phase 1 [172/1081]: PDM Hospital
[2026-07-27 18:16:24] INFO |   Scraping hexahealth.com: https://www.hexahealth.com/delhi/hospitals/cardiology/reviews
[2026-07-27 18:16:34] INFO |   hexahealth.com: 0 scraped → 0 new unique
[2026-07-27 18:16:53] WARNING |   Nav error: Page.goto: net::ERR_HTTP2_PROTOCOL_ERROR at https://www.justdial.com/search?q=PDM+Hospital+hospital&city=All
Call log:
  - navigating to "https://www.justdial.com/search?q=PDM+Hospital+hospital&city=All", waiting until "domcontentloaded"
 (attempt 1/3)
[2026-07-27 18:16:57] WARNING |   Nav error: Page.goto: net::ERR_HTTP2_PROTOCOL_ERROR at https://www.justdial.com/search?q=PDM+Hospital+hospital&city=All
Call log:
  - navigating to "https://www.justdial.com/search?q=PDM+Hospital+hospital&city=All", waiting until "domcontentloaded"
 (attempt 2/3)
[2026-07-27 18:17:05] WARNING |   Nav error: Page.goto: net::ERR_HTTP2_PROTOCOL_ERROR at https://www.justdial.com/search?q=PDM+Hospital+hospital&city=All
Call log:
  - navigating to "https://www.justdial.com/search?q=PDM+Hospital+hospital&city=All", waiting until "domcontentloaded"
 (attempt 3/3)
[2026-07-27 18:17:08] INFO | Phase 1 [173/1081]: CGHS Wellness Centre
[2026-07-27 18:17:18] INFO |   Scraping hexahealth.com: https://www.hexahealth.com/delhi/hospitals/cardiology/reviews
[2026-07-27 18:17:28] INFO |   hexahealth.com: 0 scraped → 0 new unique
[2026-07-27 18:17:46] WARNING |   Nav error: Page.goto: net::ERR_HTTP2_PROTOCOL_ERROR at https://www.justdial.com/search?q=CGHS+Wellness+Centre+hospital&city=All
Call log:
  - navigating to "https://www.justdial.com/search?q=CGHS+Wellness+Centre+hospital&city=All", waiting until "domcontentloaded"
 (attempt 1/3)
[2026-07-27 18:17:50] WARNING |   Nav error: Page.goto: net::ERR_HTTP2_PROTOCOL_ERROR at https://www.justdial.com/search?q=CGHS+Wellness+Centre+hospital&city=All
Call log:
  - navigating to "https://www.justdial.com/search?q=CGHS+Wellness+Centre+hospital&city=All", waiting until "domcontentloaded"
 (attempt 2/3)
[2026-07-27 18:17:58] WARNING |   Nav error: Page.goto: net::ERR_HTTP2_PROTOCOL_ERROR at https://www.justdial.com/search?q=CGHS+Wellness+Centre+hospital&city=All
Call log:
  - navigating to "https://www.justdial.com/search?q=CGHS+Wellness+Centre+hospital&city=All", waiting until "domcontentloaded"
 (attempt 3/3)
[2026-07-27 18:18:02] INFO | Phase 1 [174/1081]: Gawer Hospital
[2026-07-27 18:18:12] INFO |   Scraping hexahealth.com: https://www.hexahealth.com/delhi/hospitals/cardiology/reviews
[2026-07-27 18:18:22] INFO |   hexahealth.com: 0 scraped → 0 new unique
[2026-07-27 18:18:39] WARNING |   Nav error: Page.goto: net::ERR_HTTP2_PROTOCOL_ERROR at https://www.justdial.com/search?q=Gawer+Hospital+hospital&city=All
Call log:
  - navigating to "https://www.justdial.com/search?q=Gawer+Hospital+hospital&city=All", waiting until "domcontentloaded"
 (attempt 1/3)
[2026-07-27 18:18:43] WARNING |   Nav error: Page.goto: net::ERR_HTTP2_PROTOCOL_ERROR at https://www.justdial.com/search?q=Gawer+Hospital+hospital&city=All
Call log:
  - navigating to "https://www.justdial.com/search?q=Gawer+Hospital+hospital&city=All", waiting until "domcontentloaded"
 (attempt 2/3)
[2026-07-27 18:18:52] WARNING |   Nav error: Page.goto: net::ERR_HTTP2_PROTOCOL_ERROR at https://www.justdial.com/search?q=Gawer+Hospital+hospital&city=All
Call log:
  - navigating to "https://www.justdial.com/search?q=Gawer+Hospital+hospital&city=All", waiting until "domcontentloaded"
 (attempt 3/3)
[2026-07-27 18:18:56] INFO | Phase 1 [175/1081]: Royale Kalindi Hospital
[2026-07-27 18:19:06] INFO |   Scraping hexahealth.com: https://www.hexahealth.com/delhi/hospitals/cardiology/reviews
[2026-07-27 18:19:15] INFO |   hexahealth.com: 0 scraped → 0 new unique
[2026-07-27 18:19:33] WARNING |   Nav error: Page.goto: net::ERR_HTTP2_PROTOCOL_ERROR at https://www.justdial.com/search?q=Royale+Kalindi+Hospital+hospital&city=All
Call log:
  - navigating to "https://www.justdial.com/search?q=Royale+Kalindi+Hospital+hospital&city=All", waiting until "domcontentloaded"
 (attempt 1/3)
[2026-07-27 18:19:37] WARNING |   Nav error: Page.goto: net::ERR_HTTP2_PROTOCOL_ERROR at https://www.justdial.com/search?q=Royale+Kalindi+Hospital+hospital&city=All
Call log:
  - navigating to "https://www.justdial.com/search?q=Royale+Kalindi+Hospital+hospital&city=All", waiting until "domcontentloaded"
 (attempt 2/3)
[2026-07-27 18:19:45] WARNING |   Nav error: Page.goto: net::ERR_HTTP2_PROTOCOL_ERROR at https://www.justdial.com/search?q=Royale+Kalindi+Hospital+hospital&city=All
Call log:
  - navigating to "https://www.justdial.com/search?q=Royale+Kalindi+Hospital+hospital&city=All", waiting until "domcontentloaded"
 (attempt 3/3)
[2026-07-27 18:19:51] INFO | Phase 1 [176/1081]: Sardar Patel Covid Care Centre and Hospital
[2026-07-27 18:20:01] INFO |   Scraping hexahealth.com: https://www.hexahealth.com/delhi/hospitals/cardiology/reviews
[2026-07-27 18:20:11] INFO |   hexahealth.com: 0 scraped → 0 new unique
[2026-07-27 18:20:29] WARNING |   Nav error: Page.goto: net::ERR_HTTP2_PROTOCOL_ERROR at https://www.justdial.com/search?q=Sardar+Patel+Covid+Care+Centre+and+Hospital+hospital&city=All
Call log:
  - navigating to "https://www.justdial.com/search?q=Sardar+Patel+Covid+Care+Centre+and+Hospital+hospital&city=All", waiting until "domcontentloaded"
 (attempt 1/3)
[2026-07-27 18:20:33] WARNING |   Nav error: Page.goto: net::ERR_HTTP2_PROTOCOL_ERROR at https://www.justdial.com/search?q=Sardar+Patel+Covid+Care+Centre+and+Hospital+hospital&city=All
Call log:
  - navigating to "https://www.justdial.com/search?q=Sardar+Patel+Covid+Care+Centre+and+Hospital+hospital&city=All", waiting until "domcontentloaded"
 (attempt 2/3)
[2026-07-27 18:20:41] WARNING |   Nav error: Page.goto: net::ERR_HTTP2_PROTOCOL_ERROR at https://www.justdial.com/search?q=Sardar+Patel+Covid+Care+Centre+and+Hospital+hospital&city=All
Call log:
  - navigating to "https://www.justdial.com/search?q=Sardar+Patel+Covid+Care+Centre+and+Hospital+hospital&city=All", waiting until "domcontentloaded"
 (attempt 3/3)
[2026-07-27 18:20:45] INFO | Phase 1 [177/1081]: Lavanya t point
[2026-07-27 18:20:55] INFO |   Scraping hexahealth.com: https://www.hexahealth.com/delhi/hospitals/cardiology/reviews
[2026-07-27 18:21:04] INFO |   hexahealth.com: 0 scraped → 0 new unique
[2026-07-27 18:21:23] WARNING |   Nav error: Page.goto: net::ERR_HTTP2_PROTOCOL_ERROR at https://www.justdial.com/search?q=Lavanya+t+point+hospital&city=All
Call log:
  - navigating to "https://www.justdial.com/search?q=Lavanya+t+point+hospital&city=All", waiting until "domcontentloaded"
 (attempt 1/3)
[2026-07-27 18:21:27] WARNING |   Nav error: Page.goto: net::ERR_HTTP2_PROTOCOL_ERROR at https://www.justdial.com/search?q=Lavanya+t+point+hospital&city=All
Call log:
  - navigating to "https://www.justdial.com/search?q=Lavanya+t+point+hospital&city=All", waiting until "domcontentloaded"
 (attempt 2/3)
[2026-07-27 18:21:35] WARNING |   Nav error: Page.goto: net::ERR_HTTP2_PROTOCOL_ERROR at https://www.justdial.com/search?q=Lavanya+t+point+hospital&city=All
Call log:
  - navigating to "https://www.justdial.com/search?q=Lavanya+t+point+hospital&city=All", waiting until "domcontentloaded"
 (attempt 3/3)
[2026-07-27 18:21:39] INFO | Phase 1 [178/1081]: Manchanda Hospital
[2026-07-27 18:21:49] INFO |   Scraping hexahealth.com: https://www.hexahealth.com/delhi/hospitals/cardiology/reviews
[2026-07-27 18:21:58] INFO |   hexahealth.com: 0 scraped → 0 new unique
[2026-07-27 18:22:17] WARNING |   Nav error: Page.goto: net::ERR_HTTP2_PROTOCOL_ERROR at https://www.justdial.com/search?q=Manchanda+Hospital+hospital&city=All
Call log:
  - navigating to "https://www.justdial.com/search?q=Manchanda+Hospital+hospital&city=All", waiting until "domcontentloaded"
 (attempt 1/3)
[2026-07-27 18:22:21] WARNING |   Nav error: Page.goto: net::ERR_HTTP2_PROTOCOL_ERROR at https://www.justdial.com/search?q=Manchanda+Hospital+hospital&city=All
Call log:
  - navigating to "https://www.justdial.com/search?q=Manchanda+Hospital+hospital&city=All", waiting until "domcontentloaded"
 (attempt 2/3)
[2026-07-27 18:22:29] WARNING |   Nav error: Page.goto: net::ERR_HTTP2_PROTOCOL_ERROR at https://www.justdial.com/search?q=Manchanda+Hospital+hospital&city=All
Call log:
  - navigating to "https://www.justdial.com/search?q=Manchanda+Hospital+hospital&city=All", waiting until "domcontentloaded"
 (attempt 3/3)
[2026-07-27 18:22:33] INFO | Phase 1 [179/1081]: APNA AASHREY RANA OLD AGE HOME
[2026-07-27 18:22:43] INFO |   Scraping hexahealth.com: https://www.hexahealth.com/delhi/hospitals/cardiology/reviews
[2026-07-27 18:22:52] INFO |   hexahealth.com: 0 scraped → 0 new unique
[2026-07-27 18:23:11] WARNING |   Nav error: Page.goto: net::ERR_HTTP2_PROTOCOL_ERROR at https://www.justdial.com/search?q=APNA+AASHREY+RANA+OLD+AGE+HOME+hospital&city=All
Call log:
  - navigating to "https://www.justdial.com/search?q=APNA+AASHREY+RANA+OLD+AGE+HOME+hospital&city=All", waiting until "domcontentloaded"
 (attempt 1/3)
[2026-07-27 18:23:15] WARNING |   Nav error: Page.goto: net::ERR_HTTP2_PROTOCOL_ERROR at https://www.justdial.com/search?q=APNA+AASHREY+RANA+OLD+AGE+HOME+hospital&city=All
Call log:
  - navigating to "https://www.justdial.com/search?q=APNA+AASHREY+RANA+OLD+AGE+HOME+hospital&city=All", waiting until "domcontentloaded"
 (attempt 2/3)
[2026-07-27 18:23:23] WARNING |   Nav error: Page.goto: net::ERR_HTTP2_PROTOCOL_ERROR at https://www.justdial.com/search?q=APNA+AASHREY+RANA+OLD+AGE+HOME+hospital&city=All
Call log:
  - navigating to "https://www.justdial.com/search?q=APNA+AASHREY+RANA+OLD+AGE+HOME+hospital&city=All", waiting until "domcontentloaded"
 (attempt 3/3)
[2026-07-27 18:23:26] INFO | Phase 1 [180/1081]: Vandana Multi Speciality Clinic
[2026-07-27 18:23:36] INFO |   Scraping hexahealth.com: https://www.hexahealth.com/delhi/hospitals/cardiology/reviews
[2026-07-27 18:23:45] INFO |   hexahealth.com: 0 scraped → 0 new unique
[2026-07-27 18:24:02] WARNING |   Nav error: Page.goto: net::ERR_HTTP2_PROTOCOL_ERROR at https://www.justdial.com/search?q=Vandana+Multi+Speciality+Clinic+hospital&city=All
Call log:
  - navigating to "https://www.justdial.com/search?q=Vandana+Multi+Speciality+Clinic+hospital&city=All", waiting until "domcontentloaded"
 (attempt 1/3)
[2026-07-27 18:24:06] WARNING |   Nav error: Page.goto: net::ERR_HTTP2_PROTOCOL_ERROR at https://www.justdial.com/search?q=Vandana+Multi+Speciality+Clinic+hospital&city=All
Call log:
  - navigating to "https://www.justdial.com/search?q=Vandana+Multi+Speciality+Clinic+hospital&city=All", waiting until "domcontentloaded"
 (attempt 2/3)
[2026-07-27 18:24:14] WARNING |   Nav error: Page.goto: net::ERR_HTTP2_PROTOCOL_ERROR at https://www.justdial.com/search?q=Vandana+Multi+Speciality+Clinic+hospital&city=All
Call log:
  - navigating to "https://www.justdial.com/search?q=Vandana+Multi+Speciality+Clinic+hospital&city=All", waiting until "domcontentloaded"
 (attempt 3/3)
[2026-07-27 18:24:17] INFO | Phase 1 [181/1081]: Vidya Sagar Health Centre
[2026-07-27 18:24:27] INFO |   Scraping hexahealth.com: https://www.hexahealth.com/delhi/hospitals/cardiology/reviews
[2026-07-27 18:24:37] INFO |   hexahealth.com: 0 scraped → 0 new unique
[2026-07-27 18:24:53] WARNING |   Nav error: Page.goto: net::ERR_HTTP2_PROTOCOL_ERROR at https://www.justdial.com/search?q=Vidya+Sagar+Health+Centre+hospital&city=All
Call log:
  - navigating to "https://www.justdial.com/search?q=Vidya+Sagar+Health+Centre+hospital&city=All", waiting until "domcontentloaded"
 (attempt 1/3)
[2026-07-27 18:24:57] WARNING |   Nav error: Page.goto: net::ERR_HTTP2_PROTOCOL_ERROR at https://www.justdial.com/search?q=Vidya+Sagar+Health+Centre+hospital&city=All
Call log:
  - navigating to "https://www.justdial.com/search?q=Vidya+Sagar+Health+Centre+hospital&city=All", waiting until "domcontentloaded"
 (attempt 2/3)
[2026-07-27 18:25:05] WARNING |   Nav error: Page.goto: net::ERR_HTTP2_PROTOCOL_ERROR at https://www.justdial.com/search?q=Vidya+Sagar+Health+Centre+hospital&city=All
Call log:
  - navigating to "https://www.justdial.com/search?q=Vidya+Sagar+Health+Centre+hospital&city=All", waiting until "domcontentloaded"
 (attempt 3/3)
[2026-07-27 18:25:10] INFO | Phase 1 [182/1081]: Suviram Medical Centre
[2026-07-27 18:25:19] INFO |   Scraping hexahealth.com: https://www.hexahealth.com/delhi/hospitals/cardiology/reviews
[2026-07-27 18:25:29] INFO |   hexahealth.com: 0 scraped → 0 new unique
[2026-07-27 18:25:47] WARNING |   Nav error: Page.goto: net::ERR_HTTP2_PROTOCOL_ERROR at https://www.justdial.com/search?q=Suviram+Medical+Centre+hospital&city=All
Call log:
  - navigating to "https://www.justdial.com/search?q=Suviram+Medical+Centre+hospital&city=All", waiting until "domcontentloaded"
 (attempt 1/3)
[2026-07-27 18:25:51] WARNING |   Nav error: Page.goto: net::ERR_HTTP2_PROTOCOL_ERROR at https://www.justdial.com/search?q=Suviram+Medical+Centre+hospital&city=All
Call log:
  - navigating to "https://www.justdial.com/search?q=Suviram+Medical+Centre+hospital&city=All", waiting until "domcontentloaded"
 (attempt 2/3)
[2026-07-27 18:25:59] WARNING |   Nav error: Page.goto: net::ERR_HTTP2_PROTOCOL_ERROR at https://www.justdial.com/search?q=Suviram+Medical+Centre+hospital&city=All
Call log:
  - navigating to "https://www.justdial.com/search?q=Suviram+Medical+Centre+hospital&city=All", waiting until "domcontentloaded"
 (attempt 3/3)
[2026-07-27 18:26:03] INFO | Phase 1 [183/1081]: Savithri Sowmia Health Care Center
[2026-07-27 18:26:13] INFO |   Scraping hexahealth.com: https://www.hexahealth.com/delhi/hospitals/cardiology/reviews
[2026-07-27 18:26:23] INFO |   hexahealth.com: 0 scraped → 0 new unique
[2026-07-27 18:26:41] WARNING |   Nav error: Page.goto: net::ERR_HTTP2_PROTOCOL_ERROR at https://www.justdial.com/search?q=Savithri+Sowmia+Health+Care+Center+hospital&city=All
Call log:
  - navigating to "https://www.justdial.com/search?q=Savithri+Sowmia+Health+Care+Center+hospital&city=All", waiting until "domcontentloaded"
 (attempt 1/3)
[2026-07-27 18:26:45] WARNING |   Nav error: Page.goto: net::ERR_HTTP2_PROTOCOL_ERROR at https://www.justdial.com/search?q=Savithri+Sowmia+Health+Care+Center+hospital&city=All
Call log:
  - navigating to "https://www.justdial.com/search?q=Savithri+Sowmia+Health+Care+Center+hospital&city=All", waiting until "domcontentloaded"
 (attempt 2/3)
[2026-07-27 18:26:53] WARNING |   Nav error: Page.goto: net::ERR_HTTP2_PROTOCOL_ERROR at https://www.justdial.com/search?q=Savithri+Sowmia+Health+Care+Center+hospital&city=All
Call log:
  - navigating to "https://www.justdial.com/search?q=Savithri+Sowmia+Health+Care+Center+hospital&city=All", waiting until "domcontentloaded"
 (attempt 3/3)
[2026-07-27 18:26:57] INFO | Phase 1 [184/1081]: Salubrity Clinics - Best Medical Center
[2026-07-27 18:27:07] INFO |   Scraping hexahealth.com: https://www.hexahealth.com/delhi/hospitals/cardiology/reviews
[2026-07-27 18:27:17] INFO |   hexahealth.com: 0 scraped → 0 new unique
[2026-07-27 18:27:35] WARNING |   Nav error: Page.goto: net::ERR_HTTP2_PROTOCOL_ERROR at https://www.justdial.com/search?q=Salubrity+Clinics+-+Best+Medical+Center+hospital&city=All
Call log:
  - navigating to "https://www.justdial.com/search?q=Salubrity+Clinics+-+Best+Medical+Center+hospital&city=All", waiting until "domcontentloaded"
 (attempt 1/3)
[2026-07-27 18:27:39] WARNING |   Nav error: Page.goto: net::ERR_HTTP2_PROTOCOL_ERROR at https://www.justdial.com/search?q=Salubrity+Clinics+-+Best+Medical+Center+hospital&city=All
Call log:
  - navigating to "https://www.justdial.com/search?q=Salubrity+Clinics+-+Best+Medical+Center+hospital&city=All", waiting until "domcontentloaded"
 (attempt 2/3)
[2026-07-27 18:27:47] WARNING |   Nav error: Page.goto: net::ERR_HTTP2_PROTOCOL_ERROR at https://www.justdial.com/search?q=Salubrity+Clinics+-+Best+Medical+Center+hospital&city=All
Call log:
  - navigating to "https://www.justdial.com/search?q=Salubrity+Clinics+-+Best+Medical+Center+hospital&city=All", waiting until "domcontentloaded"
 (attempt 3/3)
[2026-07-27 18:27:52] INFO | Phase 1 [185/1081]: Richa Hospital
[2026-07-27 18:28:02] INFO |   Scraping hexahealth.com: https://www.hexahealth.com/delhi/hospitals/cardiology/reviews
[2026-07-27 18:28:11] INFO |   hexahealth.com: 0 scraped → 0 new unique
[2026-07-27 18:28:30] WARNING |   Nav error: Page.goto: net::ERR_HTTP2_PROTOCOL_ERROR at https://www.justdial.com/search?q=Richa+Hospital+hospital&city=All
Call log:
  - navigating to "https://www.justdial.com/search?q=Richa+Hospital+hospital&city=All", waiting until "domcontentloaded"
 (attempt 1/3)
[2026-07-27 18:28:34] WARNING |   Nav error: Page.goto: net::ERR_HTTP2_PROTOCOL_ERROR at https://www.justdial.com/search?q=Richa+Hospital+hospital&city=All
Call log:
  - navigating to "https://www.justdial.com/search?q=Richa+Hospital+hospital&city=All", waiting until "domcontentloaded"
 (attempt 2/3)
[2026-07-27 18:28:42] WARNING |   Nav error: Page.goto: net::ERR_HTTP2_PROTOCOL_ERROR at https://www.justdial.com/search?q=Richa+Hospital+hospital&city=All
Call log:
  - navigating to "https://www.justdial.com/search?q=Richa+Hospital+hospital&city=All", waiting until "domcontentloaded"
 (attempt 3/3)
[2026-07-27 18:28:46] INFO | Phase 1 [186/1081]: JNU CGHS Wellness Center
[2026-07-27 18:28:56] INFO |   Scraping hexahealth.com: https://www.hexahealth.com/delhi/hospitals/cardiology/reviews
[2026-07-27 18:29:05] INFO |   hexahealth.com: 0 scraped → 0 new unique
[2026-07-27 18:29:23] WARNING |   Nav error: Page.goto: net::ERR_HTTP2_PROTOCOL_ERROR at https://www.justdial.com/search?q=JNU+CGHS+Wellness+Center+hospital&city=All
Call log:
  - navigating to "https://www.justdial.com/search?q=JNU+CGHS+Wellness+Center+hospital&city=All", waiting until "domcontentloaded"
 (attempt 1/3)
[2026-07-27 18:29:27] WARNING |   Nav error: Page.goto: net::ERR_HTTP2_PROTOCOL_ERROR at https://www.justdial.com/search?q=JNU+CGHS+Wellness+Center+hospital&city=All
Call log:
  - navigating to "https://www.justdial.com/search?q=JNU+CGHS+Wellness+Center+hospital&city=All", waiting until "domcontentloaded"
 (attempt 2/3)
[2026-07-27 18:29:35] WARNING |   Nav error: Page.goto: net::ERR_HTTP2_PROTOCOL_ERROR at https://www.justdial.com/search?q=JNU+CGHS+Wellness+Center+hospital&city=All
Call log:
  - navigating to "https://www.justdial.com/search?q=JNU+CGHS+Wellness+Center+hospital&city=All", waiting until "domcontentloaded"
 (attempt 3/3)
[2026-07-27 18:29:38] INFO | Phase 1 [187/1081]: DG Staff Camp CRPF
[2026-07-27 18:29:48] INFO |   Scraping hexahealth.com: https://www.hexahealth.com/delhi/hospitals/cardiology/reviews
[2026-07-27 18:29:58] INFO |   hexahealth.com: 0 scraped → 0 new unique
[2026-07-27 18:30:16] WARNING |   Nav error: Page.goto: net::ERR_HTTP2_PROTOCOL_ERROR at https://www.justdial.com/search?q=DG+Staff+Camp+CRPF+hospital&city=All
Call log:
  - navigating to "https://www.justdial.com/search?q=DG+Staff+Camp+CRPF+hospital&city=All", waiting until "domcontentloaded"
 (attempt 1/3)
[2026-07-27 18:30:20] WARNING |   Nav error: Page.goto: net::ERR_HTTP2_PROTOCOL_ERROR at https://www.justdial.com/search?q=DG+Staff+Camp+CRPF+hospital&city=All
Call log:
  - navigating to "https://www.justdial.com/search?q=DG+Staff+Camp+CRPF+hospital&city=All", waiting until "domcontentloaded"
 (attempt 2/3)
[2026-07-27 18:30:28] WARNING |   Nav error: Page.goto: net::ERR_HTTP2_PROTOCOL_ERROR at https://www.justdial.com/search?q=DG+Staff+Camp+CRPF+hospital&city=All
Call log:
  - navigating to "https://www.justdial.com/search?q=DG+Staff+Camp+CRPF+hospital&city=All", waiting until "domcontentloaded"
 (attempt 3/3)
[2026-07-27 18:30:33] INFO | Phase 1 [188/1081]: RASHAD HOSPITAL
[2026-07-27 18:30:43] INFO |   Scraping hexahealth.com: https://www.hexahealth.com/delhi/hospitals/cardiology/reviews
[2026-07-27 18:30:53] INFO |   hexahealth.com: 0 scraped → 0 new unique
[2026-07-27 18:31:09] WARNING |   Nav error: Page.goto: net::ERR_HTTP2_PROTOCOL_ERROR at https://www.justdial.com/search?q=RASHAD+HOSPITAL+hospital&city=All
Call log:
  - navigating to "https://www.justdial.com/search?q=RASHAD+HOSPITAL+hospital&city=All", waiting until "domcontentloaded"
 (attempt 1/3)
[2026-07-27 18:31:13] WARNING |   Nav error: Page.goto: net::ERR_HTTP2_PROTOCOL_ERROR at https://www.justdial.com/search?q=RASHAD+HOSPITAL+hospital&city=All
Call log:
  - navigating to "https://www.justdial.com/search?q=RASHAD+HOSPITAL+hospital&city=All", waiting until "domcontentloaded"
 (attempt 2/3)
[2026-07-27 18:31:21] WARNING |   Nav error: Page.goto: net::ERR_HTTP2_PROTOCOL_ERROR at https://www.justdial.com/search?q=RASHAD+HOSPITAL+hospital&city=All
Call log:
  - navigating to "https://www.justdial.com/search?q=RASHAD+HOSPITAL+hospital&city=All", waiting until "domcontentloaded"
 (attempt 3/3)
[2026-07-27 18:31:25] INFO | Phase 1 [189/1081]: Krishna Dutt Health Centre
[2026-07-27 18:31:36] INFO |   Scraping hexahealth.com: https://www.hexahealth.com/delhi/hospitals/cardiology/reviews
[2026-07-27 18:31:45] INFO |   hexahealth.com: 0 scraped → 0 new unique
[2026-07-27 18:32:02] WARNING |   Nav error: Page.goto: net::ERR_HTTP2_PROTOCOL_ERROR at https://www.justdial.com/search?q=Krishna+Dutt+Health+Centre+hospital&city=All
Call log:
  - navigating to "https://www.justdial.com/search?q=Krishna+Dutt+Health+Centre+hospital&city=All", waiting until "domcontentloaded"
 (attempt 1/3)
[2026-07-27 18:32:06] WARNING |   Nav error: Page.goto: net::ERR_HTTP2_PROTOCOL_ERROR at https://www.justdial.com/search?q=Krishna+Dutt+Health+Centre+hospital&city=All
Call log:
  - navigating to "https://www.justdial.com/search?q=Krishna+Dutt+Health+Centre+hospital&city=All", waiting until "domcontentloaded"
 (attempt 2/3)
[2026-07-27 18:32:14] WARNING |   Nav error: Page.goto: net::ERR_HTTP2_PROTOCOL_ERROR at https://www.justdial.com/search?q=Krishna+Dutt+Health+Centre+hospital&city=All
Call log:
  - navigating to "https://www.justdial.com/search?q=Krishna+Dutt+Health+Centre+hospital&city=All", waiting until "domcontentloaded"
 (attempt 3/3)
[2026-07-27 18:32:17] INFO | Phase 1 [190/1081]: Express Clinics
[2026-07-27 18:32:27] INFO |   Scraping hexahealth.com: https://www.hexahealth.com/delhi/hospitals/cardiology/reviews
[2026-07-27 18:32:36] INFO |   hexahealth.com: 0 scraped → 0 new unique
[2026-07-27 18:32:52] WARNING |   Nav error: Page.goto: net::ERR_HTTP2_PROTOCOL_ERROR at https://www.justdial.com/search?q=Express+Clinics+hospital&city=All
Call log:
  - navigating to "https://www.justdial.com/search?q=Express+Clinics+hospital&city=All", waiting until "domcontentloaded"
 (attempt 1/3)
[2026-07-27 18:32:56] WARNING |   Nav error: Page.goto: net::ERR_HTTP2_PROTOCOL_ERROR at https://www.justdial.com/search?q=Express+Clinics+hospital&city=All
Call log:
  - navigating to "https://www.justdial.com/search?q=Express+Clinics+hospital&city=All", waiting until "domcontentloaded"
 (attempt 2/3)
[2026-07-27 18:33:04] WARNING |   Nav error: Page.goto: net::ERR_HTTP2_PROTOCOL_ERROR at https://www.justdial.com/search?q=Express+Clinics+hospital&city=All
Call log:
  - navigating to "https://www.justdial.com/search?q=Express+Clinics+hospital&city=All", waiting until "domcontentloaded"
 (attempt 3/3)
[2026-07-27 18:33:08] INFO | Phase 1 [191/1081]: Rejoice Hospital & Global Academy of Gynae Laparoscopy and Hysteroscopy
[2026-07-27 18:33:17] INFO |   Scraping hexahealth.com: https://www.hexahealth.com/delhi/hospitals/cardiology/reviews
[2026-07-27 18:33:27] INFO |   hexahealth.com: 0 scraped → 0 new unique
[2026-07-27 18:33:45] WARNING |   Nav error: Page.goto: net::ERR_HTTP2_PROTOCOL_ERROR at https://www.justdial.com/search?q=Rejoice+Hospital+%26+Global+Academy+of+Gynae+Laparoscopy+and+Hysteroscopy+hospital&city=All
Call log:
  - navigating to "https://www.justdial.com/search?q=Rejoice+Hospital+%26+Global+Academy+of+Gynae+Laparoscopy+and+Hysteroscopy+hospital&city=All", waiting until "domcontentloaded"
 (attempt 1/3)
[2026-07-27 18:33:49] WARNING |   Nav error: Page.goto: net::ERR_HTTP2_PROTOCOL_ERROR at https://www.justdial.com/search?q=Rejoice+Hospital+%26+Global+Academy+of+Gynae+Laparoscopy+and+Hysteroscopy+hospital&city=All
Call log:
  - navigating to "https://www.justdial.com/search?q=Rejoice+Hospital+%26+Global+Academy+of+Gynae+Laparoscopy+and+Hysteroscopy+hospital&city=All", waiting until "domcontentloaded"
 (attempt 2/3)
[2026-07-27 18:33:57] WARNING |   Nav error: Page.goto: net::ERR_HTTP2_PROTOCOL_ERROR at https://www.justdial.com/search?q=Rejoice+Hospital+%26+Global+Academy+of+Gynae+Laparoscopy+and+Hysteroscopy+hospital&city=All
Call log:
  - navigating to "https://www.justdial.com/search?q=Rejoice+Hospital+%26+Global+Academy+of+Gynae+Laparoscopy+and+Hysteroscopy+hospital&city=All", waiting until "domcontentloaded"
 (attempt 3/3)
[2026-07-27 18:34:01] INFO | Phase 1 [192/1081]: Delhi Diagnostic Centre
[2026-07-27 18:34:11] INFO |   Scraping hexahealth.com: https://www.hexahealth.com/delhi/hospitals/cardiology/reviews
[2026-07-27 18:34:20] INFO |   hexahealth.com: 0 scraped → 0 new unique
[2026-07-27 18:34:36] WARNING |   Nav error: Page.goto: net::ERR_HTTP2_PROTOCOL_ERROR at https://www.justdial.com/search?q=Delhi+Diagnostic+Centre+hospital&city=All
Call log:
  - navigating to "https://www.justdial.com/search?q=Delhi+Diagnostic+Centre+hospital&city=All", waiting until "domcontentloaded"
 (attempt 1/3)
[2026-07-27 18:34:40] WARNING |   Nav error: Page.goto: net::ERR_HTTP2_PROTOCOL_ERROR at https://www.justdial.com/search?q=Delhi+Diagnostic+Centre+hospital&city=All
Call log:
  - navigating to "https://www.justdial.com/search?q=Delhi+Diagnostic+Centre+hospital&city=All", waiting until "domcontentloaded"
 (attempt 2/3)
[2026-07-27 18:34:48] WARNING |   Nav error: Page.goto: net::ERR_HTTP2_PROTOCOL_ERROR at https://www.justdial.com/search?q=Delhi+Diagnostic+Centre+hospital&city=All
Call log:
  - navigating to "https://www.justdial.com/search?q=Delhi+Diagnostic+Centre+hospital&city=All", waiting until "domcontentloaded"
 (attempt 3/3)
[2026-07-27 18:34:54] INFO | Phase 1 [193/1081]: Epitome Kidney Urology Institute & Lions Hospital
[2026-07-27 18:35:04] INFO |   Scraping hexahealth.com: https://www.hexahealth.com/delhi/hospitals/cardiology/reviews
[2026-07-27 18:35:13] INFO |   hexahealth.com: 0 scraped → 0 new unique
[2026-07-27 18:35:31] WARNING |   Nav error: Page.goto: net::ERR_HTTP2_PROTOCOL_ERROR at https://www.justdial.com/search?q=Epitome+Kidney+Urology+Institute+%26+Lions+Hospital+hospital&city=All
Call log:
  - navigating to "https://www.justdial.com/search?q=Epitome+Kidney+Urology+Institute+%26+Lions+Hospital+hospital&city=All", waiting until "domcontentloaded"
 (attempt 1/3)
[2026-07-27 18:35:35] WARNING |   Nav error: Page.goto: net::ERR_HTTP2_PROTOCOL_ERROR at https://www.justdial.com/search?q=Epitome+Kidney+Urology+Institute+%26+Lions+Hospital+hospital&city=All
Call log:
  - navigating to "https://www.justdial.com/search?q=Epitome+Kidney+Urology+Institute+%26+Lions+Hospital+hospital&city=All", waiting until "domcontentloaded"
 (attempt 2/3)
[2026-07-27 18:35:43] WARNING |   Nav error: Page.goto: net::ERR_HTTP2_PROTOCOL_ERROR at https://www.justdial.com/search?q=Epitome+Kidney+Urology+Institute+%26+Lions+Hospital+hospital&city=All
Call log:
  - navigating to "https://www.justdial.com/search?q=Epitome+Kidney+Urology+Institute+%26+Lions+Hospital+hospital&city=All", waiting until "domcontentloaded"
 (attempt 3/3)
[2026-07-27 18:35:49] INFO | Phase 1 [194/1081]: Dr Basu Eye Hospital
[2026-07-27 18:35:59] INFO |   Scraping hexahealth.com: https://www.hexahealth.com/delhi/hospitals/cardiology/reviews
[2026-07-27 18:36:08] INFO |   hexahealth.com: 0 scraped → 0 new unique
[2026-07-27 18:36:25] WARNING |   Nav error: Page.goto: net::ERR_HTTP2_PROTOCOL_ERROR at https://www.justdial.com/search?q=Dr+Basu+Eye+Hospital+hospital&city=All
Call log:
  - navigating to "https://www.justdial.com/search?q=Dr+Basu+Eye+Hospital+hospital&city=All", waiting until "domcontentloaded"
 (attempt 1/3)
[2026-07-27 18:36:29] WARNING |   Nav error: Page.goto: net::ERR_HTTP2_PROTOCOL_ERROR at https://www.justdial.com/search?q=Dr+Basu+Eye+Hospital+hospital&city=All
Call log:
  - navigating to "https://www.justdial.com/search?q=Dr+Basu+Eye+Hospital+hospital&city=All", waiting until "domcontentloaded"
 (attempt 2/3)
[2026-07-27 18:36:37] WARNING |   Nav error: Page.goto: net::ERR_HTTP2_PROTOCOL_ERROR at https://www.justdial.com/search?q=Dr+Basu+Eye+Hospital+hospital&city=All
Call log:
  - navigating to "https://www.justdial.com/search?q=Dr+Basu+Eye+Hospital+hospital&city=All", waiting until "domcontentloaded"
 (attempt 3/3)
[2026-07-27 18:36:41] INFO | Phase 1 [195/1081]: Dr. Owais Ahmed Qureshi- Orthopedic Surgeon | Spring Meadows Hospital
[2026-07-27 18:36:51] INFO |   Scraping hexahealth.com: https://www.hexahealth.com/delhi/hospitals/cardiology/reviews
[2026-07-27 18:37:00] INFO |   hexahealth.com: 0 scraped → 0 new unique
[2026-07-27 18:37:18] WARNING |   Nav error: Page.goto: net::ERR_HTTP2_PROTOCOL_ERROR at https://www.justdial.com/search?q=Dr.+Owais+Ahmed+Qureshi-+Orthopedic+Surgeon+%7C+Spring+Meadows+Hospital+hospital&city=All
Call log:
  - navigating to "https://www.justdial.com/search?q=Dr.+Owais+Ahmed+Qureshi-+Orthopedic+Surgeon+%7C+Spring+Meadows+Hospital+hospital&city=All", waiting until "domcontentloaded"
 (attempt 1/3)
[2026-07-27 18:37:22] WARNING |   Nav error: Page.goto: net::ERR_HTTP2_PROTOCOL_ERROR at https://www.justdial.com/search?q=Dr.+Owais+Ahmed+Qureshi-+Orthopedic+Surgeon+%7C+Spring+Meadows+Hospital+hospital&city=All
Call log:
  - navigating to "https://www.justdial.com/search?q=Dr.+Owais+Ahmed+Qureshi-+Orthopedic+Surgeon+%7C+Spring+Meadows+Hospital+hospital&city=All", waiting until "domcontentloaded"
 (attempt 2/3)
[2026-07-27 18:37:30] WARNING |   Nav error: Page.goto: net::ERR_HTTP2_PROTOCOL_ERROR at https://www.justdial.com/search?q=Dr.+Owais+Ahmed+Qureshi-+Orthopedic+Surgeon+%7C+Spring+Meadows+Hospital+hospital&city=All
Call log:
  - navigating to "https://www.justdial.com/search?q=Dr.+Owais+Ahmed+Qureshi-+Orthopedic+Surgeon+%7C+Spring+Meadows+Hospital+hospital&city=All", waiting until "domcontentloaded"
 (attempt 3/3)
[2026-07-27 18:37:33] INFO | Phase 1 [196/1081]: Rai Nursing Home
[2026-07-27 18:37:43] INFO |   Scraping hexahealth.com: https://www.hexahealth.com/delhi/hospitals/cardiology/reviews
[2026-07-27 18:37:52] INFO |   hexahealth.com: 0 scraped → 0 new unique
[2026-07-27 18:38:10] WARNING |   Nav error: Page.goto: net::ERR_HTTP2_PROTOCOL_ERROR at https://www.justdial.com/search?q=Rai+Nursing+Home+hospital&city=All
Call log:
  - navigating to "https://www.justdial.com/search?q=Rai+Nursing+Home+hospital&city=All", waiting until "domcontentloaded"
 (attempt 1/3)
[2026-07-27 18:38:14] WARNING |   Nav error: Page.goto: net::ERR_HTTP2_PROTOCOL_ERROR at https://www.justdial.com/search?q=Rai+Nursing+Home+hospital&city=All
Call log:
  - navigating to "https://www.justdial.com/search?q=Rai+Nursing+Home+hospital&city=All", waiting until "domcontentloaded"
 (attempt 2/3)
[2026-07-27 18:38:22] WARNING |   Nav error: Page.goto: net::ERR_HTTP2_PROTOCOL_ERROR at https://www.justdial.com/search?q=Rai+Nursing+Home+hospital&city=All
Call log:
  - navigating to "https://www.justdial.com/search?q=Rai+Nursing+Home+hospital&city=All", waiting until "domcontentloaded"
 (attempt 3/3)
[2026-07-27 18:38:27] INFO | Phase 1 [197/1081]: Reffered hospital
[2026-07-27 18:38:37] INFO |   Scraping hexahealth.com: https://www.hexahealth.com/delhi/hospitals/cardiology/reviews
[2026-07-27 18:38:46] INFO |   hexahealth.com: 0 scraped → 0 new unique
[2026-07-27 18:39:06] WARNING |   Nav error: Page.goto: net::ERR_HTTP2_PROTOCOL_ERROR at https://www.justdial.com/search?q=Reffered+hospital+hospital&city=All
Call log:
  - navigating to "https://www.justdial.com/search?q=Reffered+hospital+hospital&city=All", waiting until "domcontentloaded"
 (attempt 1/3)
[2026-07-27 18:39:10] WARNING |   Nav error: Page.goto: net::ERR_HTTP2_PROTOCOL_ERROR at https://www.justdial.com/search?q=Reffered+hospital+hospital&city=All
Call log:
  - navigating to "https://www.justdial.com/search?q=Reffered+hospital+hospital&city=All", waiting until "domcontentloaded"
 (attempt 2/3)
[2026-07-27 18:39:18] WARNING |   Nav error: Page.goto: net::ERR_HTTP2_PROTOCOL_ERROR at https://www.justdial.com/search?q=Reffered+hospital+hospital&city=All
Call log:
  - navigating to "https://www.justdial.com/search?q=Reffered+hospital+hospital&city=All", waiting until "domcontentloaded"
 (attempt 3/3)
[2026-07-27 18:39:22] INFO | Phase 1 [198/1081]: %u0627%u0644%u0639%u0644%u0627%u062C %u0641%u064A %u0627%u0644%u0647%u0646%u062F %u0645%u0631%u0643%u0632 %u0633%u0643%u0648%u0646 Sukon
[2026-07-27 18:39:31] INFO |   Scraping hexahealth.com: https://www.hexahealth.com/delhi/hospitals/cardiology/reviews
[2026-07-27 18:39:41] INFO |   hexahealth.com: 0 scraped → 0 new unique
[2026-07-27 18:39:57] WARNING |   Nav error: Page.goto: net::ERR_HTTP2_PROTOCOL_ERROR at https://www.justdial.com/search?q=%25u0627%25u0644%25u0639%25u0644%25u0627%25u062C+%25u0641%25u064A+%25u0627%25u0644%25u0647%25u0646%25u062F+%25u0645%25u0631%25u0643%25u0632+%25u0633%25u0643%25u0648%25u0646+Sukon+hospital&city=All
Call log:
  - navigating to "https://www.justdial.com/search?q=%25u0627%25u0644%25u0639%25u0644%25u0627%25u062C+%25u0641%25u064A+%25u0627%25u0644%25u0647%25u0646%25u062F+%25u0645%25u0631%25u0643%25u0632+%25u0633%25u0643%25u0648%25u0646+Sukon+hospital&city=All", waiting until "domcontentloaded"
 (attempt 1/3)
[2026-07-27 18:40:01] WARNING |   Nav error: Page.goto: net::ERR_HTTP2_PROTOCOL_ERROR at https://www.justdial.com/search?q=%25u0627%25u0644%25u0639%25u0644%25u0627%25u062C+%25u0641%25u064A+%25u0627%25u0644%25u0647%25u0646%25u062F+%25u0645%25u0631%25u0643%25u0632+%25u0633%25u0643%25u0648%25u0646+Sukon+hospital&city=All
Call log:
  - navigating to "https://www.justdial.com/search?q=%25u0627%25u0644%25u0639%25u0644%25u0627%25u062C+%25u0641%25u064A+%25u0627%25u0644%25u0647%25u0646%25u062F+%25u0645%25u0631%25u0643%25u0632+%25u0633%25u0643%25u0648%25u0646+Sukon+hospital&city=All", waiting until "domcontentloaded"
 (attempt 2/3)
[2026-07-27 18:40:09] WARNING |   Nav error: Page.goto: net::ERR_HTTP2_PROTOCOL_ERROR at https://www.justdial.com/search?q=%25u0627%25u0644%25u0639%25u0644%25u0627%25u062C+%25u0641%25u064A+%25u0627%25u0644%25u0647%25u0646%25u062F+%25u0645%25u0631%25u0643%25u0632+%25u0633%25u0643%25u0648%25u0646+Sukon+hospital&city=All
Call log:
  - navigating to "https://www.justdial.com/search?q=%25u0627%25u0644%25u0639%25u0644%25u0627%25u062C+%25u0641%25u064A+%25u0627%25u0644%25u0647%25u0646%25u062F+%25u0645%25u0631%25u0643%25u0632+%25u0633%25u0643%25u0648%25u0646+Sukon+hospital&city=All", waiting until "domcontentloaded"
 (attempt 3/3)
[2026-07-27 18:40:15] INFO | Phase 1 [199/1081]: Doctors Plaza
[2026-07-27 18:40:25] INFO |   Scraping hexahealth.com: https://www.hexahealth.com/delhi/hospitals/cardiology/reviews
[2026-07-27 18:40:35] INFO |   hexahealth.com: 0 scraped → 0 new unique
[2026-07-27 18:40:52] WARNING |   Nav error: Page.goto: net::ERR_HTTP2_PROTOCOL_ERROR at https://www.justdial.com/search?q=Doctors+Plaza+hospital&city=All
Call log:
  - navigating to "https://www.justdial.com/search?q=Doctors+Plaza+hospital&city=All", waiting until "domcontentloaded"
 (attempt 1/3)
[2026-07-27 18:40:56] WARNING |   Nav error: Page.goto: net::ERR_HTTP2_PROTOCOL_ERROR at https://www.justdial.com/search?q=Doctors+Plaza+hospital&city=All
Call log:
  - navigating to "https://www.justdial.com/search?q=Doctors+Plaza+hospital&city=All", waiting until "domcontentloaded"
 (attempt 2/3)
[2026-07-27 18:41:04] WARNING |   Nav error: Page.goto: net::ERR_HTTP2_PROTOCOL_ERROR at https://www.justdial.com/search?q=Doctors+Plaza+hospital&city=All
Call log:
  - navigating to "https://www.justdial.com/search?q=Doctors+Plaza+hospital&city=All", waiting until "domcontentloaded"
 (attempt 3/3)
[2026-07-27 18:41:08] INFO | Phase 1 [200/1081]: CGHS Dispensary
[2026-07-27 18:41:18] INFO |   Scraping hexahealth.com: https://www.hexahealth.com/delhi/hospitals/cardiology/reviews
[2026-07-27 18:41:28] INFO |   hexahealth.com: 0 scraped → 0 new unique
[2026-07-27 18:41:46] WARNING |   Nav error: Page.goto: net::ERR_HTTP2_PROTOCOL_ERROR at https://www.justdial.com/search?q=CGHS+Dispensary+hospital&city=All
Call log:
  - navigating to "https://www.justdial.com/search?q=CGHS+Dispensary+hospital&city=All", waiting until "domcontentloaded"
 (attempt 1/3)
[2026-07-27 18:41:50] WARNING |   Nav error: Page.goto: net::ERR_HTTP2_PROTOCOL_ERROR at https://www.justdial.com/search?q=CGHS+Dispensary+hospital&city=All
Call log:
  - navigating to "https://www.justdial.com/search?q=CGHS+Dispensary+hospital&city=All", waiting until "domcontentloaded"
 (attempt 2/3)
[2026-07-27 18:41:58] WARNING |   Nav error: Page.goto: net::ERR_HTTP2_PROTOCOL_ERROR at https://www.justdial.com/search?q=CGHS+Dispensary+hospital&city=All
Call log:
  - navigating to "https://www.justdial.com/search?q=CGHS+Dispensary+hospital&city=All", waiting until "domcontentloaded"
 (attempt 3/3)
[2026-07-27 18:42:03] INFO | Phase 1 [201/1081]: Nehru Nagar Chest and T.B. Hospital
[2026-07-27 18:42:13] INFO |   Scraping hexahealth.com: https://www.hexahealth.com/delhi/hospitals/cardiology/reviews
[2026-07-27 18:42:23] INFO |   hexahealth.com: 0 scraped → 0 new unique
[2026-07-27 18:42:40] WARNING |   Nav error: Page.goto: net::ERR_HTTP2_PROTOCOL_ERROR at https://www.justdial.com/search?q=Nehru+Nagar+Chest+and+T.B.+Hospital+hospital&city=All
Call log:
  - navigating to "https://www.justdial.com/search?q=Nehru+Nagar+Chest+and+T.B.+Hospital+hospital&city=All", waiting until "domcontentloaded"
 (attempt 1/3)
[2026-07-27 18:42:44] WARNING |   Nav error: Page.goto: net::ERR_HTTP2_PROTOCOL_ERROR at https://www.justdial.com/search?q=Nehru+Nagar+Chest+and+T.B.+Hospital+hospital&city=All
Call log:
  - navigating to "https://www.justdial.com/search?q=Nehru+Nagar+Chest+and+T.B.+Hospital+hospital&city=All", waiting until "domcontentloaded"
 (attempt 2/3)
[2026-07-27 18:42:52] WARNING |   Nav error: Page.goto: net::ERR_HTTP2_PROTOCOL_ERROR at https://www.justdial.com/search?q=Nehru+Nagar+Chest+and+T.B.+Hospital+hospital&city=All
Call log:
  - navigating to "https://www.justdial.com/search?q=Nehru+Nagar+Chest+and+T.B.+Hospital+hospital&city=All", waiting until "domcontentloaded"
 (attempt 3/3)
[2026-07-27 18:42:57] INFO | Phase 1 [202/1081]: Olivia
[2026-07-27 18:43:07] INFO |   Scraping hexahealth.com: https://www.hexahealth.com/delhi/hospitals/cardiology/reviews
[2026-07-27 18:43:17] INFO |   hexahealth.com: 0 scraped → 0 new unique
[2026-07-27 18:43:34] WARNING |   Nav error: Page.goto: net::ERR_HTTP2_PROTOCOL_ERROR at https://www.justdial.com/search?q=Olivia+hospital&city=All
Call log:
  - navigating to "https://www.justdial.com/search?q=Olivia+hospital&city=All", waiting until "domcontentloaded"
 (attempt 1/3)
[2026-07-27 18:43:38] WARNING |   Nav error: Page.goto: net::ERR_HTTP2_PROTOCOL_ERROR at https://www.justdial.com/search?q=Olivia+hospital&city=All
Call log:
  - navigating to "https://www.justdial.com/search?q=Olivia+hospital&city=All", waiting until "domcontentloaded"
 (attempt 2/3)
[2026-07-27 18:43:46] WARNING |   Nav error: Page.goto: net::ERR_HTTP2_PROTOCOL_ERROR at https://www.justdial.com/search?q=Olivia+hospital&city=All
Call log:
  - navigating to "https://www.justdial.com/search?q=Olivia+hospital&city=All", waiting until "domcontentloaded"
 (attempt 3/3)
[2026-07-27 18:43:50] INFO | Phase 1 [203/1081]: National Heart Institute
[2026-07-27 18:44:00] INFO |   Scraping hexahealth.com: https://www.hexahealth.com/delhi/hospitals/cardiology/reviews
[2026-07-27 18:44:10] INFO |   hexahealth.com: 0 scraped → 0 new unique
[2026-07-27 18:44:27] WARNING |   Nav error: Page.goto: net::ERR_HTTP2_PROTOCOL_ERROR at https://www.justdial.com/search?q=National+Heart+Institute+hospital&city=All
Call log:
  - navigating to "https://www.justdial.com/search?q=National+Heart+Institute+hospital&city=All", waiting until "domcontentloaded"
 (attempt 1/3)
[2026-07-27 18:44:31] WARNING |   Nav error: Page.goto: net::ERR_HTTP2_PROTOCOL_ERROR at https://www.justdial.com/search?q=National+Heart+Institute+hospital&city=All
Call log:
  - navigating to "https://www.justdial.com/search?q=National+Heart+Institute+hospital&city=All", waiting until "domcontentloaded"
 (attempt 2/3)
[2026-07-27 18:44:39] WARNING |   Nav error: Page.goto: net::ERR_HTTP2_PROTOCOL_ERROR at https://www.justdial.com/search?q=National+Heart+Institute+hospital&city=All
Call log:
  - navigating to "https://www.justdial.com/search?q=National+Heart+Institute+hospital&city=All", waiting until "domcontentloaded"
 (attempt 3/3)
[2026-07-27 18:44:46] INFO | Phase 1 [204/1081]: General ward in National heart hospital
[2026-07-27 18:44:56] INFO |   Scraping hexahealth.com: https://www.hexahealth.com/delhi/hospitals/cardiology/reviews
[2026-07-27 18:45:05] INFO |   hexahealth.com: 0 scraped → 0 new unique
[2026-07-27 18:45:25] WARNING |   Nav error: Page.goto: net::ERR_HTTP2_PROTOCOL_ERROR at https://www.justdial.com/search?q=General+ward+in+National+heart+hospital+hospital&city=All
Call log:
  - navigating to "https://www.justdial.com/search?q=General+ward+in+National+heart+hospital+hospital&city=All", waiting until "domcontentloaded"
 (attempt 1/3)
[2026-07-27 18:45:29] WARNING |   Nav error: Page.goto: net::ERR_HTTP2_PROTOCOL_ERROR at https://www.justdial.com/search?q=General+ward+in+National+heart+hospital+hospital&city=All
Call log:
  - navigating to "https://www.justdial.com/search?q=General+ward+in+National+heart+hospital+hospital&city=All", waiting until "domcontentloaded"
 (attempt 2/3)
[2026-07-27 18:45:37] WARNING |   Nav error: Page.goto: net::ERR_HTTP2_PROTOCOL_ERROR at https://www.justdial.com/search?q=General+ward+in+National+heart+hospital+hospital&city=All
Call log:
  - navigating to "https://www.justdial.com/search?q=General+ward+in+National+heart+hospital+hospital&city=All", waiting until "domcontentloaded"
 (attempt 3/3)
[2026-07-27 18:45:42] INFO | Phase 1 [205/1081]: Mata Chanan Devi Hospital
[2026-07-27 18:45:52] INFO |   Scraping hexahealth.com: https://www.hexahealth.com/delhi/hospitals/cardiology/reviews
[2026-07-27 18:46:01] INFO |   hexahealth.com: 0 scraped → 0 new unique
[2026-07-27 18:46:21] WARNING |   Nav error: Page.goto: net::ERR_HTTP2_PROTOCOL_ERROR at https://www.justdial.com/search?q=Mata+Chanan+Devi+Hospital+hospital&city=All
Call log:
  - navigating to "https://www.justdial.com/search?q=Mata+Chanan+Devi+Hospital+hospital&city=All", waiting until "domcontentloaded"
 (attempt 1/3)
[2026-07-27 18:46:25] WARNING |   Nav error: Page.goto: net::ERR_HTTP2_PROTOCOL_ERROR at https://www.justdial.com/search?q=Mata+Chanan+Devi+Hospital+hospital&city=All
Call log:
  - navigating to "https://www.justdial.com/search?q=Mata+Chanan+Devi+Hospital+hospital&city=All", waiting until "domcontentloaded"
 (attempt 2/3)
[2026-07-27 18:46:33] WARNING |   Nav error: Page.goto: net::ERR_HTTP2_PROTOCOL_ERROR at https://www.justdial.com/search?q=Mata+Chanan+Devi+Hospital+hospital&city=All
Call log:
  - navigating to "https://www.justdial.com/search?q=Mata+Chanan+Devi+Hospital+hospital&city=All", waiting until "domcontentloaded"
 (attempt 3/3)
[2026-07-27 18:46:39] INFO | Phase 1 [206/1081]: Mata Gujri Hospital Tilak Nagar SDMC
[2026-07-27 18:46:48] INFO |   Scraping hexahealth.com: https://www.hexahealth.com/delhi/hospitals/cardiology/reviews
[2026-07-27 18:46:58] INFO |   hexahealth.com: 0 scraped → 0 new unique
[2026-07-27 18:47:16] WARNING |   Nav error: Page.goto: net::ERR_HTTP2_PROTOCOL_ERROR at https://www.justdial.com/search?q=Mata+Gujri+Hospital+Tilak+Nagar+SDMC+hospital&city=All
Call log:
  - navigating to "https://www.justdial.com/search?q=Mata+Gujri+Hospital+Tilak+Nagar+SDMC+hospital&city=All", waiting until "domcontentloaded"
 (attempt 1/3)
[2026-07-27 18:47:20] WARNING |   Nav error: Page.goto: net::ERR_HTTP2_PROTOCOL_ERROR at https://www.justdial.com/search?q=Mata+Gujri+Hospital+Tilak+Nagar+SDMC+hospital&city=All
Call log:
  - navigating to "https://www.justdial.com/search?q=Mata+Gujri+Hospital+Tilak+Nagar+SDMC+hospital&city=All", waiting until "domcontentloaded"
 (attempt 2/3)
[2026-07-27 18:47:28] WARNING |   Nav error: Page.goto: net::ERR_HTTP2_PROTOCOL_ERROR at https://www.justdial.com/search?q=Mata+Gujri+Hospital+Tilak+Nagar+SDMC+hospital&city=All
Call log:
  - navigating to "https://www.justdial.com/search?q=Mata+Gujri+Hospital+Tilak+Nagar+SDMC+hospital&city=All", waiting until "domcontentloaded"
 (attempt 3/3)
[2026-07-27 18:47:32] INFO | Phase 1 [207/1081]: DGD MAYAPURI
[2026-07-27 18:47:42] INFO |   Scraping hexahealth.com: https://www.hexahealth.com/delhi/hospitals/cardiology/reviews
[2026-07-27 18:47:52] INFO |   hexahealth.com: 0 scraped → 0 new unique
[2026-07-27 18:48:08] WARNING |   Nav error: Page.goto: net::ERR_HTTP2_PROTOCOL_ERROR at https://www.justdial.com/search?q=DGD+MAYAPURI+hospital&city=All
Call log:
  - navigating to "https://www.justdial.com/search?q=DGD+MAYAPURI+hospital&city=All", waiting until "domcontentloaded"
 (attempt 1/3)
[2026-07-27 18:48:13] WARNING |   Nav error: Page.goto: net::ERR_HTTP2_PROTOCOL_ERROR at https://www.justdial.com/search?q=DGD+MAYAPURI+hospital&city=All
Call log:
  - navigating to "https://www.justdial.com/search?q=DGD+MAYAPURI+hospital&city=All", waiting until "domcontentloaded"
 (attempt 2/3)
[2026-07-27 18:48:21] WARNING |   Nav error: Page.goto: net::ERR_HTTP2_PROTOCOL_ERROR at https://www.justdial.com/search?q=DGD+MAYAPURI+hospital&city=All
Call log:
  - navigating to "https://www.justdial.com/search?q=DGD+MAYAPURI+hospital&city=All", waiting until "domcontentloaded"
 (attempt 3/3)
[2026-07-27 18:48:26] INFO | Phase 1 [208/1081]: Guru Harkishan Dispensary OPD
[2026-07-27 18:48:36] INFO |   Scraping hexahealth.com: https://www.hexahealth.com/delhi/hospitals/cardiology/reviews
[2026-07-27 18:48:45] INFO |   hexahealth.com: 0 scraped → 0 new unique
[2026-07-27 18:49:01] WARNING |   Nav error: Page.goto: net::ERR_HTTP2_PROTOCOL_ERROR at https://www.justdial.com/search?q=Guru+Harkishan+Dispensary+OPD+hospital&city=All
Call log:
  - navigating to "https://www.justdial.com/search?q=Guru+Harkishan+Dispensary+OPD+hospital&city=All", waiting until "domcontentloaded"
 (attempt 1/3)
[2026-07-27 18:49:05] WARNING |   Nav error: Page.goto: net::ERR_HTTP2_PROTOCOL_ERROR at https://www.justdial.com/search?q=Guru+Harkishan+Dispensary+OPD+hospital&city=All
Call log:
  - navigating to "https://www.justdial.com/search?q=Guru+Harkishan+Dispensary+OPD+hospital&city=All", waiting until "domcontentloaded"
 (attempt 2/3)
[2026-07-27 18:49:13] WARNING |   Nav error: Page.goto: net::ERR_HTTP2_PROTOCOL_ERROR at https://www.justdial.com/search?q=Guru+Harkishan+Dispensary+OPD+hospital&city=All
Call log:
  - navigating to "https://www.justdial.com/search?q=Guru+Harkishan+Dispensary+OPD+hospital&city=All", waiting until "domcontentloaded"
 (attempt 3/3)
[2026-07-27 18:49:19] INFO | Phase 1 [209/1081]: Jasrotia Hospital
[2026-07-27 18:49:28] INFO |   Scraping hexahealth.com: https://www.hexahealth.com/delhi/hospitals/cardiology/reviews
[2026-07-27 18:49:38] INFO |   hexahealth.com: 0 scraped → 0 new unique
[2026-07-27 18:49:55] WARNING |   Nav error: Page.goto: net::ERR_HTTP2_PROTOCOL_ERROR at https://www.justdial.com/search?q=Jasrotia+Hospital+hospital&city=All
Call log:
  - navigating to "https://www.justdial.com/search?q=Jasrotia+Hospital+hospital&city=All", waiting until "domcontentloaded"
 (attempt 1/3)
[2026-07-27 18:49:59] WARNING |   Nav error: Page.goto: net::ERR_HTTP2_PROTOCOL_ERROR at https://www.justdial.com/search?q=Jasrotia+Hospital+hospital&city=All
Call log:
  - navigating to "https://www.justdial.com/search?q=Jasrotia+Hospital+hospital&city=All", waiting until "domcontentloaded"
 (attempt 2/3)
[2026-07-27 18:50:07] WARNING |   Nav error: Page.goto: net::ERR_HTTP2_PROTOCOL_ERROR at https://www.justdial.com/search?q=Jasrotia+Hospital+hospital&city=All
Call log:
  - navigating to "https://www.justdial.com/search?q=Jasrotia+Hospital+hospital&city=All", waiting until "domcontentloaded"
 (attempt 3/3)
[2026-07-27 18:50:13] INFO | Phase 1 [210/1081]: Deen Dayal Upadhyay Hospital
[2026-07-27 18:50:23] INFO |   Scraping hexahealth.com: https://www.hexahealth.com/delhi/hospitals/cardiology/reviews
[2026-07-27 18:50:33] INFO |   hexahealth.com: 0 scraped → 0 new unique
[2026-07-27 18:50:48] WARNING |   Nav error: Page.goto: net::ERR_HTTP2_PROTOCOL_ERROR at https://www.justdial.com/search?q=Deen+Dayal+Upadhyay+Hospital+hospital&city=All
Call log:
  - navigating to "https://www.justdial.com/search?q=Deen+Dayal+Upadhyay+Hospital+hospital&city=All", waiting until "domcontentloaded"
 (attempt 1/3)
[2026-07-27 18:50:53] WARNING |   Nav error: Page.goto: net::ERR_HTTP2_PROTOCOL_ERROR at https://www.justdial.com/search?q=Deen+Dayal+Upadhyay+Hospital+hospital&city=All
Call log:
  - navigating to "https://www.justdial.com/search?q=Deen+Dayal+Upadhyay+Hospital+hospital&city=All", waiting until "domcontentloaded"
 (attempt 2/3)
[2026-07-27 18:51:01] WARNING |   Nav error: Page.goto: net::ERR_HTTP2_PROTOCOL_ERROR at https://www.justdial.com/search?q=Deen+Dayal+Upadhyay+Hospital+hospital&city=All
Call log:
  - navigating to "https://www.justdial.com/search?q=Deen+Dayal+Upadhyay+Hospital+hospital&city=All", waiting until "domcontentloaded"
 (attempt 3/3)
[2026-07-27 18:51:06] INFO | Phase 1 [211/1081]: CGHS Wellness Center cum Dispensary D80
[2026-07-27 18:51:16] INFO |   Scraping hexahealth.com: https://www.hexahealth.com/delhi/hospitals/cardiology/reviews
[2026-07-27 18:51:26] INFO |   hexahealth.com: 0 scraped → 0 new unique
[2026-07-27 18:51:45] WARNING |   Nav error: Page.goto: net::ERR_HTTP2_PROTOCOL_ERROR at https://www.justdial.com/search?q=CGHS+Wellness+Center+cum+Dispensary+D80+hospital&city=All
Call log:
  - navigating to "https://www.justdial.com/search?q=CGHS+Wellness+Center+cum+Dispensary+D80+hospital&city=All", waiting until "domcontentloaded"
 (attempt 1/3)
[2026-07-27 18:51:49] WARNING |   Nav error: Page.goto: net::ERR_HTTP2_PROTOCOL_ERROR at https://www.justdial.com/search?q=CGHS+Wellness+Center+cum+Dispensary+D80+hospital&city=All
Call log:
  - navigating to "https://www.justdial.com/search?q=CGHS+Wellness+Center+cum+Dispensary+D80+hospital&city=All", waiting until "domcontentloaded"
 (attempt 2/3)
[2026-07-27 18:51:57] WARNING |   Nav error: Page.goto: net::ERR_HTTP2_PROTOCOL_ERROR at https://www.justdial.com/search?q=CGHS+Wellness+Center+cum+Dispensary+D80+hospital&city=All
Call log:
  - navigating to "https://www.justdial.com/search?q=CGHS+Wellness+Center+cum+Dispensary+D80+hospital&city=All", waiting until "domcontentloaded"
 (attempt 3/3)
[2026-07-27 18:52:04] INFO | Phase 1 [212/1081]: MGS HOSPITAL
[2026-07-27 18:52:13] INFO |   Scraping hexahealth.com: https://www.hexahealth.com/delhi/hospitals/cardiology/reviews
[2026-07-27 18:52:23] INFO |   hexahealth.com: 0 scraped → 0 new unique
[2026-07-27 18:52:40] WARNING |   Nav error: Page.goto: net::ERR_HTTP2_PROTOCOL_ERROR at https://www.justdial.com/search?q=MGS+HOSPITAL+hospital&city=All
Call log:
  - navigating to "https://www.justdial.com/search?q=MGS+HOSPITAL+hospital&city=All", waiting until "domcontentloaded"
 (attempt 1/3)
[2026-07-27 18:52:44] WARNING |   Nav error: Page.goto: net::ERR_HTTP2_PROTOCOL_ERROR at https://www.justdial.com/search?q=MGS+HOSPITAL+hospital&city=All
Call log:
  - navigating to "https://www.justdial.com/search?q=MGS+HOSPITAL+hospital&city=All", waiting until "domcontentloaded"
 (attempt 2/3)
[2026-07-27 18:52:52] WARNING |   Nav error: Page.goto: net::ERR_HTTP2_PROTOCOL_ERROR at https://www.justdial.com/search?q=MGS+HOSPITAL+hospital&city=All
Call log:
  - navigating to "https://www.justdial.com/search?q=MGS+HOSPITAL+hospital&city=All", waiting until "domcontentloaded"
 (attempt 3/3)
[2026-07-27 18:52:57] INFO | Phase 1 [213/1081]: Jawa Nursing Home
[2026-07-27 18:53:07] INFO |   Scraping hexahealth.com: https://www.hexahealth.com/delhi/hospitals/cardiology/reviews
[2026-07-27 18:53:17] INFO |   hexahealth.com: 0 scraped → 0 new unique
[2026-07-27 18:53:34] WARNING |   Nav error: Page.goto: net::ERR_HTTP2_PROTOCOL_ERROR at https://www.justdial.com/search?q=Jawa+Nursing+Home+hospital&city=All
Call log:
  - navigating to "https://www.justdial.com/search?q=Jawa+Nursing+Home+hospital&city=All", waiting until "domcontentloaded"
 (attempt 1/3)
[2026-07-27 18:53:38] WARNING |   Nav error: Page.goto: net::ERR_HTTP2_PROTOCOL_ERROR at https://www.justdial.com/search?q=Jawa+Nursing+Home+hospital&city=All
Call log:
  - navigating to "https://www.justdial.com/search?q=Jawa+Nursing+Home+hospital&city=All", waiting until "domcontentloaded"
 (attempt 2/3)
[2026-07-27 18:53:46] WARNING |   Nav error: Page.goto: net::ERR_HTTP2_PROTOCOL_ERROR at https://www.justdial.com/search?q=Jawa+Nursing+Home+hospital&city=All
Call log:
  - navigating to "https://www.justdial.com/search?q=Jawa+Nursing+Home+hospital&city=All", waiting until "domcontentloaded"
 (attempt 3/3)
[2026-07-27 18:53:51] INFO | Phase 1 [214/1081]: Dr Nirupam adlakha
[2026-07-27 18:54:01] INFO |   Scraping hexahealth.com: https://www.hexahealth.com/delhi/hospitals/cardiology/reviews
[2026-07-27 18:54:11] INFO |   hexahealth.com: 0 scraped → 0 new unique
[2026-07-27 18:54:29] WARNING |   Nav error: Page.goto: net::ERR_HTTP2_PROTOCOL_ERROR at https://www.justdial.com/search?q=Dr+Nirupam+adlakha+hospital&city=All
Call log:
  - navigating to "https://www.justdial.com/search?q=Dr+Nirupam+adlakha+hospital&city=All", waiting until "domcontentloaded"
 (attempt 1/3)
[2026-07-27 18:54:33] WARNING |   Nav error: Page.goto: net::ERR_HTTP2_PROTOCOL_ERROR at https://www.justdial.com/search?q=Dr+Nirupam+adlakha+hospital&city=All
Call log:
  - navigating to "https://www.justdial.com/search?q=Dr+Nirupam+adlakha+hospital&city=All", waiting until "domcontentloaded"
 (attempt 2/3)
[2026-07-27 18:54:41] WARNING |   Nav error: Page.goto: net::ERR_HTTP2_PROTOCOL_ERROR at https://www.justdial.com/search?q=Dr+Nirupam+adlakha+hospital&city=All
Call log:
  - navigating to "https://www.justdial.com/search?q=Dr+Nirupam+adlakha+hospital&city=All", waiting until "domcontentloaded"
 (attempt 3/3)
[2026-07-27 18:54:46] INFO | Phase 1 [215/1081]: Cardiac diagnostic centre
[2026-07-27 18:54:56] INFO |   Scraping hexahealth.com: https://www.hexahealth.com/delhi/hospitals/cardiology/reviews
[2026-07-27 18:55:06] INFO |   hexahealth.com: 0 scraped → 0 new unique
[2026-07-27 18:55:22] WARNING |   Nav error: Page.goto: net::ERR_HTTP2_PROTOCOL_ERROR at https://www.justdial.com/search?q=Cardiac+diagnostic+centre+hospital&city=All
Call log:
  - navigating to "https://www.justdial.com/search?q=Cardiac+diagnostic+centre+hospital&city=All", waiting until "domcontentloaded"
 (attempt 1/3)
[2026-07-27 18:55:26] WARNING |   Nav error: Page.goto: net::ERR_HTTP2_PROTOCOL_ERROR at https://www.justdial.com/search?q=Cardiac+diagnostic+centre+hospital&city=All
Call log:
  - navigating to "https://www.justdial.com/search?q=Cardiac+diagnostic+centre+hospital&city=All", waiting until "domcontentloaded"
 (attempt 2/3)
[2026-07-27 18:55:34] WARNING |   Nav error: Page.goto: net::ERR_HTTP2_PROTOCOL_ERROR at https://www.justdial.com/search?q=Cardiac+diagnostic+centre+hospital&city=All
Call log:
  - navigating to "https://www.justdial.com/search?q=Cardiac+diagnostic+centre+hospital&city=All", waiting until "domcontentloaded"
 (attempt 3/3)
[2026-07-27 18:55:38] INFO | Phase 1 [216/1081]: Bhatia Global Hospital
[2026-07-27 18:55:47] INFO |   Scraping hexahealth.com: https://www.hexahealth.com/delhi/hospitals/cardiology/reviews
[2026-07-27 18:55:57] INFO |   hexahealth.com: 0 scraped → 0 new unique
[2026-07-27 18:56:15] WARNING |   Nav error: Page.goto: net::ERR_HTTP2_PROTOCOL_ERROR at https://www.justdial.com/search?q=Bhatia+Global+Hospital+hospital&city=All
Call log:
  - navigating to "https://www.justdial.com/search?q=Bhatia+Global+Hospital+hospital&city=All", waiting until "domcontentloaded"
 (attempt 1/3)
[2026-07-27 18:56:19] WARNING |   Nav error: Page.goto: net::ERR_HTTP2_PROTOCOL_ERROR at https://www.justdial.com/search?q=Bhatia+Global+Hospital+hospital&city=All
Call log:
  - navigating to "https://www.justdial.com/search?q=Bhatia+Global+Hospital+hospital&city=All", waiting until "domcontentloaded"
 (attempt 2/3)
[2026-07-27 18:56:27] WARNING |   Nav error: Page.goto: net::ERR_HTTP2_PROTOCOL_ERROR at https://www.justdial.com/search?q=Bhatia+Global+Hospital+hospital&city=All
Call log:
  - navigating to "https://www.justdial.com/search?q=Bhatia+Global+Hospital+hospital&city=All", waiting until "domcontentloaded"
 (attempt 3/3)
[2026-07-27 18:56:33] INFO | Phase 1 [217/1081]: Goyal hospital
[2026-07-27 18:56:43] INFO |   Scraping hexahealth.com: https://www.hexahealth.com/delhi/hospitals/cardiology/reviews
[2026-07-27 18:56:53] INFO |   hexahealth.com: 0 scraped → 0 new unique
[2026-07-27 18:57:10] WARNING |   Nav error: Page.goto: net::ERR_HTTP2_PROTOCOL_ERROR at https://www.justdial.com/search?q=Goyal+hospital+hospital&city=All
Call log:
  - navigating to "https://www.justdial.com/search?q=Goyal+hospital+hospital&city=All", waiting until "domcontentloaded"
 (attempt 1/3)
[2026-07-27 18:57:14] WARNING |   Nav error: Page.goto: net::ERR_HTTP2_PROTOCOL_ERROR at https://www.justdial.com/search?q=Goyal+hospital+hospital&city=All
Call log:
  - navigating to "https://www.justdial.com/search?q=Goyal+hospital+hospital&city=All", waiting until "domcontentloaded"
 (attempt 2/3)
[2026-07-27 18:57:22] WARNING |   Nav error: Page.goto: net::ERR_HTTP2_PROTOCOL_ERROR at https://www.justdial.com/search?q=Goyal+hospital+hospital&city=All
Call log:
  - navigating to "https://www.justdial.com/search?q=Goyal+hospital+hospital&city=All", waiting until "domcontentloaded"
 (attempt 3/3)
[2026-07-27 18:57:27] INFO | Phase 1 [218/1081]: Bagga Nursing Home
[2026-07-27 18:57:37] INFO |   Scraping hexahealth.com: https://www.hexahealth.com/delhi/hospitals/cardiology/reviews
[2026-07-27 18:57:47] INFO |   hexahealth.com: 0 scraped → 0 new unique
[2026-07-27 18:58:04] WARNING |   Nav error: Page.goto: net::ERR_HTTP2_PROTOCOL_ERROR at https://www.justdial.com/search?q=Bagga+Nursing+Home+hospital&city=All
Call log:
  - navigating to "https://www.justdial.com/search?q=Bagga+Nursing+Home+hospital&city=All", waiting until "domcontentloaded"
 (attempt 1/3)
[2026-07-27 18:58:08] WARNING |   Nav error: Page.goto: net::ERR_HTTP2_PROTOCOL_ERROR at https://www.justdial.com/search?q=Bagga+Nursing+Home+hospital&city=All
Call log:
  - navigating to "https://www.justdial.com/search?q=Bagga+Nursing+Home+hospital&city=All", waiting until "domcontentloaded"
 (attempt 2/3)
[2026-07-27 18:58:16] WARNING |   Nav error: Page.goto: net::ERR_HTTP2_PROTOCOL_ERROR at https://www.justdial.com/search?q=Bagga+Nursing+Home+hospital&city=All
Call log:
  - navigating to "https://www.justdial.com/search?q=Bagga+Nursing+Home+hospital&city=All", waiting until "domcontentloaded"
 (attempt 3/3)
[2026-07-27 18:58:20] INFO | Phase 1 [219/1081]: Flex Medical Centre
[2026-07-27 18:58:30] INFO |   Scraping hexahealth.com: https://www.hexahealth.com/delhi/hospitals/cardiology/reviews
[2026-07-27 18:58:39] INFO |   hexahealth.com: 0 scraped → 0 new unique
[2026-07-27 18:58:56] WARNING |   Nav error: Page.goto: net::ERR_HTTP2_PROTOCOL_ERROR at https://www.justdial.com/search?q=Flex+Medical+Centre+hospital&city=All
Call log:
  - navigating to "https://www.justdial.com/search?q=Flex+Medical+Centre+hospital&city=All", waiting until "domcontentloaded"
 (attempt 1/3)
[2026-07-27 18:59:00] WARNING |   Nav error: Page.goto: net::ERR_HTTP2_PROTOCOL_ERROR at https://www.justdial.com/search?q=Flex+Medical+Centre+hospital&city=All
Call log:
  - navigating to "https://www.justdial.com/search?q=Flex+Medical+Centre+hospital&city=All", waiting until "domcontentloaded"
 (attempt 2/3)
[2026-07-27 18:59:08] WARNING |   Nav error: Page.goto: net::ERR_HTTP2_PROTOCOL_ERROR at https://www.justdial.com/search?q=Flex+Medical+Centre+hospital&city=All
Call log:
  - navigating to "https://www.justdial.com/search?q=Flex+Medical+Centre+hospital&city=All", waiting until "domcontentloaded"
 (attempt 3/3)
[2026-07-27 18:59:14] INFO | Phase 1 [220/1081]: Luthra Medical Centre
[2026-07-27 18:59:24] INFO |   Scraping hexahealth.com: https://www.hexahealth.com/delhi/hospitals/cardiology/reviews
[2026-07-27 18:59:34] INFO |   hexahealth.com: 0 scraped → 0 new unique
[2026-07-27 18:59:54] WARNING |   Nav error: Page.goto: net::ERR_HTTP2_PROTOCOL_ERROR at https://www.justdial.com/search?q=Luthra+Medical+Centre+hospital&city=All
Call log:
  - navigating to "https://www.justdial.com/search?q=Luthra+Medical+Centre+hospital&city=All", waiting until "domcontentloaded"
 (attempt 1/3)
[2026-07-27 18:59:58] WARNING |   Nav error: Page.goto: net::ERR_HTTP2_PROTOCOL_ERROR at https://www.justdial.com/search?q=Luthra+Medical+Centre+hospital&city=All
Call log:
  - navigating to "https://www.justdial.com/search?q=Luthra+Medical+Centre+hospital&city=All", waiting until "domcontentloaded"
 (attempt 2/3)
[2026-07-27 19:00:06] WARNING |   Nav error: Page.goto: net::ERR_HTTP2_PROTOCOL_ERROR at https://www.justdial.com/search?q=Luthra+Medical+Centre+hospital&city=All
Call log:
  - navigating to "https://www.justdial.com/search?q=Luthra+Medical+Centre+hospital&city=All", waiting until "domcontentloaded"
 (attempt 3/3)
[2026-07-27 19:00:10] INFO | Phase 1 [221/1081]: Sanchet Hospital
[2026-07-27 19:00:20] INFO |   Scraping hexahealth.com: https://www.hexahealth.com/delhi/hospitals/cardiology/reviews
[2026-07-27 19:00:30] INFO |   hexahealth.com: 0 scraped → 0 new unique
[2026-07-27 19:00:48] WARNING |   Nav error: Page.goto: net::ERR_HTTP2_PROTOCOL_ERROR at https://www.justdial.com/search?q=Sanchet+Hospital+hospital&city=All
Call log:
  - navigating to "https://www.justdial.com/search?q=Sanchet+Hospital+hospital&city=All", waiting until "domcontentloaded"
 (attempt 1/3)
[2026-07-27 19:00:52] WARNING |   Nav error: Page.goto: net::ERR_HTTP2_PROTOCOL_ERROR at https://www.justdial.com/search?q=Sanchet+Hospital+hospital&city=All
Call log:
  - navigating to "https://www.justdial.com/search?q=Sanchet+Hospital+hospital&city=All", waiting until "domcontentloaded"
 (attempt 2/3)
[2026-07-27 19:01:00] WARNING |   Nav error: Page.goto: net::ERR_HTTP2_PROTOCOL_ERROR at https://www.justdial.com/search?q=Sanchet+Hospital+hospital&city=All
Call log:
  - navigating to "https://www.justdial.com/search?q=Sanchet+Hospital+hospital&city=All", waiting until "domcontentloaded"
 (attempt 3/3)
[2026-07-27 19:01:05] INFO | Phase 1 [222/1081]: Hospital
[2026-07-27 19:01:14] INFO |   Scraping hexahealth.com: https://www.hexahealth.com/delhi/hospitals/cardiology/reviews
[2026-07-27 19:01:25] INFO |   hexahealth.com: 0 scraped → 0 new unique
[2026-07-27 19:01:41] WARNING |   Nav error: Page.goto: net::ERR_HTTP2_PROTOCOL_ERROR at https://www.justdial.com/search?q=Hospital+hospital&city=All
Call log:
  - navigating to "https://www.justdial.com/search?q=Hospital+hospital&city=All", waiting until "domcontentloaded"
 (attempt 1/3)
[2026-07-27 19:01:46] WARNING |   Nav error: Page.goto: net::ERR_HTTP2_PROTOCOL_ERROR at https://www.justdial.com/search?q=Hospital+hospital&city=All
Call log:
  - navigating to "https://www.justdial.com/search?q=Hospital+hospital&city=All", waiting until "domcontentloaded"
 (attempt 2/3)
[2026-07-27 19:01:54] WARNING |   Nav error: Page.goto: net::ERR_HTTP2_PROTOCOL_ERROR at https://www.justdial.com/search?q=Hospital+hospital&city=All
Call log:
  - navigating to "https://www.justdial.com/search?q=Hospital+hospital&city=All", waiting until "domcontentloaded"
 (attempt 3/3)
[2026-07-27 19:01:57] INFO | Phase 1 [223/1081]: Navjivan Hospital
[2026-07-27 19:02:07] INFO |   Scraping hexahealth.com: https://www.hexahealth.com/delhi/hospitals/cardiology/reviews
[2026-07-27 19:02:17] INFO |   hexahealth.com: 0 scraped → 0 new unique
[2026-07-27 19:02:33] WARNING |   Nav error: Page.goto: net::ERR_HTTP2_PROTOCOL_ERROR at https://www.justdial.com/search?q=Navjivan+Hospital+hospital&city=All
Call log:
  - navigating to "https://www.justdial.com/search?q=Navjivan+Hospital+hospital&city=All", waiting until "domcontentloaded"
 (attempt 1/3)
[2026-07-27 19:02:37] WARNING |   Nav error: Page.goto: net::ERR_HTTP2_PROTOCOL_ERROR at https://www.justdial.com/search?q=Navjivan+Hospital+hospital&city=All
Call log:
  - navigating to "https://www.justdial.com/search?q=Navjivan+Hospital+hospital&city=All", waiting until "domcontentloaded"
 (attempt 2/3)
[2026-07-27 19:02:45] WARNING |   Nav error: Page.goto: net::ERR_HTTP2_PROTOCOL_ERROR at https://www.justdial.com/search?q=Navjivan+Hospital+hospital&city=All
Call log:
  - navigating to "https://www.justdial.com/search?q=Navjivan+Hospital+hospital&city=All", waiting until "domcontentloaded"
 (attempt 3/3)
[2026-07-27 19:02:50] INFO | Phase 1 [224/1081]: ARPAN HOSPITAL
[2026-07-27 19:03:00] INFO |   Scraping hexahealth.com: https://www.hexahealth.com/delhi/hospitals/cardiology/reviews
[2026-07-27 19:03:10] INFO |   hexahealth.com: 0 scraped → 0 new unique
[2026-07-27 19:03:29] WARNING |   Nav error: Page.goto: net::ERR_HTTP2_PROTOCOL_ERROR at https://www.justdial.com/search?q=ARPAN+HOSPITAL+hospital&city=All
Call log:
  - navigating to "https://www.justdial.com/search?q=ARPAN+HOSPITAL+hospital&city=All", waiting until "domcontentloaded"
 (attempt 1/3)
[2026-07-27 19:03:33] WARNING |   Nav error: Page.goto: net::ERR_HTTP2_PROTOCOL_ERROR at https://www.justdial.com/search?q=ARPAN+HOSPITAL+hospital&city=All
Call log:
  - navigating to "https://www.justdial.com/search?q=ARPAN+HOSPITAL+hospital&city=All", waiting until "domcontentloaded"
 (attempt 2/3)
[2026-07-27 19:03:41] WARNING |   Nav error: Page.goto: net::ERR_HTTP2_PROTOCOL_ERROR at https://www.justdial.com/search?q=ARPAN+HOSPITAL+hospital&city=All
Call log:
  - navigating to "https://www.justdial.com/search?q=ARPAN+HOSPITAL+hospital&city=All", waiting until "domcontentloaded"
 (attempt 3/3)
[2026-07-27 19:03:48] INFO | Phase 1 [225/1081]: Shanti Hospital
[2026-07-27 19:03:58] INFO |   Scraping hexahealth.com: https://www.hexahealth.com/delhi/hospitals/cardiology/reviews
[2026-07-27 19:04:07] INFO |   hexahealth.com: 0 scraped → 0 new unique
[2026-07-27 19:04:27] WARNING |   Nav error: Page.goto: net::ERR_HTTP2_PROTOCOL_ERROR at https://www.justdial.com/search?q=Shanti+Hospital+hospital&city=All
Call log:
  - navigating to "https://www.justdial.com/search?q=Shanti+Hospital+hospital&city=All", waiting until "domcontentloaded"
 (attempt 1/3)
[2026-07-27 19:04:31] WARNING |   Nav error: Page.goto: net::ERR_HTTP2_PROTOCOL_ERROR at https://www.justdial.com/search?q=Shanti+Hospital+hospital&city=All
Call log:
  - navigating to "https://www.justdial.com/search?q=Shanti+Hospital+hospital&city=All", waiting until "domcontentloaded"
 (attempt 2/3)
[2026-07-27 19:04:39] WARNING |   Nav error: Page.goto: net::ERR_HTTP2_PROTOCOL_ERROR at https://www.justdial.com/search?q=Shanti+Hospital+hospital&city=All
Call log:
  - navigating to "https://www.justdial.com/search?q=Shanti+Hospital+hospital&city=All", waiting until "domcontentloaded"
 (attempt 3/3)
[2026-07-27 19:04:42] INFO | Phase 1 [226/1081]: M G hospital
[2026-07-27 19:04:52] INFO |   Scraping hexahealth.com: https://www.hexahealth.com/delhi/hospitals/cardiology/reviews
[2026-07-27 19:05:02] INFO |   hexahealth.com: 0 scraped → 0 new unique
[2026-07-27 19:05:17] WARNING |   Nav error: Page.goto: net::ERR_HTTP2_PROTOCOL_ERROR at https://www.justdial.com/search?q=M+G+hospital+hospital&city=All
Call log:
  - navigating to "https://www.justdial.com/search?q=M+G+hospital+hospital&city=All", waiting until "domcontentloaded"
 (attempt 1/3)
[2026-07-27 19:05:22] WARNING |   Nav error: Page.goto: net::ERR_HTTP2_PROTOCOL_ERROR at https://www.justdial.com/search?q=M+G+hospital+hospital&city=All
Call log:
  - navigating to "https://www.justdial.com/search?q=M+G+hospital+hospital&city=All", waiting until "domcontentloaded"
 (attempt 2/3)
[2026-07-27 19:05:30] WARNING |   Nav error: Page.goto: net::ERR_HTTP2_PROTOCOL_ERROR at https://www.justdial.com/search?q=M+G+hospital+hospital&city=All
Call log:
  - navigating to "https://www.justdial.com/search?q=M+G+hospital+hospital&city=All", waiting until "domcontentloaded"
 (attempt 3/3)
[2026-07-27 19:05:36] INFO | Phase 1 [227/1081]: Asha Hospital
[2026-07-27 19:05:46] INFO |   Scraping hexahealth.com: https://www.hexahealth.com/delhi/hospitals/cardiology/reviews
[2026-07-27 19:05:55] INFO |   hexahealth.com: 0 scraped → 0 new unique
[2026-07-27 19:06:11] WARNING |   Nav error: Page.goto: net::ERR_HTTP2_PROTOCOL_ERROR at https://www.justdial.com/search?q=Asha+Hospital+hospital&city=All
Call log:
  - navigating to "https://www.justdial.com/search?q=Asha+Hospital+hospital&city=All", waiting until "domcontentloaded"
 (attempt 1/3)
[2026-07-27 19:06:15] WARNING |   Nav error: Page.goto: net::ERR_HTTP2_PROTOCOL_ERROR at https://www.justdial.com/search?q=Asha+Hospital+hospital&city=All
Call log:
  - navigating to "https://www.justdial.com/search?q=Asha+Hospital+hospital&city=All", waiting until "domcontentloaded"
 (attempt 2/3)
[2026-07-27 19:06:23] WARNING |   Nav error: Page.goto: net::ERR_HTTP2_PROTOCOL_ERROR at https://www.justdial.com/search?q=Asha+Hospital+hospital&city=All
Call log:
  - navigating to "https://www.justdial.com/search?q=Asha+Hospital+hospital&city=All", waiting until "domcontentloaded"
 (attempt 3/3)
[2026-07-27 19:06:28] INFO | Phase 1 [228/1081]: Base Hospital I T B P
[2026-07-27 19:06:38] INFO |   Scraping hexahealth.com: https://www.hexahealth.com/delhi/hospitals/cardiology/reviews
[2026-07-27 19:06:48] INFO |   hexahealth.com: 0 scraped → 0 new unique
[2026-07-27 19:07:06] WARNING |   Nav error: Page.goto: net::ERR_HTTP2_PROTOCOL_ERROR at https://www.justdial.com/search?q=Base+Hospital+I+T+B+P+hospital&city=All
Call log:
  - navigating to "https://www.justdial.com/search?q=Base+Hospital+I+T+B+P+hospital&city=All", waiting until "domcontentloaded"
 (attempt 1/3)
[2026-07-27 19:07:10] WARNING |   Nav error: Page.goto: net::ERR_HTTP2_PROTOCOL_ERROR at https://www.justdial.com/search?q=Base+Hospital+I+T+B+P+hospital&city=All
Call log:
  - navigating to "https://www.justdial.com/search?q=Base+Hospital+I+T+B+P+hospital&city=All", waiting until "domcontentloaded"
 (attempt 2/3)
[2026-07-27 19:07:18] WARNING |   Nav error: Page.goto: net::ERR_HTTP2_PROTOCOL_ERROR at https://www.justdial.com/search?q=Base+Hospital+I+T+B+P+hospital&city=All
Call log:
  - navigating to "https://www.justdial.com/search?q=Base+Hospital+I+T+B+P+hospital&city=All", waiting until "domcontentloaded"
 (attempt 3/3)
[2026-07-27 19:07:21] INFO | Phase 1 [229/1081]: Mehta Hospital
[2026-07-27 19:07:31] INFO |   Scraping hexahealth.com: https://www.hexahealth.com/delhi/hospitals/cardiology/reviews
[2026-07-27 19:07:41] INFO |   hexahealth.com: 0 scraped → 0 new unique
[2026-07-27 19:07:59] WARNING |   Nav error: Page.goto: net::ERR_HTTP2_PROTOCOL_ERROR at https://www.justdial.com/search?q=Mehta+Hospital+hospital&city=All
Call log:
  - navigating to "https://www.justdial.com/search?q=Mehta+Hospital+hospital&city=All", waiting until "domcontentloaded"
 (attempt 1/3)
[2026-07-27 19:08:03] WARNING |   Nav error: Page.goto: net::ERR_HTTP2_PROTOCOL_ERROR at https://www.justdial.com/search?q=Mehta+Hospital+hospital&city=All
Call log:
  - navigating to "https://www.justdial.com/search?q=Mehta+Hospital+hospital&city=All", waiting until "domcontentloaded"
 (attempt 2/3)
[2026-07-27 19:08:11] WARNING |   Nav error: Page.goto: net::ERR_HTTP2_PROTOCOL_ERROR at https://www.justdial.com/search?q=Mehta+Hospital+hospital&city=All
Call log:
  - navigating to "https://www.justdial.com/search?q=Mehta+Hospital+hospital&city=All", waiting until "domcontentloaded"
 (attempt 3/3)
[2026-07-27 19:08:16] INFO | Phase 1 [230/1081]: Monika Hospital
[2026-07-27 19:08:26] INFO |   Scraping hexahealth.com: https://www.hexahealth.com/delhi/hospitals/cardiology/reviews
[2026-07-27 19:08:35] INFO |   hexahealth.com: 0 scraped → 0 new unique
[2026-07-27 19:08:54] WARNING |   Nav error: Page.goto: net::ERR_HTTP2_PROTOCOL_ERROR at https://www.justdial.com/search?q=Monika+Hospital+hospital&city=All
Call log:
  - navigating to "https://www.justdial.com/search?q=Monika+Hospital+hospital&city=All", waiting until "domcontentloaded"
 (attempt 1/3)
[2026-07-27 19:08:58] WARNING |   Nav error: Page.goto: net::ERR_HTTP2_PROTOCOL_ERROR at https://www.justdial.com/search?q=Monika+Hospital+hospital&city=All
Call log:
  - navigating to "https://www.justdial.com/search?q=Monika+Hospital+hospital&city=All", waiting until "domcontentloaded"
 (attempt 2/3)
[2026-07-27 19:09:06] WARNING |   Nav error: Page.goto: net::ERR_HTTP2_PROTOCOL_ERROR at https://www.justdial.com/search?q=Monika+Hospital+hospital&city=All
Call log:
  - navigating to "https://www.justdial.com/search?q=Monika+Hospital+hospital&city=All", waiting until "domcontentloaded"
 (attempt 3/3)
[2026-07-27 19:09:10] INFO | Phase 1 [231/1081]: General Physician near Palam Vihar | Dr. Sandeep Sangwan 20+ years of exp. | Rion s Hospital Gurugram
[2026-07-27 19:09:19] INFO |   Scraping hexahealth.com: https://www.hexahealth.com/delhi/hospitals/cardiology/reviews
[2026-07-27 19:09:29] INFO |   hexahealth.com: 0 scraped → 0 new unique
[2026-07-27 19:09:49] WARNING |   Nav error: Page.goto: net::ERR_HTTP2_PROTOCOL_ERROR at https://www.justdial.com/search?q=General+Physician+near+Palam+Vihar+%7C+Dr.+Sandeep+Sangwan+20%2B+years+of+exp.+%7C+Rion+s+Hospital+Gurugram+hospital&city=All
Call log:
  - navigating to "https://www.justdial.com/search?q=General+Physician+near+Palam+Vihar+%7C+Dr.+Sandeep+Sangwan+20%2B+years+of+exp.+%7C+Rion+s+Hospital+Gurugram+hospital&city=All", waiting until "domcontentloaded"
 (attempt 1/3)
[2026-07-27 19:09:53] WARNING |   Nav error: Page.goto: net::ERR_HTTP2_PROTOCOL_ERROR at https://www.justdial.com/search?q=General+Physician+near+Palam+Vihar+%7C+Dr.+Sandeep+Sangwan+20%2B+years+of+exp.+%7C+Rion+s+Hospital+Gurugram+hospital&city=All
Call log:
  - navigating to "https://www.justdial.com/search?q=General+Physician+near+Palam+Vihar+%7C+Dr.+Sandeep+Sangwan+20%2B+years+of+exp.+%7C+Rion+s+Hospital+Gurugram+hospital&city=All", waiting until "domcontentloaded"
 (attempt 2/3)
[2026-07-27 19:10:01] WARNING |   Nav error: Page.goto: net::ERR_HTTP2_PROTOCOL_ERROR at https://www.justdial.com/search?q=General+Physician+near+Palam+Vihar+%7C+Dr.+Sandeep+Sangwan+20%2B+years+of+exp.+%7C+Rion+s+Hospital+Gurugram+hospital&city=All
Call log:
  - navigating to "https://www.justdial.com/search?q=General+Physician+near+Palam+Vihar+%7C+Dr.+Sandeep+Sangwan+20%2B+years+of+exp.+%7C+Rion+s+Hospital+Gurugram+hospital&city=All", waiting until "domcontentloaded"
 (attempt 3/3)
[2026-07-27 19:10:06] INFO | Phase 1 [232/1081]: Mahindru Hospital
[2026-07-27 19:10:16] INFO |   Scraping hexahealth.com: https://www.hexahealth.com/delhi/hospitals/cardiology/reviews
[2026-07-27 19:10:25] INFO |   hexahealth.com: 0 scraped → 0 new unique
[2026-07-27 19:10:44] WARNING |   Nav error: Page.goto: net::ERR_HTTP2_PROTOCOL_ERROR at https://www.justdial.com/search?q=Mahindru+Hospital+hospital&city=All
Call log:
  - navigating to "https://www.justdial.com/search?q=Mahindru+Hospital+hospital&city=All", waiting until "domcontentloaded"
 (attempt 1/3)
[2026-07-27 19:10:49] WARNING |   Nav error: Page.goto: net::ERR_HTTP2_PROTOCOL_ERROR at https://www.justdial.com/search?q=Mahindru+Hospital+hospital&city=All
Call log:
  - navigating to "https://www.justdial.com/search?q=Mahindru+Hospital+hospital&city=All", waiting until "domcontentloaded"
 (attempt 2/3)
[2026-07-27 19:10:57] WARNING |   Nav error: Page.goto: net::ERR_HTTP2_PROTOCOL_ERROR at https://www.justdial.com/search?q=Mahindru+Hospital+hospital&city=All
Call log:
  - navigating to "https://www.justdial.com/search?q=Mahindru+Hospital+hospital&city=All", waiting until "domcontentloaded"
 (attempt 3/3)
[2026-07-27 19:11:02] INFO | Phase 1 [233/1081]: Chikitsa Hospital
[2026-07-27 19:11:12] INFO |   Scraping hexahealth.com: https://www.hexahealth.com/delhi/hospitals/cardiology/reviews
[2026-07-27 19:11:22] INFO |   hexahealth.com: 0 scraped → 0 new unique
[2026-07-27 19:11:39] WARNING |   Nav error: Page.goto: net::ERR_HTTP2_PROTOCOL_ERROR at https://www.justdial.com/search?q=Chikitsa+Hospital+hospital&city=All
Call log:
  - navigating to "https://www.justdial.com/search?q=Chikitsa+Hospital+hospital&city=All", waiting until "domcontentloaded"
 (attempt 1/3)
[2026-07-27 19:11:43] WARNING |   Nav error: Page.goto: net::ERR_HTTP2_PROTOCOL_ERROR at https://www.justdial.com/search?q=Chikitsa+Hospital+hospital&city=All
Call log:
  - navigating to "https://www.justdial.com/search?q=Chikitsa+Hospital+hospital&city=All", waiting until "domcontentloaded"
 (attempt 2/3)
[2026-07-27 19:11:51] WARNING |   Nav error: Page.goto: net::ERR_HTTP2_PROTOCOL_ERROR at https://www.justdial.com/search?q=Chikitsa+Hospital+hospital&city=All
Call log:
  - navigating to "https://www.justdial.com/search?q=Chikitsa+Hospital+hospital&city=All", waiting until "domcontentloaded"
 (attempt 3/3)
[2026-07-27 19:11:56] INFO | Phase 1 [234/1081]: BSF Unit Hospital
[2026-07-27 19:12:06] INFO |   Scraping hexahealth.com: https://www.hexahealth.com/delhi/hospitals/cardiology/reviews
[2026-07-27 19:12:15] INFO |   hexahealth.com: 0 scraped → 0 new unique
[2026-07-27 19:12:32] WARNING |   Nav error: Page.goto: net::ERR_HTTP2_PROTOCOL_ERROR at https://www.justdial.com/search?q=BSF+Unit+Hospital+hospital&city=All
Call log:
  - navigating to "https://www.justdial.com/search?q=BSF+Unit+Hospital+hospital&city=All", waiting until "domcontentloaded"
 (attempt 1/3)
[2026-07-27 19:12:37] WARNING |   Nav error: Page.goto: net::ERR_HTTP2_PROTOCOL_ERROR at https://www.justdial.com/search?q=BSF+Unit+Hospital+hospital&city=All
Call log:
  - navigating to "https://www.justdial.com/search?q=BSF+Unit+Hospital+hospital&city=All", waiting until "domcontentloaded"
 (attempt 2/3)
[2026-07-27 19:12:45] WARNING |   Nav error: Page.goto: net::ERR_HTTP2_PROTOCOL_ERROR at https://www.justdial.com/search?q=BSF+Unit+Hospital+hospital&city=All
Call log:
  - navigating to "https://www.justdial.com/search?q=BSF+Unit+Hospital+hospital&city=All", waiting until "domcontentloaded"
 (attempt 3/3)
[2026-07-27 19:12:49] INFO | Phase 1 [235/1081]: Shree Hospital
[2026-07-27 19:12:59] INFO |   Scraping hexahealth.com: https://www.hexahealth.com/delhi/hospitals/cardiology/reviews
[2026-07-27 19:13:09] INFO |   hexahealth.com: 0 scraped → 0 new unique
[2026-07-27 19:13:25] WARNING |   Nav error: Page.goto: net::ERR_HTTP2_PROTOCOL_ERROR at https://www.justdial.com/search?q=Shree+Hospital+hospital&city=All
Call log:
  - navigating to "https://www.justdial.com/search?q=Shree+Hospital+hospital&city=All", waiting until "domcontentloaded"
 (attempt 1/3)
[2026-07-27 19:13:29] WARNING |   Nav error: Page.goto: net::ERR_HTTP2_PROTOCOL_ERROR at https://www.justdial.com/search?q=Shree+Hospital+hospital&city=All
Call log:
  - navigating to "https://www.justdial.com/search?q=Shree+Hospital+hospital&city=All", waiting until "domcontentloaded"
 (attempt 2/3)
[2026-07-27 19:13:37] WARNING |   Nav error: Page.goto: net::ERR_HTTP2_PROTOCOL_ERROR at https://www.justdial.com/search?q=Shree+Hospital+hospital&city=All
Call log:
  - navigating to "https://www.justdial.com/search?q=Shree+Hospital+hospital&city=All", waiting until "domcontentloaded"
 (attempt 3/3)
[2026-07-27 19:13:42] INFO | Phase 1 [236/1081]: CGHS PANEL DISPENSARY IN DWARKA
[2026-07-27 19:13:52] INFO |   Scraping hexahealth.com: https://www.hexahealth.com/delhi/hospitals/cardiology/reviews
[2026-07-27 19:14:02] INFO |   hexahealth.com: 0 scraped → 0 new unique
[2026-07-27 19:14:20] WARNING |   Nav error: Page.goto: net::ERR_HTTP2_PROTOCOL_ERROR at https://www.justdial.com/search?q=CGHS+PANEL+DISPENSARY+IN+DWARKA+hospital&city=All
Call log:
  - navigating to "https://www.justdial.com/search?q=CGHS+PANEL+DISPENSARY+IN+DWARKA+hospital&city=All", waiting until "domcontentloaded"
 (attempt 1/3)
[2026-07-27 19:14:24] WARNING |   Nav error: Page.goto: net::ERR_HTTP2_PROTOCOL_ERROR at https://www.justdial.com/search?q=CGHS+PANEL+DISPENSARY+IN+DWARKA+hospital&city=All
Call log:
  - navigating to "https://www.justdial.com/search?q=CGHS+PANEL+DISPENSARY+IN+DWARKA+hospital&city=All", waiting until "domcontentloaded"
 (attempt 2/3)
[2026-07-27 19:14:32] WARNING |   Nav error: Page.goto: net::ERR_HTTP2_PROTOCOL_ERROR at https://www.justdial.com/search?q=CGHS+PANEL+DISPENSARY+IN+DWARKA+hospital&city=All
Call log:
  - navigating to "https://www.justdial.com/search?q=CGHS+PANEL+DISPENSARY+IN+DWARKA+hospital&city=All", waiting until "domcontentloaded"
 (attempt 3/3)
[2026-07-27 19:14:38] INFO | Phase 1 [237/1081]: newlife Multispeciality Hospital and Trauma Centre Palam Vihar Gurgaon
[2026-07-27 19:14:47] INFO |   Scraping hexahealth.com: https://www.hexahealth.com/delhi/hospitals/cardiology/reviews
[2026-07-27 19:14:57] INFO |   hexahealth.com: 0 scraped → 0 new unique
[2026-07-27 19:15:15] WARNING |   Nav error: Page.goto: net::ERR_HTTP2_PROTOCOL_ERROR at https://www.justdial.com/search?q=newlife+Multispeciality+Hospital+and+Trauma+Centre+Palam+Vihar+Gurgaon+hospital&city=All
Call log:
  - navigating to "https://www.justdial.com/search?q=newlife+Multispeciality+Hospital+and+Trauma+Centre+Palam+Vihar+Gurgaon+hospital&city=All", waiting until "domcontentloaded"
 (attempt 1/3)
[2026-07-27 19:15:19] WARNING |   Nav error: Page.goto: net::ERR_HTTP2_PROTOCOL_ERROR at https://www.justdial.com/search?q=newlife+Multispeciality+Hospital+and+Trauma+Centre+Palam+Vihar+Gurgaon+hospital&city=All
Call log:
  - navigating to "https://www.justdial.com/search?q=newlife+Multispeciality+Hospital+and+Trauma+Centre+Palam+Vihar+Gurgaon+hospital&city=All", waiting until "domcontentloaded"
 (attempt 2/3)
[2026-07-27 19:15:27] WARNING |   Nav error: Page.goto: net::ERR_HTTP2_PROTOCOL_ERROR at https://www.justdial.com/search?q=newlife+Multispeciality+Hospital+and+Trauma+Centre+Palam+Vihar+Gurgaon+hospital&city=All
Call log:
  - navigating to "https://www.justdial.com/search?q=newlife+Multispeciality+Hospital+and+Trauma+Centre+Palam+Vihar+Gurgaon+hospital&city=All", waiting until "domcontentloaded"
 (attempt 3/3)
[2026-07-27 19:15:33] INFO | Phase 1 [238/1081]: Triveni Hospital
[2026-07-27 19:15:43] INFO |   Scraping hexahealth.com: https://www.hexahealth.com/delhi/hospitals/cardiology/reviews
[2026-07-27 19:15:53] INFO |   hexahealth.com: 0 scraped → 0 new unique
[2026-07-27 19:16:10] WARNING |   Nav error: Page.goto: net::ERR_HTTP2_PROTOCOL_ERROR at https://www.justdial.com/search?q=Triveni+Hospital+hospital&city=All
Call log:
  - navigating to "https://www.justdial.com/search?q=Triveni+Hospital+hospital&city=All", waiting until "domcontentloaded"
 (attempt 1/3)
[2026-07-27 19:16:14] WARNING |   Nav error: Page.goto: net::ERR_HTTP2_PROTOCOL_ERROR at https://www.justdial.com/search?q=Triveni+Hospital+hospital&city=All
Call log:
  - navigating to "https://www.justdial.com/search?q=Triveni+Hospital+hospital&city=All", waiting until "domcontentloaded"
 (attempt 2/3)
[2026-07-27 19:16:22] WARNING |   Nav error: Page.goto: net::ERR_HTTP2_PROTOCOL_ERROR at https://www.justdial.com/search?q=Triveni+Hospital+hospital&city=All
Call log:
  - navigating to "https://www.justdial.com/search?q=Triveni+Hospital+hospital&city=All", waiting until "domcontentloaded"
 (attempt 3/3)
[2026-07-27 19:16:26] INFO | Phase 1 [239/1081]: Kartavya Hospital
[2026-07-27 19:16:36] INFO |   Scraping hexahealth.com: https://www.hexahealth.com/delhi/hospitals/cardiology/reviews
[2026-07-27 19:16:45] INFO |   hexahealth.com: 0 scraped → 0 new unique
[2026-07-27 19:17:03] WARNING |   Nav error: Page.goto: net::ERR_HTTP2_PROTOCOL_ERROR at https://www.justdial.com/search?q=Kartavya+Hospital+hospital&city=All
Call log:
  - navigating to "https://www.justdial.com/search?q=Kartavya+Hospital+hospital&city=All", waiting until "domcontentloaded"
 (attempt 1/3)
[2026-07-27 19:17:07] WARNING |   Nav error: Page.goto: net::ERR_HTTP2_PROTOCOL_ERROR at https://www.justdial.com/search?q=Kartavya+Hospital+hospital&city=All
Call log:
  - navigating to "https://www.justdial.com/search?q=Kartavya+Hospital+hospital&city=All", waiting until "domcontentloaded"
 (attempt 2/3)
[2026-07-27 19:17:15] WARNING |   Nav error: Page.goto: net::ERR_HTTP2_PROTOCOL_ERROR at https://www.justdial.com/search?q=Kartavya+Hospital+hospital&city=All
Call log:
  - navigating to "https://www.justdial.com/search?q=Kartavya+Hospital+hospital&city=All", waiting until "domcontentloaded"
 (attempt 3/3)
[2026-07-27 19:17:19] INFO | Phase 1 [240/1081]: Rion s Hospital - MultiSpeciality Hospital - New Palam Vihar Sector 110
[2026-07-27 19:17:29] INFO |   Scraping hexahealth.com: https://www.hexahealth.com/delhi/hospitals/cardiology/reviews
[2026-07-27 19:17:39] INFO |   hexahealth.com: 0 scraped → 0 new unique
[2026-07-27 19:17:57] WARNING |   Nav error: Page.goto: net::ERR_HTTP2_PROTOCOL_ERROR at https://www.justdial.com/search?q=Rion+s+Hospital+-+MultiSpeciality+Hospital+-+New+Palam+Vihar+Sector+110+hospital&city=All
Call log:
  - navigating to "https://www.justdial.com/search?q=Rion+s+Hospital+-+MultiSpeciality+Hospital+-+New+Palam+Vihar+Sector+110+hospital&city=All", waiting until "domcontentloaded"
 (attempt 1/3)
[2026-07-27 19:18:01] WARNING |   Nav error: Page.goto: net::ERR_HTTP2_PROTOCOL_ERROR at https://www.justdial.com/search?q=Rion+s+Hospital+-+MultiSpeciality+Hospital+-+New+Palam+Vihar+Sector+110+hospital&city=All
Call log:
  - navigating to "https://www.justdial.com/search?q=Rion+s+Hospital+-+MultiSpeciality+Hospital+-+New+Palam+Vihar+Sector+110+hospital&city=All", waiting until "domcontentloaded"
 (attempt 2/3)
[2026-07-27 19:18:09] WARNING |   Nav error: Page.goto: net::ERR_HTTP2_PROTOCOL_ERROR at https://www.justdial.com/search?q=Rion+s+Hospital+-+MultiSpeciality+Hospital+-+New+Palam+Vihar+Sector+110+hospital&city=All
Call log:
  - navigating to "https://www.justdial.com/search?q=Rion+s+Hospital+-+MultiSpeciality+Hospital+-+New+Palam+Vihar+Sector+110+hospital&city=All", waiting until "domcontentloaded"
 (attempt 3/3)
[2026-07-27 19:18:15] INFO | Phase 1 [241/1081]: Medeor Hospital Dwarka
[2026-07-27 19:18:24] INFO |   Scraping hexahealth.com: https://www.hexahealth.com/delhi/hospitals/cardiology/reviews
[2026-07-27 19:18:34] INFO |   hexahealth.com: 0 scraped → 0 new unique
[2026-07-27 19:18:53] WARNING |   Nav error: Page.goto: net::ERR_HTTP2_PROTOCOL_ERROR at https://www.justdial.com/search?q=Medeor+Hospital+Dwarka+hospital&city=All
Call log:
  - navigating to "https://www.justdial.com/search?q=Medeor+Hospital+Dwarka+hospital&city=All", waiting until "domcontentloaded"
 (attempt 1/3)
[2026-07-27 19:18:57] WARNING |   Nav error: Page.goto: net::ERR_HTTP2_PROTOCOL_ERROR at https://www.justdial.com/search?q=Medeor+Hospital+Dwarka+hospital&city=All
Call log:
  - navigating to "https://www.justdial.com/search?q=Medeor+Hospital+Dwarka+hospital&city=All", waiting until "domcontentloaded"
 (attempt 2/3)
[2026-07-27 19:19:05] WARNING |   Nav error: Page.goto: net::ERR_HTTP2_PROTOCOL_ERROR at https://www.justdial.com/search?q=Medeor+Hospital+Dwarka+hospital&city=All
Call log:
  - navigating to "https://www.justdial.com/search?q=Medeor+Hospital+Dwarka+hospital&city=All", waiting until "domcontentloaded"
 (attempt 3/3)
[2026-07-27 19:19:11] INFO | Phase 1 [242/1081]: Grace Hospital
[2026-07-27 19:19:21] INFO |   Scraping hexahealth.com: https://www.hexahealth.com/delhi/hospitals/cardiology/reviews
[2026-07-27 19:19:31] INFO |   hexahealth.com: 0 scraped → 0 new unique
[2026-07-27 19:19:46] WARNING |   Nav error: Page.goto: net::ERR_HTTP2_PROTOCOL_ERROR at https://www.justdial.com/search?q=Grace+Hospital+hospital&city=All
Call log:
  - navigating to "https://www.justdial.com/search?q=Grace+Hospital+hospital&city=All", waiting until "domcontentloaded"
 (attempt 1/3)
[2026-07-27 19:19:50] WARNING |   Nav error: Page.goto: net::ERR_HTTP2_PROTOCOL_ERROR at https://www.justdial.com/search?q=Grace+Hospital+hospital&city=All
Call log:
  - navigating to "https://www.justdial.com/search?q=Grace+Hospital+hospital&city=All", waiting until "domcontentloaded"
 (attempt 2/3)
[2026-07-27 19:19:58] WARNING |   Nav error: Page.goto: net::ERR_HTTP2_PROTOCOL_ERROR at https://www.justdial.com/search?q=Grace+Hospital+hospital&city=All
Call log:
  - navigating to "https://www.justdial.com/search?q=Grace+Hospital+hospital&city=All", waiting until "domcontentloaded"
 (attempt 3/3)
[2026-07-27 19:20:01] INFO | Phase 1 [243/1081]: ALLOPATHIC DISPENSARY BIJWASAN
[2026-07-27 19:20:11] INFO |   Scraping hexahealth.com: https://www.hexahealth.com/delhi/hospitals/cardiology/reviews
[2026-07-27 19:20:20] INFO |   hexahealth.com: 0 scraped → 0 new unique
[2026-07-27 19:20:37] WARNING |   Nav error: Page.goto: net::ERR_HTTP2_PROTOCOL_ERROR at https://www.justdial.com/search?q=ALLOPATHIC+DISPENSARY+BIJWASAN+hospital&city=All
Call log:
  - navigating to "https://www.justdial.com/search?q=ALLOPATHIC+DISPENSARY+BIJWASAN+hospital&city=All", waiting until "domcontentloaded"
 (attempt 1/3)
[2026-07-27 19:20:41] WARNING |   Nav error: Page.goto: net::ERR_HTTP2_PROTOCOL_ERROR at https://www.justdial.com/search?q=ALLOPATHIC+DISPENSARY+BIJWASAN+hospital&city=All
Call log:
  - navigating to "https://www.justdial.com/search?q=ALLOPATHIC+DISPENSARY+BIJWASAN+hospital&city=All", waiting until "domcontentloaded"
 (attempt 2/3)
[2026-07-27 19:20:49] WARNING |   Nav error: Page.goto: net::ERR_HTTP2_PROTOCOL_ERROR at https://www.justdial.com/search?q=ALLOPATHIC+DISPENSARY+BIJWASAN+hospital&city=All
Call log:
  - navigating to "https://www.justdial.com/search?q=ALLOPATHIC+DISPENSARY+BIJWASAN+hospital&city=All", waiting until "domcontentloaded"
 (attempt 3/3)
[2026-07-27 19:20:55] INFO | Phase 1 [244/1081]: Venkateshwar Hospital
[2026-07-27 19:21:05] INFO |   Scraping hexahealth.com: https://www.hexahealth.com/delhi/hospitals/cardiology/reviews
[2026-07-27 19:21:14] INFO |   hexahealth.com: 0 scraped → 0 new unique
[2026-07-27 19:21:33] WARNING |   Nav error: Page.goto: net::ERR_HTTP2_PROTOCOL_ERROR at https://www.justdial.com/search?q=Venkateshwar+Hospital+hospital&city=All
Call log:
  - navigating to "https://www.justdial.com/search?q=Venkateshwar+Hospital+hospital&city=All", waiting until "domcontentloaded"
 (attempt 1/3)
[2026-07-27 19:21:37] WARNING |   Nav error: Page.goto: net::ERR_HTTP2_PROTOCOL_ERROR at https://www.justdial.com/search?q=Venkateshwar+Hospital+hospital&city=All
Call log:
  - navigating to "https://www.justdial.com/search?q=Venkateshwar+Hospital+hospital&city=All", waiting until "domcontentloaded"
 (attempt 2/3)
[2026-07-27 19:21:46] WARNING |   Nav error: Page.goto: net::ERR_HTTP2_PROTOCOL_ERROR at https://www.justdial.com/search?q=Venkateshwar+Hospital+hospital&city=All
Call log:
  - navigating to "https://www.justdial.com/search?q=Venkateshwar+Hospital+hospital&city=All", waiting until "domcontentloaded"
 (attempt 3/3)
[2026-07-27 19:21:51] INFO | Phase 1 [245/1081]: Chest Clinic Bijwasan
[2026-07-27 19:22:01] INFO |   Scraping hexahealth.com: https://www.hexahealth.com/delhi/hospitals/cardiology/reviews
[2026-07-27 19:22:11] INFO |   hexahealth.com: 0 scraped → 0 new unique
[2026-07-27 19:22:29] WARNING |   Nav error: Page.goto: net::ERR_HTTP2_PROTOCOL_ERROR at https://www.justdial.com/search?q=Chest+Clinic+Bijwasan+hospital&city=All
Call log:
  - navigating to "https://www.justdial.com/search?q=Chest+Clinic+Bijwasan+hospital&city=All", waiting until "domcontentloaded"
 (attempt 1/3)
[2026-07-27 19:22:33] WARNING |   Nav error: Page.goto: net::ERR_HTTP2_PROTOCOL_ERROR at https://www.justdial.com/search?q=Chest+Clinic+Bijwasan+hospital&city=All
Call log:
  - navigating to "https://www.justdial.com/search?q=Chest+Clinic+Bijwasan+hospital&city=All", waiting until "domcontentloaded"
 (attempt 2/3)
[2026-07-27 19:22:41] WARNING |   Nav error: Page.goto: net::ERR_HTTP2_PROTOCOL_ERROR at https://www.justdial.com/search?q=Chest+Clinic+Bijwasan+hospital&city=All
Call log:
  - navigating to "https://www.justdial.com/search?q=Chest+Clinic+Bijwasan+hospital&city=All", waiting until "domcontentloaded"
 (attempt 3/3)
[2026-07-27 19:22:44] INFO | Phase 1 [246/1081]: Laxmi medicos bijwasan
[2026-07-27 19:22:54] INFO |   Scraping hexahealth.com: https://www.hexahealth.com/delhi/hospitals/cardiology/reviews
[2026-07-27 19:23:04] INFO |   hexahealth.com: 0 scraped → 0 new unique
[2026-07-27 19:23:18] WARNING |   Nav error: Page.goto: net::ERR_NAME_NOT_RESOLVED at https://duckduckgo.com/?q=Laxmi+medicos+bijwasan+reviews+site%3Apracto.com&ia=web
Call log:
  - navigating to "https://duckduckgo.com/?q=Laxmi+medicos+bijwasan+reviews+site%3Apracto.com&ia=web", waiting until "domcontentloaded"
 (attempt 1/3)
[2026-07-27 19:23:22] WARNING |   Nav error: Page.goto: net::ERR_NAME_NOT_RESOLVED at https://duckduckgo.com/?q=Laxmi+medicos+bijwasan+reviews+site%3Apracto.com&ia=web
Call log:
  - navigating to "https://duckduckgo.com/?q=Laxmi+medicos+bijwasan+reviews+site%3Apracto.com&ia=web", waiting until "domcontentloaded"
 (attempt 2/3)
[2026-07-27 19:23:30] WARNING |   Nav error: Page.goto: net::ERR_NAME_NOT_RESOLVED at https://duckduckgo.com/?q=Laxmi+medicos+bijwasan+reviews+site%3Apracto.com&ia=web
Call log:
  - navigating to "https://duckduckgo.com/?q=Laxmi+medicos+bijwasan+reviews+site%3Apracto.com&ia=web", waiting until "domcontentloaded"
 (attempt 3/3)
[2026-07-27 19:23:40] WARNING |   Nav error: Page.goto: net::ERR_NAME_NOT_RESOLVED at https://www.practo.com/search/hospitals?query=Laxmi+medicos+bijwasan
Call log:
  - navigating to "https://www.practo.com/search/hospitals?query=Laxmi+medicos+bijwasan", waiting until "domcontentloaded"
 (attempt 1/3)
[2026-07-27 19:23:45] WARNING |   Nav error: Page.goto: Page crashed
Call log:
  - navigating to "https://www.practo.com/search/hospitals?query=Laxmi+medicos+bijwasan", waiting until "domcontentloaded"
 (attempt 2/3)
[2026-07-27 19:23:53] WARNING |   Nav error: Page.goto: Page crashed
Call log:
  - navigating to "https://www.practo.com/search/hospitals?query=Laxmi+medicos+bijwasan", waiting until "domcontentloaded"
 (attempt 3/3)
[2026-07-27 19:23:56] WARNING |   Nav error: Page.goto: Page crashed
Call log:
  - navigating to "https://duckduckgo.com/?q=Laxmi+medicos+bijwasan+reviews+site%3Ajustdial.com&ia=web", waiting until "domcontentloaded"
 (attempt 1/3)
[2026-07-27 19:24:00] WARNING |   Nav error: Page.goto: Page crashed
Call log:
  - navigating to "https://duckduckgo.com/?q=Laxmi+medicos+bijwasan+reviews+site%3Ajustdial.com&ia=web", waiting until "domcontentloaded"
 (attempt 2/3)
