[2026-07-27 19:35:16] INFO | Loaded 1,426 hospitals.
[2026-07-27 19:35:16] INFO | Loaded 3,017 existing review hashes.
[2026-07-27 19:35:21] INFO | Phase 1 [246/1083]: Venkateshwar Hospital
[2026-07-27 19:35:33] WARNING |   Nav error: Page.goto: net::ERR_HTTP2_PROTOCOL_ERROR at https://www.justdial.com/All-Cities/Venkateshwar+Hospital-Hospital/nct-11109123
Call log:
  - navigating to "https://www.justdial.com/All-Cities/Venkateshwar+Hospital-Hospital/nct-11109123", waiting until "domcontentloaded"
 (attempt 1/2)
[2026-07-27 19:35:35] WARNING |   Nav error: Page.goto: net::ERR_HTTP2_PROTOCOL_ERROR at https://www.justdial.com/All-Cities/Venkateshwar+Hospital-Hospital/nct-11109123
Call log:
  - navigating to "https://www.justdial.com/All-Cities/Venkateshwar+Hospital-Hospital/nct-11109123", waiting until "domcontentloaded"
 (attempt 2/2)
[2026-07-27 19:35:37] INFO | Phase 1 [247/1083]: Chest Clinic Bijwasan
[2026-07-27 19:35:47] WARNING |   Nav error: Page.goto: net::ERR_HTTP2_PROTOCOL_ERROR at https://www.justdial.com/All-Cities/Chest+Clinic+Bijwasan-Hospital/nct-11109123
Call log:
  - navigating to "https://www.justdial.com/All-Cities/Chest+Clinic+Bijwasan-Hospital/nct-11109123", waiting until "domcontentloaded"
 (attempt 1/2)
[2026-07-27 19:35:49] WARNING |   Nav error: Page.goto: net::ERR_HTTP2_PROTOCOL_ERROR at https://www.justdial.com/All-Cities/Chest+Clinic+Bijwasan-Hospital/nct-11109123
Call log:
  - navigating to "https://www.justdial.com/All-Cities/Chest+Clinic+Bijwasan-Hospital/nct-11109123", waiting until "domcontentloaded"
 (attempt 2/2)
[2026-07-27 19:35:51] INFO | Phase 1 [248/1083]: Laxmi medicos bijwasan
[2026-07-27 19:36:01] WARNING |   Nav error: Page.goto: net::ERR_HTTP2_PROTOCOL_ERROR at https://www.justdial.com/All-Cities/Laxmi+medicos+bijwasan-Hospital/nct-11109123
Call log:
  - navigating to "https://www.justdial.com/All-Cities/Laxmi+medicos+bijwasan-Hospital/nct-11109123", waiting until "domcontentloaded"
 (attempt 1/2)
[2026-07-27 19:36:03] WARNING |   Nav error: Page.goto: net::ERR_HTTP2_PROTOCOL_ERROR at https://www.justdial.com/All-Cities/Laxmi+medicos+bijwasan-Hospital/nct-11109123
Call log:
  - navigating to "https://www.justdial.com/All-Cities/Laxmi+medicos+bijwasan-Hospital/nct-11109123", waiting until "domcontentloaded"
 (attempt 2/2)
[2026-07-27 19:36:05] INFO | Phase 1 [249/1083]: Maple Care Hospital-Best Hospital in Dwarka | Multispeciality Hospital
[2026-07-27 19:36:15] WARNING |   Nav error: Page.goto: net::ERR_HTTP2_PROTOCOL_ERROR at https://www.justdial.com/All-Cities/Maple+Care+Hospital-Best+Hospital+in+Dwarka+%7C+Multispeciality+Hospital-Hospital/nct-11109123
Call log:
  - navigating to "https://www.justdial.com/All-Cities/Maple+Care+Hospital-Best+Hospital+in+Dwarka+%7C+Multispeciality+Hospital-Hospital/nct-11109123", waiting until "domcontentloaded"
 (attempt 1/2)
[2026-07-27 19:36:17] WARNING |   Nav error: Page.goto: net::ERR_HTTP2_PROTOCOL_ERROR at https://www.justdial.com/All-Cities/Maple+Care+Hospital-Best+Hospital+in+Dwarka+%7C+Multispeciality+Hospital-Hospital/nct-11109123
Call log:
  - navigating to "https://www.justdial.com/All-Cities/Maple+Care+Hospital-Best+Hospital+in+Dwarka+%7C+Multispeciality+Hospital-Hospital/nct-11109123", waiting until "domcontentloaded"
 (attempt 2/2)
[2026-07-27 19:36:18] INFO | Phase 1 [250/1083]: Grover Hospital
[2026-07-27 19:36:28] WARNING |   Nav error: Page.goto: net::ERR_HTTP2_PROTOCOL_ERROR at https://www.justdial.com/All-Cities/Grover+Hospital-Hospital/nct-11109123
Call log:
  - navigating to "https://www.justdial.com/All-Cities/Grover+Hospital-Hospital/nct-11109123", waiting until "domcontentloaded"
 (attempt 1/2)
[2026-07-27 19:36:30] WARNING |   Nav error: Page.goto: net::ERR_HTTP2_PROTOCOL_ERROR at https://www.justdial.com/All-Cities/Grover+Hospital-Hospital/nct-11109123
Call log:
  - navigating to "https://www.justdial.com/All-Cities/Grover+Hospital-Hospital/nct-11109123", waiting until "domcontentloaded"
 (attempt 2/2)
[2026-07-27 19:36:32] INFO | Phase 1 [251/1083]: Doctor Consultation
[2026-07-27 19:36:42] WARNING |   Nav error: Page.goto: net::ERR_HTTP2_PROTOCOL_ERROR at https://www.justdial.com/All-Cities/Doctor+Consultation-Hospital/nct-11109123
Call log:
  - navigating to "https://www.justdial.com/All-Cities/Doctor+Consultation-Hospital/nct-11109123", waiting until "domcontentloaded"
 (attempt 1/2)
[2026-07-27 19:36:44] WARNING |   Nav error: Page.goto: net::ERR_HTTP2_PROTOCOL_ERROR at https://www.justdial.com/All-Cities/Doctor+Consultation-Hospital/nct-11109123
Call log:
  - navigating to "https://www.justdial.com/All-Cities/Doctor+Consultation-Hospital/nct-11109123", waiting until "domcontentloaded"
 (attempt 2/2)
[2026-07-27 19:36:46] INFO | Phase 1 [252/1083]: Government Hospital
[2026-07-27 19:36:56] WARNING |   Nav error: Page.goto: net::ERR_HTTP2_PROTOCOL_ERROR at https://www.justdial.com/All-Cities/Government+Hospital-Hospital/nct-11109123
Call log:
  - navigating to "https://www.justdial.com/All-Cities/Government+Hospital-Hospital/nct-11109123", waiting until "domcontentloaded"
 (attempt 1/2)
[2026-07-27 19:36:58] WARNING |   Nav error: Page.goto: net::ERR_HTTP2_PROTOCOL_ERROR at https://www.justdial.com/All-Cities/Government+Hospital-Hospital/nct-11109123
Call log:
  - navigating to "https://www.justdial.com/All-Cities/Government+Hospital-Hospital/nct-11109123", waiting until "domcontentloaded"
 (attempt 2/2)
[2026-07-27 19:37:00] INFO | Phase 1 [253/1083]: Interventional Cardiologist & ELECTROPHYSIOLOGIST Dr. Aman Makhija
[2026-07-27 19:37:11] WARNING |   Nav error: Page.goto: net::ERR_HTTP2_PROTOCOL_ERROR at https://www.justdial.com/All-Cities/Interventional+Cardiologist+%26+ELECTROPHYSIOLOGIST+Dr.+Aman+Makhija-Hospital/nct-11109123
Call log:
  - navigating to "https://www.justdial.com/All-Cities/Interventional+Cardiologist+%26+ELECTROPHYSIOLOGIST+Dr.+Aman+Makhija-Hospital/nct-11109123", waiting until "domcontentloaded"
 (attempt 1/2)
[2026-07-27 19:37:13] WARNING |   Nav error: Page.goto: net::ERR_HTTP2_PROTOCOL_ERROR at https://www.justdial.com/All-Cities/Interventional+Cardiologist+%26+ELECTROPHYSIOLOGIST+Dr.+Aman+Makhija-Hospital/nct-11109123
Call log:
  - navigating to "https://www.justdial.com/All-Cities/Interventional+Cardiologist+%26+ELECTROPHYSIOLOGIST+Dr.+Aman+Makhija-Hospital/nct-11109123", waiting until "domcontentloaded"
 (attempt 2/2)
[2026-07-27 19:37:15] INFO | Phase 1 [254/1083]: Bhatia polyclinic
[2026-07-27 19:37:24] WARNING |   Nav error: Page.goto: net::ERR_HTTP2_PROTOCOL_ERROR at https://www.justdial.com/All-Cities/Bhatia+polyclinic-Hospital/nct-11109123
Call log:
  - navigating to "https://www.justdial.com/All-Cities/Bhatia+polyclinic-Hospital/nct-11109123", waiting until "domcontentloaded"
 (attempt 1/2)
[2026-07-27 19:37:26] WARNING |   Nav error: Page.goto: net::ERR_HTTP2_PROTOCOL_ERROR at https://www.justdial.com/All-Cities/Bhatia+polyclinic-Hospital/nct-11109123
Call log:
  - navigating to "https://www.justdial.com/All-Cities/Bhatia+polyclinic-Hospital/nct-11109123", waiting until "domcontentloaded"
 (attempt 2/2)
[2026-07-27 19:37:28] INFO | Phase 1 [255/1083]: CGHS Dispensary
[2026-07-27 19:37:38] WARNING |   Nav error: Page.goto: net::ERR_HTTP2_PROTOCOL_ERROR at https://www.justdial.com/All-Cities/CGHS+Dispensary-Hospital/nct-11109123
Call log:
  - navigating to "https://www.justdial.com/All-Cities/CGHS+Dispensary-Hospital/nct-11109123", waiting until "domcontentloaded"
 (attempt 1/2)
[2026-07-27 19:37:41] WARNING |   Nav error: Page.goto: net::ERR_HTTP2_PROTOCOL_ERROR at https://www.justdial.com/All-Cities/CGHS+Dispensary-Hospital/nct-11109123
Call log:
  - navigating to "https://www.justdial.com/All-Cities/CGHS+Dispensary-Hospital/nct-11109123", waiting until "domcontentloaded"
 (attempt 2/2)
[2026-07-27 19:37:42] INFO | Phase 1 [256/1083]: MRA International
[2026-07-27 19:37:51] WARNING |   Nav error: Page.goto: net::ERR_HTTP2_PROTOCOL_ERROR at https://www.justdial.com/All-Cities/MRA+International-Hospital/nct-11109123
Call log:
  - navigating to "https://www.justdial.com/All-Cities/MRA+International-Hospital/nct-11109123", waiting until "domcontentloaded"
 (attempt 1/2)
[2026-07-27 19:37:54] WARNING |   Nav error: Page.goto: net::ERR_HTTP2_PROTOCOL_ERROR at https://www.justdial.com/All-Cities/MRA+International-Hospital/nct-11109123
Call log:
  - navigating to "https://www.justdial.com/All-Cities/MRA+International-Hospital/nct-11109123", waiting until "domcontentloaded"
 (attempt 2/2)
[2026-07-27 19:37:56] INFO | Phase 1 [257/1083]: Delhi Eye Centre
[2026-07-27 19:38:06] WARNING |   Nav error: Page.goto: net::ERR_HTTP2_PROTOCOL_ERROR at https://www.justdial.com/All-Cities/Delhi+Eye+Centre-Hospital/nct-11109123
Call log:
  - navigating to "https://www.justdial.com/All-Cities/Delhi+Eye+Centre-Hospital/nct-11109123", waiting until "domcontentloaded"
 (attempt 1/2)
[2026-07-27 19:38:08] WARNING |   Nav error: Page.goto: net::ERR_HTTP2_PROTOCOL_ERROR at https://www.justdial.com/All-Cities/Delhi+Eye+Centre-Hospital/nct-11109123
Call log:
  - navigating to "https://www.justdial.com/All-Cities/Delhi+Eye+Centre-Hospital/nct-11109123", waiting until "domcontentloaded"
 (attempt 2/2)
[2026-07-27 19:38:09] INFO | Phase 1 [258/1083]: Sk Salgoni Clinic
[2026-07-27 19:38:19] WARNING |   Nav error: Page.goto: net::ERR_HTTP2_PROTOCOL_ERROR at https://www.justdial.com/All-Cities/Sk+Salgoni+Clinic-Hospital/nct-11109123
Call log:
  - navigating to "https://www.justdial.com/All-Cities/Sk+Salgoni+Clinic-Hospital/nct-11109123", waiting until "domcontentloaded"
 (attempt 1/2)
[2026-07-27 19:38:21] WARNING |   Nav error: Page.goto: net::ERR_HTTP2_PROTOCOL_ERROR at https://www.justdial.com/All-Cities/Sk+Salgoni+Clinic-Hospital/nct-11109123
Call log:
  - navigating to "https://www.justdial.com/All-Cities/Sk+Salgoni+Clinic-Hospital/nct-11109123", waiting until "domcontentloaded"
 (attempt 2/2)
[2026-07-27 19:38:22] INFO | Phase 1 [259/1083]: Pandey Medical Hall
[2026-07-27 19:38:32] WARNING |   Nav error: Page.goto: net::ERR_HTTP2_PROTOCOL_ERROR at https://www.justdial.com/All-Cities/Pandey+Medical+Hall-Hospital/nct-11109123
Call log:
  - navigating to "https://www.justdial.com/All-Cities/Pandey+Medical+Hall-Hospital/nct-11109123", waiting until "domcontentloaded"
 (attempt 1/2)
[2026-07-27 19:38:34] WARNING |   Nav error: Page.goto: net::ERR_HTTP2_PROTOCOL_ERROR at https://www.justdial.com/All-Cities/Pandey+Medical+Hall-Hospital/nct-11109123
Call log:
  - navigating to "https://www.justdial.com/All-Cities/Pandey+Medical+Hall-Hospital/nct-11109123", waiting until "domcontentloaded"
 (attempt 2/2)
[2026-07-27 19:38:36] INFO | Phase 1 [260/1083]: SVM Medical Centre
[2026-07-27 19:38:46] WARNING |   Nav error: Page.goto: net::ERR_HTTP2_PROTOCOL_ERROR at https://www.justdial.com/All-Cities/SVM+Medical+Centre-Hospital/nct-11109123
Call log:
  - navigating to "https://www.justdial.com/All-Cities/SVM+Medical+Centre-Hospital/nct-11109123", waiting until "domcontentloaded"
 (attempt 1/2)
[2026-07-27 19:38:48] WARNING |   Nav error: Page.goto: net::ERR_HTTP2_PROTOCOL_ERROR at https://www.justdial.com/All-Cities/SVM+Medical+Centre-Hospital/nct-11109123
Call log:
  - navigating to "https://www.justdial.com/All-Cities/SVM+Medical+Centre-Hospital/nct-11109123", waiting until "domcontentloaded"
 (attempt 2/2)
[2026-07-27 19:38:50] INFO | Phase 1 [261/1083]: Gautam Nursing Home
[2026-07-27 19:39:00] WARNING |   Nav error: Page.goto: net::ERR_HTTP2_PROTOCOL_ERROR at https://www.justdial.com/All-Cities/Gautam+Nursing+Home-Hospital/nct-11109123
Call log:
  - navigating to "https://www.justdial.com/All-Cities/Gautam+Nursing+Home-Hospital/nct-11109123", waiting until "domcontentloaded"
 (attempt 1/2)
[2026-07-27 19:39:02] WARNING |   Nav error: Page.goto: net::ERR_HTTP2_PROTOCOL_ERROR at https://www.justdial.com/All-Cities/Gautam+Nursing+Home-Hospital/nct-11109123
Call log:
  - navigating to "https://www.justdial.com/All-Cities/Gautam+Nursing+Home-Hospital/nct-11109123", waiting until "domcontentloaded"
 (attempt 2/2)
[2026-07-27 19:39:05] INFO | Phase 1 [262/1083]: Highland Care Multispeciality Hospital
[2026-07-27 19:39:14] WARNING |   Nav error: Page.goto: net::ERR_HTTP2_PROTOCOL_ERROR at https://www.justdial.com/All-Cities/Highland+Care+Multispeciality+Hospital-Hospital/nct-11109123
Call log:
  - navigating to "https://www.justdial.com/All-Cities/Highland+Care+Multispeciality+Hospital-Hospital/nct-11109123", waiting until "domcontentloaded"
 (attempt 1/2)
[2026-07-27 19:39:17] WARNING |   Nav error: Page.goto: net::ERR_HTTP2_PROTOCOL_ERROR at https://www.justdial.com/All-Cities/Highland+Care+Multispeciality+Hospital-Hospital/nct-11109123
Call log:
  - navigating to "https://www.justdial.com/All-Cities/Highland+Care+Multispeciality+Hospital-Hospital/nct-11109123", waiting until "domcontentloaded"
 (attempt 2/2)
[2026-07-27 19:39:18] INFO | Phase 1 [263/1083]: Apaar Nursing Home
[2026-07-27 19:39:27] WARNING |   Nav error: Page.goto: net::ERR_HTTP2_PROTOCOL_ERROR at https://www.justdial.com/All-Cities/Apaar+Nursing+Home-Hospital/nct-11109123
Call log:
  - navigating to "https://www.justdial.com/All-Cities/Apaar+Nursing+Home-Hospital/nct-11109123", waiting until "domcontentloaded"
 (attempt 1/2)
[2026-07-27 19:39:29] WARNING |   Nav error: Page.goto: net::ERR_HTTP2_PROTOCOL_ERROR at https://www.justdial.com/All-Cities/Apaar+Nursing+Home-Hospital/nct-11109123
Call log:
  - navigating to "https://www.justdial.com/All-Cities/Apaar+Nursing+Home-Hospital/nct-11109123", waiting until "domcontentloaded"
 (attempt 2/2)
[2026-07-27 19:39:31] INFO | Phase 1 [264/1083]: Magadh Nursing Home
[2026-07-27 19:39:41] WARNING |   Nav error: Page.goto: net::ERR_HTTP2_PROTOCOL_ERROR at https://www.justdial.com/All-Cities/Magadh+Nursing+Home-Hospital/nct-11109123
Call log:
  - navigating to "https://www.justdial.com/All-Cities/Magadh+Nursing+Home-Hospital/nct-11109123", waiting until "domcontentloaded"
 (attempt 1/2)
[2026-07-27 19:39:43] WARNING |   Nav error: Page.goto: net::ERR_HTTP2_PROTOCOL_ERROR at https://www.justdial.com/All-Cities/Magadh+Nursing+Home-Hospital/nct-11109123
Call log:
  - navigating to "https://www.justdial.com/All-Cities/Magadh+Nursing+Home-Hospital/nct-11109123", waiting until "domcontentloaded"
 (attempt 2/2)
[2026-07-27 19:39:46] INFO | Phase 1 [265/1083]: Dr. Badhwar Nursing Home
[2026-07-27 19:39:55] WARNING |   Nav error: Page.goto: net::ERR_HTTP2_PROTOCOL_ERROR at https://www.justdial.com/All-Cities/Dr.+Badhwar+Nursing+Home-Hospital/nct-11109123
Call log:
  - navigating to "https://www.justdial.com/All-Cities/Dr.+Badhwar+Nursing+Home-Hospital/nct-11109123", waiting until "domcontentloaded"
 (attempt 1/2)
[2026-07-27 19:39:57] WARNING |   Nav error: Page.goto: net::ERR_HTTP2_PROTOCOL_ERROR at https://www.justdial.com/All-Cities/Dr.+Badhwar+Nursing+Home-Hospital/nct-11109123
Call log:
  - navigating to "https://www.justdial.com/All-Cities/Dr.+Badhwar+Nursing+Home-Hospital/nct-11109123", waiting until "domcontentloaded"
 (attempt 2/2)
[2026-07-27 19:39:59] INFO | Phase 1 [266/1083]: Ayushman Hospital
[2026-07-27 19:40:09] WARNING |   Nav error: Page.goto: net::ERR_HTTP2_PROTOCOL_ERROR at https://www.justdial.com/All-Cities/Ayushman+Hospital-Hospital/nct-11109123
Call log:
  - navigating to "https://www.justdial.com/All-Cities/Ayushman+Hospital-Hospital/nct-11109123", waiting until "domcontentloaded"
 (attempt 1/2)
[2026-07-27 19:40:11] WARNING |   Nav error: Page.goto: net::ERR_HTTP2_PROTOCOL_ERROR at https://www.justdial.com/All-Cities/Ayushman+Hospital-Hospital/nct-11109123
Call log:
  - navigating to "https://www.justdial.com/All-Cities/Ayushman+Hospital-Hospital/nct-11109123", waiting until "domcontentloaded"
 (attempt 2/2)
[2026-07-27 19:40:13] INFO | Phase 1 [267/1083]: Durga Hospital
[2026-07-27 19:40:22] WARNING |   Nav error: Page.goto: net::ERR_HTTP2_PROTOCOL_ERROR at https://www.justdial.com/All-Cities/Durga+Hospital-Hospital/nct-11109123
Call log:
  - navigating to "https://www.justdial.com/All-Cities/Durga+Hospital-Hospital/nct-11109123", waiting until "domcontentloaded"
 (attempt 1/2)
[2026-07-27 19:40:25] WARNING |   Nav error: Page.goto: net::ERR_HTTP2_PROTOCOL_ERROR at https://www.justdial.com/All-Cities/Durga+Hospital-Hospital/nct-11109123
Call log:
  - navigating to "https://www.justdial.com/All-Cities/Durga+Hospital-Hospital/nct-11109123", waiting until "domcontentloaded"
 (attempt 2/2)
[2026-07-27 19:40:26] INFO | Phase 1 [268/1083]: PGH Hospitals Pvt Ltd
[2026-07-27 19:40:36] WARNING |   Nav error: Page.goto: net::ERR_HTTP2_PROTOCOL_ERROR at https://www.justdial.com/All-Cities/PGH+Hospitals+Pvt+Ltd-Hospital/nct-11109123
Call log:
  - navigating to "https://www.justdial.com/All-Cities/PGH+Hospitals+Pvt+Ltd-Hospital/nct-11109123", waiting until "domcontentloaded"
 (attempt 1/2)
[2026-07-27 19:40:38] WARNING |   Nav error: Page.goto: net::ERR_HTTP2_PROTOCOL_ERROR at https://www.justdial.com/All-Cities/PGH+Hospitals+Pvt+Ltd-Hospital/nct-11109123
Call log:
  - navigating to "https://www.justdial.com/All-Cities/PGH+Hospitals+Pvt+Ltd-Hospital/nct-11109123", waiting until "domcontentloaded"
 (attempt 2/2)
[2026-07-27 19:40:40] INFO | Phase 1 [269/1083]: Shubh nursing Home
[2026-07-27 19:40:49] WARNING |   Nav error: Page.goto: net::ERR_HTTP2_PROTOCOL_ERROR at https://www.justdial.com/All-Cities/Shubh+nursing+Home-Hospital/nct-11109123
Call log:
  - navigating to "https://www.justdial.com/All-Cities/Shubh+nursing+Home-Hospital/nct-11109123", waiting until "domcontentloaded"
 (attempt 1/2)
[2026-07-27 19:40:52] WARNING |   Nav error: Page.goto: net::ERR_HTTP2_PROTOCOL_ERROR at https://www.justdial.com/All-Cities/Shubh+nursing+Home-Hospital/nct-11109123
Call log:
  - navigating to "https://www.justdial.com/All-Cities/Shubh+nursing+Home-Hospital/nct-11109123", waiting until "domcontentloaded"
 (attempt 2/2)
[2026-07-27 19:40:53] INFO | Phase 1 [270/1083]: Gokul Hospital
[2026-07-27 19:41:03] WARNING |   Nav error: Page.goto: net::ERR_HTTP2_PROTOCOL_ERROR at https://www.justdial.com/All-Cities/Gokul+Hospital-Hospital/nct-11109123
Call log:
  - navigating to "https://www.justdial.com/All-Cities/Gokul+Hospital-Hospital/nct-11109123", waiting until "domcontentloaded"
 (attempt 1/2)
[2026-07-27 19:41:06] WARNING |   Nav error: Page.goto: net::ERR_HTTP2_PROTOCOL_ERROR at https://www.justdial.com/All-Cities/Gokul+Hospital-Hospital/nct-11109123
Call log:
  - navigating to "https://www.justdial.com/All-Cities/Gokul+Hospital-Hospital/nct-11109123", waiting until "domcontentloaded"
 (attempt 2/2)
[2026-07-27 19:41:08] INFO | Phase 1 [271/1083]: Aashirwad Nursing Home
[2026-07-27 19:41:17] WARNING |   Nav error: Page.goto: net::ERR_HTTP2_PROTOCOL_ERROR at https://www.justdial.com/All-Cities/Aashirwad+Nursing+Home-Hospital/nct-11109123
Call log:
  - navigating to "https://www.justdial.com/All-Cities/Aashirwad+Nursing+Home-Hospital/nct-11109123", waiting until "domcontentloaded"
 (attempt 1/2)
[2026-07-27 19:41:20] WARNING |   Nav error: Page.goto: net::ERR_HTTP2_PROTOCOL_ERROR at https://www.justdial.com/All-Cities/Aashirwad+Nursing+Home-Hospital/nct-11109123
Call log:
  - navigating to "https://www.justdial.com/All-Cities/Aashirwad+Nursing+Home-Hospital/nct-11109123", waiting until "domcontentloaded"
 (attempt 2/2)
[2026-07-27 19:41:21] INFO | Phase 1 [272/1083]: Devi Charitable Dental Hospital and Research Center
[2026-07-27 19:41:31] WARNING |   Nav error: Page.goto: net::ERR_HTTP2_PROTOCOL_ERROR at https://www.justdial.com/All-Cities/Devi+Charitable+Dental+Hospital+and+Research+Center-Hospital/nct-11109123
Call log:
  - navigating to "https://www.justdial.com/All-Cities/Devi+Charitable+Dental+Hospital+and+Research+Center-Hospital/nct-11109123", waiting until "domcontentloaded"
 (attempt 1/2)
[2026-07-27 19:41:33] WARNING |   Nav error: Page.goto: net::ERR_HTTP2_PROTOCOL_ERROR at https://www.justdial.com/All-Cities/Devi+Charitable+Dental+Hospital+and+Research+Center-Hospital/nct-11109123
Call log:
  - navigating to "https://www.justdial.com/All-Cities/Devi+Charitable+Dental+Hospital+and+Research+Center-Hospital/nct-11109123", waiting until "domcontentloaded"
 (attempt 2/2)
[2026-07-27 19:41:35] INFO | Phase 1 [273/1083]: Siddharth hospital
[2026-07-27 19:41:44] WARNING |   Nav error: Page.goto: net::ERR_HTTP2_PROTOCOL_ERROR at https://www.justdial.com/All-Cities/Siddharth+hospital-Hospital/nct-11109123
Call log:
  - navigating to "https://www.justdial.com/All-Cities/Siddharth+hospital-Hospital/nct-11109123", waiting until "domcontentloaded"
 (attempt 1/2)
[2026-07-27 19:41:47] WARNING |   Nav error: Page.goto: net::ERR_HTTP2_PROTOCOL_ERROR at https://www.justdial.com/All-Cities/Siddharth+hospital-Hospital/nct-11109123
Call log:
  - navigating to "https://www.justdial.com/All-Cities/Siddharth+hospital-Hospital/nct-11109123", waiting until "domcontentloaded"
 (attempt 2/2)
[2026-07-27 19:41:49] INFO | Phase 1 [274/1083]: Surya Laxmi Hospital
[2026-07-27 19:41:58] WARNING |   Nav error: Page.goto: net::ERR_HTTP2_PROTOCOL_ERROR at https://www.justdial.com/All-Cities/Surya+Laxmi+Hospital-Hospital/nct-11109123
Call log:
  - navigating to "https://www.justdial.com/All-Cities/Surya+Laxmi+Hospital-Hospital/nct-11109123", waiting until "domcontentloaded"
 (attempt 1/2)
[2026-07-27 19:42:00] WARNING |   Nav error: Page.goto: net::ERR_HTTP2_PROTOCOL_ERROR at https://www.justdial.com/All-Cities/Surya+Laxmi+Hospital-Hospital/nct-11109123
Call log:
  - navigating to "https://www.justdial.com/All-Cities/Surya+Laxmi+Hospital-Hospital/nct-11109123", waiting until "domcontentloaded"
 (attempt 2/2)
[2026-07-27 19:42:02] INFO | Phase 1 [275/1083]: Shanti Nursing Home
[2026-07-27 19:42:12] WARNING |   Nav error: Page.goto: net::ERR_HTTP2_PROTOCOL_ERROR at https://www.justdial.com/All-Cities/Shanti+Nursing+Home-Hospital/nct-11109123
Call log:
  - navigating to "https://www.justdial.com/All-Cities/Shanti+Nursing+Home-Hospital/nct-11109123", waiting until "domcontentloaded"
 (attempt 1/2)
[2026-07-27 19:42:14] WARNING |   Nav error: Page.goto: net::ERR_HTTP2_PROTOCOL_ERROR at https://www.justdial.com/All-Cities/Shanti+Nursing+Home-Hospital/nct-11109123
Call log:
  - navigating to "https://www.justdial.com/All-Cities/Shanti+Nursing+Home-Hospital/nct-11109123", waiting until "domcontentloaded"
 (attempt 2/2)
[2026-07-27 19:42:16] INFO | Phase 1 [276/1083]: Satya Multi Speciality Hospital
[2026-07-27 19:42:25] WARNING |   Nav error: Page.goto: net::ERR_HTTP2_PROTOCOL_ERROR at https://www.justdial.com/All-Cities/Satya+Multi+Speciality+Hospital-Hospital/nct-11109123
Call log:
  - navigating to "https://www.justdial.com/All-Cities/Satya+Multi+Speciality+Hospital-Hospital/nct-11109123", waiting until "domcontentloaded"
 (attempt 1/2)
[2026-07-27 19:42:27] WARNING |   Nav error: Page.goto: net::ERR_HTTP2_PROTOCOL_ERROR at https://www.justdial.com/All-Cities/Satya+Multi+Speciality+Hospital-Hospital/nct-11109123
Call log:
  - navigating to "https://www.justdial.com/All-Cities/Satya+Multi+Speciality+Hospital-Hospital/nct-11109123", waiting until "domcontentloaded"
 (attempt 2/2)
[2026-07-27 19:42:29] INFO | Phase 1 [277/1083]: Hardik Hospit
[2026-07-27 19:42:40] WARNING |   Nav error: Page.goto: net::ERR_HTTP2_PROTOCOL_ERROR at https://www.justdial.com/All-Cities/Hardik+Hospit-Hospital/nct-11109123
Call log:
  - navigating to "https://www.justdial.com/All-Cities/Hardik+Hospit-Hospital/nct-11109123", waiting until "domcontentloaded"
 (attempt 1/2)
[2026-07-27 19:42:42] WARNING |   Nav error: Page.goto: net::ERR_HTTP2_PROTOCOL_ERROR at https://www.justdial.com/All-Cities/Hardik+Hospit-Hospital/nct-11109123
Call log:
  - navigating to "https://www.justdial.com/All-Cities/Hardik+Hospit-Hospital/nct-11109123", waiting until "domcontentloaded"
 (attempt 2/2)
[2026-07-27 19:42:44] INFO | Phase 1 [278/1083]: Khushi Hospital
[2026-07-27 19:42:55] WARNING |   Nav error: Page.goto: net::ERR_HTTP2_PROTOCOL_ERROR at https://www.justdial.com/All-Cities/Khushi+Hospital-Hospital/nct-11109123
Call log:
  - navigating to "https://www.justdial.com/All-Cities/Khushi+Hospital-Hospital/nct-11109123", waiting until "domcontentloaded"
 (attempt 1/2)
[2026-07-27 19:42:57] WARNING |   Nav error: Page.goto: net::ERR_HTTP2_PROTOCOL_ERROR at https://www.justdial.com/All-Cities/Khushi+Hospital-Hospital/nct-11109123
Call log:
  - navigating to "https://www.justdial.com/All-Cities/Khushi+Hospital-Hospital/nct-11109123", waiting until "domcontentloaded"
 (attempt 2/2)
[2026-07-27 19:43:00] INFO | Phase 1 [279/1083]: Asha Hospital
[2026-07-27 19:43:09] WARNING |   Nav error: Page.goto: net::ERR_HTTP2_PROTOCOL_ERROR at https://www.justdial.com/All-Cities/Asha+Hospital-Hospital/nct-11109123
Call log:
  - navigating to "https://www.justdial.com/All-Cities/Asha+Hospital-Hospital/nct-11109123", waiting until "domcontentloaded"
 (attempt 1/2)
[2026-07-27 19:43:11] WARNING |   Nav error: Page.goto: net::ERR_HTTP2_PROTOCOL_ERROR at https://www.justdial.com/All-Cities/Asha+Hospital-Hospital/nct-11109123
Call log:
  - navigating to "https://www.justdial.com/All-Cities/Asha+Hospital-Hospital/nct-11109123", waiting until "domcontentloaded"
 (attempt 2/2)
[2026-07-27 19:43:13] INFO | Phase 1 [280/1083]: Mahavir Multispeciality Hospital
[2026-07-27 19:43:23] WARNING |   Nav error: Page.goto: net::ERR_HTTP2_PROTOCOL_ERROR at https://www.justdial.com/All-Cities/Mahavir+Multispeciality+Hospital-Hospital/nct-11109123
Call log:
  - navigating to "https://www.justdial.com/All-Cities/Mahavir+Multispeciality+Hospital-Hospital/nct-11109123", waiting until "domcontentloaded"
 (attempt 1/2)
[2026-07-27 19:43:25] WARNING |   Nav error: Page.goto: net::ERR_HTTP2_PROTOCOL_ERROR at https://www.justdial.com/All-Cities/Mahavir+Multispeciality+Hospital-Hospital/nct-11109123
Call log:
  - navigating to "https://www.justdial.com/All-Cities/Mahavir+Multispeciality+Hospital-Hospital/nct-11109123", waiting until "domcontentloaded"
 (attempt 2/2)
[2026-07-27 19:43:27] INFO | Phase 1 [281/1083]: Jeevan Hospital
[2026-07-27 19:43:37] WARNING |   Nav error: Page.goto: net::ERR_HTTP2_PROTOCOL_ERROR at https://www.justdial.com/All-Cities/Jeevan+Hospital-Hospital/nct-11109123
Call log:
  - navigating to "https://www.justdial.com/All-Cities/Jeevan+Hospital-Hospital/nct-11109123", waiting until "domcontentloaded"
 (attempt 1/2)
[2026-07-27 19:43:39] WARNING |   Nav error: Page.goto: net::ERR_HTTP2_PROTOCOL_ERROR at https://www.justdial.com/All-Cities/Jeevan+Hospital-Hospital/nct-11109123
Call log:
  - navigating to "https://www.justdial.com/All-Cities/Jeevan+Hospital-Hospital/nct-11109123", waiting until "domcontentloaded"
 (attempt 2/2)
[2026-07-27 19:43:41] INFO | Phase 1 [282/1083]: Healthcity hospital
[2026-07-27 19:43:50] WARNING |   Nav error: Page.goto: net::ERR_HTTP2_PROTOCOL_ERROR at https://www.justdial.com/All-Cities/Healthcity+hospital-Hospital/nct-11109123
Call log:
  - navigating to "https://www.justdial.com/All-Cities/Healthcity+hospital-Hospital/nct-11109123", waiting until "domcontentloaded"
 (attempt 1/2)
[2026-07-27 19:43:53] WARNING |   Nav error: Page.goto: net::ERR_HTTP2_PROTOCOL_ERROR at https://www.justdial.com/All-Cities/Healthcity+hospital-Hospital/nct-11109123
Call log:
  - navigating to "https://www.justdial.com/All-Cities/Healthcity+hospital-Hospital/nct-11109123", waiting until "domcontentloaded"
 (attempt 2/2)
[2026-07-27 19:43:54] INFO | Phase 1 [283/1083]: Sunand Hospital
[2026-07-27 19:44:04] WARNING |   Nav error: Page.goto: net::ERR_HTTP2_PROTOCOL_ERROR at https://www.justdial.com/All-Cities/Sunand+Hospital-Hospital/nct-11109123
Call log:
  - navigating to "https://www.justdial.com/All-Cities/Sunand+Hospital-Hospital/nct-11109123", waiting until "domcontentloaded"
 (attempt 1/2)
[2026-07-27 19:44:06] WARNING |   Nav error: Page.goto: net::ERR_HTTP2_PROTOCOL_ERROR at https://www.justdial.com/All-Cities/Sunand+Hospital-Hospital/nct-11109123
Call log:
  - navigating to "https://www.justdial.com/All-Cities/Sunand+Hospital-Hospital/nct-11109123", waiting until "domcontentloaded"
 (attempt 2/2)
[2026-07-27 19:44:08] INFO | Phase 1 [284/1083]: K M Health Care
[2026-07-27 19:44:17] WARNING |   Nav error: Page.goto: net::ERR_HTTP2_PROTOCOL_ERROR at https://www.justdial.com/All-Cities/K+M+Health+Care-Hospital/nct-11109123
Call log:
  - navigating to "https://www.justdial.com/All-Cities/K+M+Health+Care-Hospital/nct-11109123", waiting until "domcontentloaded"
 (attempt 1/2)
[2026-07-27 19:44:20] WARNING |   Nav error: Page.goto: net::ERR_HTTP2_PROTOCOL_ERROR at https://www.justdial.com/All-Cities/K+M+Health+Care-Hospital/nct-11109123
Call log:
  - navigating to "https://www.justdial.com/All-Cities/K+M+Health+Care-Hospital/nct-11109123", waiting until "domcontentloaded"
 (attempt 2/2)
[2026-07-27 19:44:22] INFO | Phase 1 [285/1083]: Mahajan Hospital And Diagnostic Centre
[2026-07-27 19:44:31] WARNING |   Nav error: Page.goto: net::ERR_HTTP2_PROTOCOL_ERROR at https://www.justdial.com/All-Cities/Mahajan+Hospital+And+Diagnostic+Centre-Hospital/nct-11109123
Call log:
  - navigating to "https://www.justdial.com/All-Cities/Mahajan+Hospital+And+Diagnostic+Centre-Hospital/nct-11109123", waiting until "domcontentloaded"
 (attempt 1/2)
[2026-07-27 19:44:33] WARNING |   Nav error: Page.goto: net::ERR_HTTP2_PROTOCOL_ERROR at https://www.justdial.com/All-Cities/Mahajan+Hospital+And+Diagnostic+Centre-Hospital/nct-11109123
Call log:
  - navigating to "https://www.justdial.com/All-Cities/Mahajan+Hospital+And+Diagnostic+Centre-Hospital/nct-11109123", waiting until "domcontentloaded"
 (attempt 2/2)
[2026-07-27 19:44:34] INFO | Phase 1 [286/1083]: Mata Chandana Devi Hospital
[2026-07-27 19:44:44] WARNING |   Nav error: Page.goto: net::ERR_HTTP2_PROTOCOL_ERROR at https://www.justdial.com/All-Cities/Mata+Chandana+Devi+Hospital-Hospital/nct-11109123
Call log:
  - navigating to "https://www.justdial.com/All-Cities/Mata+Chandana+Devi+Hospital-Hospital/nct-11109123", waiting until "domcontentloaded"
 (attempt 1/2)
[2026-07-27 19:44:46] WARNING |   Nav error: Page.goto: net::ERR_HTTP2_PROTOCOL_ERROR at https://www.justdial.com/All-Cities/Mata+Chandana+Devi+Hospital-Hospital/nct-11109123
Call log:
  - navigating to "https://www.justdial.com/All-Cities/Mata+Chandana+Devi+Hospital-Hospital/nct-11109123", waiting until "domcontentloaded"
 (attempt 2/2)
[2026-07-27 19:44:48] INFO | Phase 1 [287/1083]: B.M. Gupta Hospital Pvt. Ltd.
[2026-07-27 19:44:57] WARNING |   Nav error: Page.goto: net::ERR_HTTP2_PROTOCOL_ERROR at https://www.justdial.com/All-Cities/B.M.+Gupta+Hospital+Pvt.+Ltd.-Hospital/nct-11109123
Call log:
  - navigating to "https://www.justdial.com/All-Cities/B.M.+Gupta+Hospital+Pvt.+Ltd.-Hospital/nct-11109123", waiting until "domcontentloaded"
 (attempt 1/2)
[2026-07-27 19:44:59] WARNING |   Nav error: Page.goto: net::ERR_HTTP2_PROTOCOL_ERROR at https://www.justdial.com/All-Cities/B.M.+Gupta+Hospital+Pvt.+Ltd.-Hospital/nct-11109123
Call log:
  - navigating to "https://www.justdial.com/All-Cities/B.M.+Gupta+Hospital+Pvt.+Ltd.-Hospital/nct-11109123", waiting until "domcontentloaded"
 (attempt 2/2)
[2026-07-27 19:45:01] INFO | Phase 1 [288/1083]: Jeevan Jyoti Hospital
[2026-07-27 19:45:10] WARNING |   Nav error: Page.goto: net::ERR_HTTP2_PROTOCOL_ERROR at https://www.justdial.com/All-Cities/Jeevan+Jyoti+Hospital-Hospital/nct-11109123
Call log:
  - navigating to "https://www.justdial.com/All-Cities/Jeevan+Jyoti+Hospital-Hospital/nct-11109123", waiting until "domcontentloaded"
 (attempt 1/2)
[2026-07-27 19:45:12] WARNING |   Nav error: Page.goto: net::ERR_HTTP2_PROTOCOL_ERROR at https://www.justdial.com/All-Cities/Jeevan+Jyoti+Hospital-Hospital/nct-11109123
Call log:
  - navigating to "https://www.justdial.com/All-Cities/Jeevan+Jyoti+Hospital-Hospital/nct-11109123", waiting until "domcontentloaded"
 (attempt 2/2)
[2026-07-27 19:45:14] INFO | Phase 1 [289/1083]: Mahindru Hospital
[2026-07-27 19:45:24] WARNING |   Nav error: Page.goto: net::ERR_HTTP2_PROTOCOL_ERROR at https://www.justdial.com/All-Cities/Mahindru+Hospital-Hospital/nct-11109123
Call log:
  - navigating to "https://www.justdial.com/All-Cities/Mahindru+Hospital-Hospital/nct-11109123", waiting until "domcontentloaded"
 (attempt 1/2)
[2026-07-27 19:45:26] WARNING |   Nav error: Page.goto: net::ERR_HTTP2_PROTOCOL_ERROR at https://www.justdial.com/All-Cities/Mahindru+Hospital-Hospital/nct-11109123
Call log:
  - navigating to "https://www.justdial.com/All-Cities/Mahindru+Hospital-Hospital/nct-11109123", waiting until "domcontentloaded"
 (attempt 2/2)
[2026-07-27 19:45:28] INFO | Phase 1 [290/1083]: Shishu Sadan Multi Speciality Children%u2019s Hospital
[2026-07-27 19:45:38] WARNING |   Nav error: Page.goto: net::ERR_HTTP2_PROTOCOL_ERROR at https://www.justdial.com/All-Cities/Shishu+Sadan+Multi+Speciality+Children%25u2019s+Hospital-Hospital/nct-11109123
Call log:
  - navigating to "https://www.justdial.com/All-Cities/Shishu+Sadan+Multi+Speciality+Children%25u2019s+Hospital-Hospital/nct-11109123", waiting until "domcontentloaded"
 (attempt 1/2)
[2026-07-27 19:45:40] WARNING |   Nav error: Page.goto: net::ERR_HTTP2_PROTOCOL_ERROR at https://www.justdial.com/All-Cities/Shishu+Sadan+Multi+Speciality+Children%25u2019s+Hospital-Hospital/nct-11109123
Call log:
  - navigating to "https://www.justdial.com/All-Cities/Shishu+Sadan+Multi+Speciality+Children%25u2019s+Hospital-Hospital/nct-11109123", waiting until "domcontentloaded"
 (attempt 2/2)
[2026-07-27 19:45:42] INFO | Phase 1 [291/1083]: Guru Hari Kishan Charitable Dispensery
[2026-07-27 19:45:51] WARNING |   Nav error: Page.goto: net::ERR_HTTP2_PROTOCOL_ERROR at https://www.justdial.com/All-Cities/Guru+Hari+Kishan+Charitable+Dispensery-Hospital/nct-11109123
Call log:
  - navigating to "https://www.justdial.com/All-Cities/Guru+Hari+Kishan+Charitable+Dispensery-Hospital/nct-11109123", waiting until "domcontentloaded"
 (attempt 1/2)
[2026-07-27 19:45:53] WARNING |   Nav error: Page.goto: net::ERR_HTTP2_PROTOCOL_ERROR at https://www.justdial.com/All-Cities/Guru+Hari+Kishan+Charitable+Dispensery-Hospital/nct-11109123
Call log:
  - navigating to "https://www.justdial.com/All-Cities/Guru+Hari+Kishan+Charitable+Dispensery-Hospital/nct-11109123", waiting until "domcontentloaded"
 (attempt 2/2)
[2026-07-27 19:45:55] INFO | Phase 1 [292/1083]: Delhi State Cancer Institute - West
[2026-07-27 19:46:04] WARNING |   Nav error: Page.goto: net::ERR_HTTP2_PROTOCOL_ERROR at https://www.justdial.com/All-Cities/Delhi+State+Cancer+Institute+-+West-Hospital/nct-11109123
Call log:
  - navigating to "https://www.justdial.com/All-Cities/Delhi+State+Cancer+Institute+-+West-Hospital/nct-11109123", waiting until "domcontentloaded"
 (attempt 1/2)
[2026-07-27 19:46:06] WARNING |   Nav error: Page.goto: net::ERR_HTTP2_PROTOCOL_ERROR at https://www.justdial.com/All-Cities/Delhi+State+Cancer+Institute+-+West-Hospital/nct-11109123
Call log:
  - navigating to "https://www.justdial.com/All-Cities/Delhi+State+Cancer+Institute+-+West-Hospital/nct-11109123", waiting until "domcontentloaded"
 (attempt 2/2)
[2026-07-27 19:46:08] INFO | Phase 1 [293/1083]: Satyabhama Hospital
[2026-07-27 19:46:17] WARNING |   Nav error: Page.goto: net::ERR_HTTP2_PROTOCOL_ERROR at https://www.justdial.com/All-Cities/Satyabhama+Hospital-Hospital/nct-11109123
Call log:
  - navigating to "https://www.justdial.com/All-Cities/Satyabhama+Hospital-Hospital/nct-11109123", waiting until "domcontentloaded"
 (attempt 1/2)
[2026-07-27 19:46:19] WARNING |   Nav error: Page.goto: net::ERR_HTTP2_PROTOCOL_ERROR at https://www.justdial.com/All-Cities/Satyabhama+Hospital-Hospital/nct-11109123
Call log:
  - navigating to "https://www.justdial.com/All-Cities/Satyabhama+Hospital-Hospital/nct-11109123", waiting until "domcontentloaded"
 (attempt 2/2)
[2026-07-27 19:46:21] INFO | Phase 1 [294/1083]: The Healing Touch Super Speciality Eye Care
[2026-07-27 19:46:31] WARNING |   Nav error: Page.goto: net::ERR_HTTP2_PROTOCOL_ERROR at https://www.justdial.com/All-Cities/The+Healing+Touch+Super+Speciality+Eye+Care-Hospital/nct-11109123
Call log:
  - navigating to "https://www.justdial.com/All-Cities/The+Healing+Touch+Super+Speciality+Eye+Care-Hospital/nct-11109123", waiting until "domcontentloaded"
 (attempt 1/2)
[2026-07-27 19:46:33] WARNING |   Nav error: Page.goto: net::ERR_HTTP2_PROTOCOL_ERROR at https://www.justdial.com/All-Cities/The+Healing+Touch+Super+Speciality+Eye+Care-Hospital/nct-11109123
Call log:
  - navigating to "https://www.justdial.com/All-Cities/The+Healing+Touch+Super+Speciality+Eye+Care-Hospital/nct-11109123", waiting until "domcontentloaded"
 (attempt 2/2)
[2026-07-27 19:46:34] INFO | Phase 1 [295/1083]: RG Stone Clinic
[2026-07-27 19:46:44] WARNING |   Nav error: Page.goto: net::ERR_HTTP2_PROTOCOL_ERROR at https://www.justdial.com/All-Cities/RG+Stone+Clinic-Hospital/nct-11109123
Call log:
  - navigating to "https://www.justdial.com/All-Cities/RG+Stone+Clinic-Hospital/nct-11109123", waiting until "domcontentloaded"
 (attempt 1/2)
[2026-07-27 19:46:46] WARNING |   Nav error: Page.goto: net::ERR_HTTP2_PROTOCOL_ERROR at https://www.justdial.com/All-Cities/RG+Stone+Clinic-Hospital/nct-11109123
Call log:
  - navigating to "https://www.justdial.com/All-Cities/RG+Stone+Clinic-Hospital/nct-11109123", waiting until "domcontentloaded"
 (attempt 2/2)
[2026-07-27 19:46:48] INFO | Phase 1 [296/1083]: Dashmesh Hospital
[2026-07-27 19:46:57] WARNING |   Nav error: Page.goto: net::ERR_HTTP2_PROTOCOL_ERROR at https://www.justdial.com/All-Cities/Dashmesh+Hospital-Hospital/nct-11109123
Call log:
  - navigating to "https://www.justdial.com/All-Cities/Dashmesh+Hospital-Hospital/nct-11109123", waiting until "domcontentloaded"
 (attempt 1/2)
[2026-07-27 19:47:00] WARNING |   Nav error: Page.goto: net::ERR_HTTP2_PROTOCOL_ERROR at https://www.justdial.com/All-Cities/Dashmesh+Hospital-Hospital/nct-11109123
Call log:
  - navigating to "https://www.justdial.com/All-Cities/Dashmesh+Hospital-Hospital/nct-11109123", waiting until "domcontentloaded"
 (attempt 2/2)
[2026-07-27 19:47:02] INFO | Phase 1 [297/1083]: Globe Hospital
[2026-07-27 19:47:11] WARNING |   Nav error: Page.goto: net::ERR_HTTP2_PROTOCOL_ERROR at https://www.justdial.com/All-Cities/Globe+Hospital-Hospital/nct-11109123
Call log:
  - navigating to "https://www.justdial.com/All-Cities/Globe+Hospital-Hospital/nct-11109123", waiting until "domcontentloaded"
 (attempt 1/2)
[2026-07-27 19:47:13] WARNING |   Nav error: Page.goto: net::ERR_HTTP2_PROTOCOL_ERROR at https://www.justdial.com/All-Cities/Globe+Hospital-Hospital/nct-11109123
Call log:
  - navigating to "https://www.justdial.com/All-Cities/Globe+Hospital-Hospital/nct-11109123", waiting until "domcontentloaded"
 (attempt 2/2)
[2026-07-27 19:47:15] INFO | Phase 1 [298/1083]: Dhanvantari Ayurvedic Hospital
[2026-07-27 19:47:25] WARNING |   Nav error: Page.goto: net::ERR_HTTP2_PROTOCOL_ERROR at https://www.justdial.com/All-Cities/Dhanvantari+Ayurvedic+Hospital-Hospital/nct-11109123
Call log:
  - navigating to "https://www.justdial.com/All-Cities/Dhanvantari+Ayurvedic+Hospital-Hospital/nct-11109123", waiting until "domcontentloaded"
 (attempt 1/2)
[2026-07-27 19:47:28] WARNING |   Nav error: Page.goto: net::ERR_HTTP2_PROTOCOL_ERROR at https://www.justdial.com/All-Cities/Dhanvantari+Ayurvedic+Hospital-Hospital/nct-11109123
Call log:
  - navigating to "https://www.justdial.com/All-Cities/Dhanvantari+Ayurvedic+Hospital-Hospital/nct-11109123", waiting until "domcontentloaded"
 (attempt 2/2)
[2026-07-27 19:47:29] INFO | Phase 1 [299/1083]: Jiwan Charitable Hospital (Dr Dubey Hospital)
[2026-07-27 19:47:39] WARNING |   Nav error: Page.goto: net::ERR_HTTP2_PROTOCOL_ERROR at https://www.justdial.com/All-Cities/Jiwan+Charitable+Hospital+%28Dr+Dubey+Hospital%29-Hospital/nct-11109123
Call log:
  - navigating to "https://www.justdial.com/All-Cities/Jiwan+Charitable+Hospital+%28Dr+Dubey+Hospital%29-Hospital/nct-11109123", waiting until "domcontentloaded"
 (attempt 1/2)
[2026-07-27 19:47:41] WARNING |   Nav error: Page.goto: net::ERR_HTTP2_PROTOCOL_ERROR at https://www.justdial.com/All-Cities/Jiwan+Charitable+Hospital+%28Dr+Dubey+Hospital%29-Hospital/nct-11109123
Call log:
  - navigating to "https://www.justdial.com/All-Cities/Jiwan+Charitable+Hospital+%28Dr+Dubey+Hospital%29-Hospital/nct-11109123", waiting until "domcontentloaded"
 (attempt 2/2)
[2026-07-27 19:47:43] INFO | Phase 1 [300/1083]: Dr Aanchal Sablok | Apollo Cradle and Children%u2019s Hospital | Moti Nagar
[2026-07-27 19:47:53] WARNING |   Nav error: Page.goto: net::ERR_HTTP2_PROTOCOL_ERROR at https://www.justdial.com/All-Cities/Dr+Aanchal+Sablok+%7C+Apollo+Cradle+and+Children%25u2019s+Hospital+%7C+Moti+Nagar-Hospital/nct-11109123
Call log:
  - navigating to "https://www.justdial.com/All-Cities/Dr+Aanchal+Sablok+%7C+Apollo+Cradle+and+Children%25u2019s+Hospital+%7C+Moti+Nagar-Hospital/nct-11109123", waiting until "domcontentloaded"
 (attempt 1/2)
[2026-07-27 19:47:55] WARNING |   Nav error: Page.goto: net::ERR_HTTP2_PROTOCOL_ERROR at https://www.justdial.com/All-Cities/Dr+Aanchal+Sablok+%7C+Apollo+Cradle+and+Children%25u2019s+Hospital+%7C+Moti+Nagar-Hospital/nct-11109123
Call log:
  - navigating to "https://www.justdial.com/All-Cities/Dr+Aanchal+Sablok+%7C+Apollo+Cradle+and+Children%25u2019s+Hospital+%7C+Moti+Nagar-Hospital/nct-11109123", waiting until "domcontentloaded"
 (attempt 2/2)
[2026-07-27 19:47:57] INFO | Phase 1 [301/1083]: Dr. Sadhna Gupta
[2026-07-27 19:48:06] WARNING |   Nav error: Page.goto: net::ERR_HTTP2_PROTOCOL_ERROR at https://www.justdial.com/All-Cities/Dr.+Sadhna+Gupta-Hospital/nct-11109123
Call log:
  - navigating to "https://www.justdial.com/All-Cities/Dr.+Sadhna+Gupta-Hospital/nct-11109123", waiting until "domcontentloaded"
 (attempt 1/2)
[2026-07-27 19:48:08] WARNING |   Nav error: Page.goto: net::ERR_HTTP2_PROTOCOL_ERROR at https://www.justdial.com/All-Cities/Dr.+Sadhna+Gupta-Hospital/nct-11109123
Call log:
  - navigating to "https://www.justdial.com/All-Cities/Dr.+Sadhna+Gupta-Hospital/nct-11109123", waiting until "domcontentloaded"
 (attempt 2/2)
[2026-07-27 19:48:11] INFO | Phase 1 [302/1083]: ESI Hospital Metro Station
[2026-07-27 19:48:20] WARNING |   Nav error: Page.goto: net::ERR_HTTP2_PROTOCOL_ERROR at https://www.justdial.com/All-Cities/ESI+Hospital+Metro+Station-Hospital/nct-11109123
Call log:
  - navigating to "https://www.justdial.com/All-Cities/ESI+Hospital+Metro+Station-Hospital/nct-11109123", waiting until "domcontentloaded"
 (attempt 1/2)
[2026-07-27 19:48:22] WARNING |   Nav error: Page.goto: net::ERR_HTTP2_PROTOCOL_ERROR at https://www.justdial.com/All-Cities/ESI+Hospital+Metro+Station-Hospital/nct-11109123
Call log:
  - navigating to "https://www.justdial.com/All-Cities/ESI+Hospital+Metro+Station-Hospital/nct-11109123", waiting until "domcontentloaded"
 (attempt 2/2)
[2026-07-27 19:48:24] INFO | Phase 1 [303/1083]: Doctors Plaza
[2026-07-27 19:48:38] WARNING |   Nav error: Page.goto: net::ERR_HTTP2_PROTOCOL_ERROR at https://www.justdial.com/All-Cities/Doctors+Plaza-Hospital/nct-11109123
Call log:
  - navigating to "https://www.justdial.com/All-Cities/Doctors+Plaza-Hospital/nct-11109123", waiting until "domcontentloaded"
 (attempt 1/2)
[2026-07-27 19:48:40] WARNING |   Nav error: Page.goto: net::ERR_HTTP2_PROTOCOL_ERROR at https://www.justdial.com/All-Cities/Doctors+Plaza-Hospital/nct-11109123
Call log:
  - navigating to "https://www.justdial.com/All-Cities/Doctors+Plaza-Hospital/nct-11109123", waiting until "domcontentloaded"
 (attempt 2/2)
[2026-07-27 19:48:42] INFO | Phase 1 [304/1083]: shantam nursing home
[2026-07-27 19:48:52] WARNING |   Nav error: Page.goto: net::ERR_HTTP2_PROTOCOL_ERROR at https://www.justdial.com/All-Cities/shantam+nursing+home-Hospital/nct-11109123
Call log:
  - navigating to "https://www.justdial.com/All-Cities/shantam+nursing+home-Hospital/nct-11109123", waiting until "domcontentloaded"
 (attempt 1/2)
[2026-07-27 19:48:54] WARNING |   Nav error: Page.goto: net::ERR_HTTP2_PROTOCOL_ERROR at https://www.justdial.com/All-Cities/shantam+nursing+home-Hospital/nct-11109123
Call log:
  - navigating to "https://www.justdial.com/All-Cities/shantam+nursing+home-Hospital/nct-11109123", waiting until "domcontentloaded"
 (attempt 2/2)
[2026-07-27 19:48:56] INFO | Phase 1 [305/1083]: Jaipur Golden Hospital
[2026-07-27 19:49:06] WARNING |   Nav error: Page.goto: net::ERR_HTTP2_PROTOCOL_ERROR at https://www.justdial.com/All-Cities/Jaipur+Golden+Hospital-Hospital/nct-11109123
Call log:
  - navigating to "https://www.justdial.com/All-Cities/Jaipur+Golden+Hospital-Hospital/nct-11109123", waiting until "domcontentloaded"
 (attempt 1/2)
[2026-07-27 19:49:08] WARNING |   Nav error: Page.goto: net::ERR_HTTP2_PROTOCOL_ERROR at https://www.justdial.com/All-Cities/Jaipur+Golden+Hospital-Hospital/nct-11109123
Call log:
  - navigating to "https://www.justdial.com/All-Cities/Jaipur+Golden+Hospital-Hospital/nct-11109123", waiting until "domcontentloaded"
 (attempt 2/2)
[2026-07-27 19:49:10] INFO | Phase 1 [306/1083]: Dcdc Health Services Pvt. Ltd.
[2026-07-27 19:49:20] WARNING |   Nav error: Page.goto: net::ERR_HTTP2_PROTOCOL_ERROR at https://www.justdial.com/All-Cities/Dcdc+Health+Services+Pvt.+Ltd.-Hospital/nct-11109123
Call log:
  - navigating to "https://www.justdial.com/All-Cities/Dcdc+Health+Services+Pvt.+Ltd.-Hospital/nct-11109123", waiting until "domcontentloaded"
 (attempt 1/2)
[2026-07-27 19:49:22] WARNING |   Nav error: Page.goto: net::ERR_HTTP2_PROTOCOL_ERROR at https://www.justdial.com/All-Cities/Dcdc+Health+Services+Pvt.+Ltd.-Hospital/nct-11109123
Call log:
  - navigating to "https://www.justdial.com/All-Cities/Dcdc+Health+Services+Pvt.+Ltd.-Hospital/nct-11109123", waiting until "domcontentloaded"
 (attempt 2/2)
[2026-07-27 19:49:24] INFO | Phase 1 [307/1083]: National Mri
[2026-07-27 19:49:35] WARNING |   Nav error: Page.goto: net::ERR_HTTP2_PROTOCOL_ERROR at https://www.justdial.com/All-Cities/National+Mri-Hospital/nct-11109123
Call log:
  - navigating to "https://www.justdial.com/All-Cities/National+Mri-Hospital/nct-11109123", waiting until "domcontentloaded"
 (attempt 1/2)
[2026-07-27 19:49:37] WARNING |   Nav error: Page.goto: net::ERR_HTTP2_PROTOCOL_ERROR at https://www.justdial.com/All-Cities/National+Mri-Hospital/nct-11109123
Call log:
  - navigating to "https://www.justdial.com/All-Cities/National+Mri-Hospital/nct-11109123", waiting until "domcontentloaded"
 (attempt 2/2)
[2026-07-27 19:49:39] INFO | Phase 1 [308/1083]: Baby Care Newborn Hospital
[2026-07-27 19:49:49] WARNING |   Nav error: Page.goto: net::ERR_HTTP2_PROTOCOL_ERROR at https://www.justdial.com/All-Cities/Baby+Care+Newborn+Hospital-Hospital/nct-11109123
Call log:
  - navigating to "https://www.justdial.com/All-Cities/Baby+Care+Newborn+Hospital-Hospital/nct-11109123", waiting until "domcontentloaded"
 (attempt 1/2)
[2026-07-27 19:49:51] WARNING |   Nav error: Page.goto: net::ERR_HTTP2_PROTOCOL_ERROR at https://www.justdial.com/All-Cities/Baby+Care+Newborn+Hospital-Hospital/nct-11109123
Call log:
  - navigating to "https://www.justdial.com/All-Cities/Baby+Care+Newborn+Hospital-Hospital/nct-11109123", waiting until "domcontentloaded"
 (attempt 2/2)
[2026-07-27 19:49:52] INFO | Phase 1 [309/1083]: Sodhi Maternity And ENT Hospital
[2026-07-27 19:50:01] WARNING |   Nav error: Page.goto: net::ERR_HTTP2_PROTOCOL_ERROR at https://www.justdial.com/All-Cities/Sodhi+Maternity+And+ENT+Hospital-Hospital/nct-11109123
Call log:
  - navigating to "https://www.justdial.com/All-Cities/Sodhi+Maternity+And+ENT+Hospital-Hospital/nct-11109123", waiting until "domcontentloaded"
 (attempt 1/2)
[2026-07-27 19:50:03] WARNING |   Nav error: Page.goto: net::ERR_HTTP2_PROTOCOL_ERROR at https://www.justdial.com/All-Cities/Sodhi+Maternity+And+ENT+Hospital-Hospital/nct-11109123
Call log:
  - navigating to "https://www.justdial.com/All-Cities/Sodhi+Maternity+And+ENT+Hospital-Hospital/nct-11109123", waiting until "domcontentloaded"
 (attempt 2/2)
[2026-07-27 19:50:05] INFO | Phase 1 [310/1083]: Medstar Hospital | Best Hospital in west delhi | Emergency Hospital in west delhi | CGHS hospital in west delhi
[2026-07-27 19:50:16] WARNING |   Nav error: Page.goto: net::ERR_HTTP2_PROTOCOL_ERROR at https://www.justdial.com/All-Cities/Medstar+Hospital+%7C+Best+Hospital+in+west+delhi+%7C+Emergency+Hospital+in+west+delhi+%7C+CGHS+hospital+in+west+delhi-Hospital/nct-11109123
Call log:
  - navigating to "https://www.justdial.com/All-Cities/Medstar+Hospital+%7C+Best+Hospital+in+west+delhi+%7C+Emergency+Hospital+in+west+delhi+%7C+CGHS+hospital+in+west+delhi-Hospital/nct-11109123", waiting until "domcontentloaded"
 (attempt 1/2)
[2026-07-27 19:50:18] WARNING |   Nav error: Page.goto: net::ERR_HTTP2_PROTOCOL_ERROR at https://www.justdial.com/All-Cities/Medstar+Hospital+%7C+Best+Hospital+in+west+delhi+%7C+Emergency+Hospital+in+west+delhi+%7C+CGHS+hospital+in+west+delhi-Hospital/nct-11109123
Call log:
  - navigating to "https://www.justdial.com/All-Cities/Medstar+Hospital+%7C+Best+Hospital+in+west+delhi+%7C+Emergency+Hospital+in+west+delhi+%7C+CGHS+hospital+in+west+delhi-Hospital/nct-11109123", waiting until "domcontentloaded"
 (attempt 2/2)
[2026-07-27 19:50:20] INFO | Phase 1 [311/1083]: Balaji hospital
[2026-07-27 19:50:29] WARNING |   Nav error: Page.goto: net::ERR_HTTP2_PROTOCOL_ERROR at https://www.justdial.com/All-Cities/Balaji+hospital-Hospital/nct-11109123
Call log:
  - navigating to "https://www.justdial.com/All-Cities/Balaji+hospital-Hospital/nct-11109123", waiting until "domcontentloaded"
 (attempt 1/2)
[2026-07-27 19:50:31] WARNING |   Nav error: Page.goto: net::ERR_HTTP2_PROTOCOL_ERROR at https://www.justdial.com/All-Cities/Balaji+hospital-Hospital/nct-11109123
Call log:
  - navigating to "https://www.justdial.com/All-Cities/Balaji+hospital-Hospital/nct-11109123", waiting until "domcontentloaded"
 (attempt 2/2)
[2026-07-27 19:50:33] INFO | Phase 1 [312/1083]: A One Hospital - Best hospital in Paschim Vihar
[2026-07-27 19:50:43] WARNING |   Nav error: Page.goto: net::ERR_HTTP2_PROTOCOL_ERROR at https://www.justdial.com/All-Cities/A+One+Hospital+-+Best+hospital+in+Paschim+Vihar-Hospital/nct-11109123
Call log:
  - navigating to "https://www.justdial.com/All-Cities/A+One+Hospital+-+Best+hospital+in+Paschim+Vihar-Hospital/nct-11109123", waiting until "domcontentloaded"
 (attempt 1/2)
[2026-07-27 19:50:45] WARNING |   Nav error: Page.goto: net::ERR_HTTP2_PROTOCOL_ERROR at https://www.justdial.com/All-Cities/A+One+Hospital+-+Best+hospital+in+Paschim+Vihar-Hospital/nct-11109123
Call log:
  - navigating to "https://www.justdial.com/All-Cities/A+One+Hospital+-+Best+hospital+in+Paschim+Vihar-Hospital/nct-11109123", waiting until "domcontentloaded"
 (attempt 2/2)
[2026-07-27 19:50:47] INFO | Phase 1 [313/1083]: Godof Hospital
[2026-07-27 19:50:57] WARNING |   Nav error: Page.goto: net::ERR_HTTP2_PROTOCOL_ERROR at https://www.justdial.com/All-Cities/Godof+Hospital-Hospital/nct-11109123
Call log:
  - navigating to "https://www.justdial.com/All-Cities/Godof+Hospital-Hospital/nct-11109123", waiting until "domcontentloaded"
 (attempt 1/2)
[2026-07-27 19:50:59] WARNING |   Nav error: Page.goto: net::ERR_HTTP2_PROTOCOL_ERROR at https://www.justdial.com/All-Cities/Godof+Hospital-Hospital/nct-11109123
Call log:
  - navigating to "https://www.justdial.com/All-Cities/Godof+Hospital-Hospital/nct-11109123", waiting until "domcontentloaded"
 (attempt 2/2)
[2026-07-27 19:51:00] INFO | Phase 1 [314/1083]: MALIK HOSPITAL
[2026-07-27 19:51:10] WARNING |   Nav error: Page.goto: net::ERR_HTTP2_PROTOCOL_ERROR at https://www.justdial.com/All-Cities/MALIK+HOSPITAL-Hospital/nct-11109123
Call log:
  - navigating to "https://www.justdial.com/All-Cities/MALIK+HOSPITAL-Hospital/nct-11109123", waiting until "domcontentloaded"
 (attempt 1/2)
[2026-07-27 19:51:12] WARNING |   Nav error: Page.goto: net::ERR_HTTP2_PROTOCOL_ERROR at https://www.justdial.com/All-Cities/MALIK+HOSPITAL-Hospital/nct-11109123
Call log:
  - navigating to "https://www.justdial.com/All-Cities/MALIK+HOSPITAL-Hospital/nct-11109123", waiting until "domcontentloaded"
 (attempt 2/2)
[2026-07-27 19:51:14] INFO | Phase 1 [315/1083]: B K Memorial Hospital
[2026-07-27 19:51:27] WARNING |   Nav error: Page.goto: net::ERR_HTTP2_PROTOCOL_ERROR at https://www.justdial.com/All-Cities/B+K+Memorial+Hospital-Hospital/nct-11109123
Call log:
  - navigating to "https://www.justdial.com/All-Cities/B+K+Memorial+Hospital-Hospital/nct-11109123", waiting until "domcontentloaded"
 (attempt 1/2)
[2026-07-27 19:51:29] WARNING |   Nav error: Page.goto: net::ERR_HTTP2_PROTOCOL_ERROR at https://www.justdial.com/All-Cities/B+K+Memorial+Hospital-Hospital/nct-11109123
Call log:
  - navigating to "https://www.justdial.com/All-Cities/B+K+Memorial+Hospital-Hospital/nct-11109123", waiting until "domcontentloaded"
 (attempt 2/2)
[2026-07-27 19:51:31] INFO | Phase 1 [316/1083]: Hari Shankar pathak
[2026-07-27 19:51:40] WARNING |   Nav error: Page.goto: net::ERR_HTTP2_PROTOCOL_ERROR at https://www.justdial.com/All-Cities/Hari+Shankar+pathak-Hospital/nct-11109123
Call log:
  - navigating to "https://www.justdial.com/All-Cities/Hari+Shankar+pathak-Hospital/nct-11109123", waiting until "domcontentloaded"
 (attempt 1/2)
[2026-07-27 19:51:43] WARNING |   Nav error: Page.goto: net::ERR_HTTP2_PROTOCOL_ERROR at https://www.justdial.com/All-Cities/Hari+Shankar+pathak-Hospital/nct-11109123
Call log:
  - navigating to "https://www.justdial.com/All-Cities/Hari+Shankar+pathak-Hospital/nct-11109123", waiting until "domcontentloaded"
 (attempt 2/2)
[2026-07-27 19:51:45] INFO | Phase 1 [317/1083]: Ramakrishna Mission Medical Centre Free T B Clinic
[2026-07-27 19:51:56] WARNING |   Nav error: Page.goto: net::ERR_HTTP2_PROTOCOL_ERROR at https://www.justdial.com/All-Cities/Ramakrishna+Mission+Medical+Centre+Free+T+B+Clinic-Hospital/nct-11109123
Call log:
  - navigating to "https://www.justdial.com/All-Cities/Ramakrishna+Mission+Medical+Centre+Free+T+B+Clinic-Hospital/nct-11109123", waiting until "domcontentloaded"
 (attempt 1/2)
[2026-07-27 19:51:58] WARNING |   Nav error: Page.goto: net::ERR_HTTP2_PROTOCOL_ERROR at https://www.justdial.com/All-Cities/Ramakrishna+Mission+Medical+Centre+Free+T+B+Clinic-Hospital/nct-11109123
Call log:
  - navigating to "https://www.justdial.com/All-Cities/Ramakrishna+Mission+Medical+Centre+Free+T+B+Clinic-Hospital/nct-11109123", waiting until "domcontentloaded"
 (attempt 2/2)
[2026-07-27 19:52:00] INFO | Phase 1 [318/1083]: Lady Hardinge Hospital Gynaelogy OPD
[2026-07-27 19:52:09] WARNING |   Nav error: Page.goto: net::ERR_HTTP2_PROTOCOL_ERROR at https://www.justdial.com/All-Cities/Lady+Hardinge+Hospital+Gynaelogy+OPD-Hospital/nct-11109123
Call log:
  - navigating to "https://www.justdial.com/All-Cities/Lady+Hardinge+Hospital+Gynaelogy+OPD-Hospital/nct-11109123", waiting until "domcontentloaded"
 (attempt 1/2)
[2026-07-27 19:52:12] WARNING |   Nav error: Page.goto: net::ERR_HTTP2_PROTOCOL_ERROR at https://www.justdial.com/All-Cities/Lady+Hardinge+Hospital+Gynaelogy+OPD-Hospital/nct-11109123
Call log:
  - navigating to "https://www.justdial.com/All-Cities/Lady+Hardinge+Hospital+Gynaelogy+OPD-Hospital/nct-11109123", waiting until "domcontentloaded"
 (attempt 2/2)
[2026-07-27 19:52:14] INFO | Phase 1 [319/1083]: LHMC & Associated Hospitals
[2026-07-27 19:52:24] WARNING |   Nav error: Page.goto: net::ERR_HTTP2_PROTOCOL_ERROR at https://www.justdial.com/All-Cities/LHMC+%26+Associated+Hospitals-Hospital/nct-11109123
Call log:
  - navigating to "https://www.justdial.com/All-Cities/LHMC+%26+Associated+Hospitals-Hospital/nct-11109123", waiting until "domcontentloaded"
 (attempt 1/2)
[2026-07-27 19:52:27] WARNING |   Nav error: Page.goto: net::ERR_HTTP2_PROTOCOL_ERROR at https://www.justdial.com/All-Cities/LHMC+%26+Associated+Hospitals-Hospital/nct-11109123
Call log:
  - navigating to "https://www.justdial.com/All-Cities/LHMC+%26+Associated+Hospitals-Hospital/nct-11109123", waiting until "domcontentloaded"
 (attempt 2/2)
[2026-07-27 19:52:28] INFO | Phase 1 [320/1083]: DGD Nabi Karim (CDMO Central)
[2026-07-27 19:52:39] WARNING |   Nav error: Page.goto: net::ERR_HTTP2_PROTOCOL_ERROR at https://www.justdial.com/All-Cities/DGD+Nabi+Karim+%28CDMO+Central%29-Hospital/nct-11109123
Call log:
  - navigating to "https://www.justdial.com/All-Cities/DGD+Nabi+Karim+%28CDMO+Central%29-Hospital/nct-11109123", waiting until "domcontentloaded"
 (attempt 1/2)
[2026-07-27 19:52:42] WARNING |   Nav error: Page.goto: net::ERR_HTTP2_PROTOCOL_ERROR at https://www.justdial.com/All-Cities/DGD+Nabi+Karim+%28CDMO+Central%29-Hospital/nct-11109123
Call log:
  - navigating to "https://www.justdial.com/All-Cities/DGD+Nabi+Karim+%28CDMO+Central%29-Hospital/nct-11109123", waiting until "domcontentloaded"
 (attempt 2/2)
[2026-07-27 19:52:43] INFO | Phase 1 [321/1083]: GGHS Dental Hosp.Free
[2026-07-27 19:52:52] WARNING |   Nav error: Page.goto: net::ERR_HTTP2_PROTOCOL_ERROR at https://www.justdial.com/All-Cities/GGHS+Dental+Hosp.Free-Hospital/nct-11109123
Call log:
  - navigating to "https://www.justdial.com/All-Cities/GGHS+Dental+Hosp.Free-Hospital/nct-11109123", waiting until "domcontentloaded"
 (attempt 1/2)
[2026-07-27 19:52:55] WARNING |   Nav error: Page.goto: net::ERR_HTTP2_PROTOCOL_ERROR at https://www.justdial.com/All-Cities/GGHS+Dental+Hosp.Free-Hospital/nct-11109123
Call log:
  - navigating to "https://www.justdial.com/All-Cities/GGHS+Dental+Hosp.Free-Hospital/nct-11109123", waiting until "domcontentloaded"
 (attempt 2/2)
[2026-07-27 19:52:56] INFO | Phase 1 [322/1083]: CGHS Dispensary
[2026-07-27 19:53:06] WARNING |   Nav error: Page.goto: net::ERR_HTTP2_PROTOCOL_ERROR at https://www.justdial.com/All-Cities/CGHS+Dispensary-Hospital/nct-11109123
Call log:
  - navigating to "https://www.justdial.com/All-Cities/CGHS+Dispensary-Hospital/nct-11109123", waiting until "domcontentloaded"
 (attempt 1/2)
[2026-07-27 19:53:08] WARNING |   Nav error: Page.goto: net::ERR_HTTP2_PROTOCOL_ERROR at https://www.justdial.com/All-Cities/CGHS+Dispensary-Hospital/nct-11109123
Call log:
  - navigating to "https://www.justdial.com/All-Cities/CGHS+Dispensary-Hospital/nct-11109123", waiting until "domcontentloaded"
 (attempt 2/2)
[2026-07-27 19:53:10] INFO | Phase 1 [323/1083]: Mahavir International Delhi
[2026-07-27 19:53:19] WARNING |   Nav error: Page.goto: net::ERR_HTTP2_PROTOCOL_ERROR at https://www.justdial.com/All-Cities/Mahavir+International+Delhi-Hospital/nct-11109123
Call log:
  - navigating to "https://www.justdial.com/All-Cities/Mahavir+International+Delhi-Hospital/nct-11109123", waiting until "domcontentloaded"
 (attempt 1/2)
[2026-07-27 19:53:21] WARNING |   Nav error: Page.goto: net::ERR_HTTP2_PROTOCOL_ERROR at https://www.justdial.com/All-Cities/Mahavir+International+Delhi-Hospital/nct-11109123
Call log:
  - navigating to "https://www.justdial.com/All-Cities/Mahavir+International+Delhi-Hospital/nct-11109123", waiting until "domcontentloaded"
 (attempt 2/2)
[2026-07-27 19:53:23] INFO | Phase 1 [324/1083]: Base Hospital
[2026-07-27 19:53:32] WARNING |   Nav error: Page.goto: net::ERR_HTTP2_PROTOCOL_ERROR at https://www.justdial.com/All-Cities/Base+Hospital-Hospital/nct-11109123
Call log:
  - navigating to "https://www.justdial.com/All-Cities/Base+Hospital-Hospital/nct-11109123", waiting until "domcontentloaded"
 (attempt 1/2)
[2026-07-27 19:53:35] WARNING |   Nav error: Page.goto: net::ERR_HTTP2_PROTOCOL_ERROR at https://www.justdial.com/All-Cities/Base+Hospital-Hospital/nct-11109123
Call log:
  - navigating to "https://www.justdial.com/All-Cities/Base+Hospital-Hospital/nct-11109123", waiting until "domcontentloaded"
 (attempt 2/2)
[2026-07-27 19:53:37] INFO | Phase 1 [325/1083]: Banwari Lal Charitable Trust
[2026-07-27 19:53:46] WARNING |   Nav error: Page.goto: net::ERR_HTTP2_PROTOCOL_ERROR at https://www.justdial.com/All-Cities/Banwari+Lal+Charitable+Trust-Hospital/nct-11109123
Call log:
  - navigating to "https://www.justdial.com/All-Cities/Banwari+Lal+Charitable+Trust-Hospital/nct-11109123", waiting until "domcontentloaded"
 (attempt 1/2)
[2026-07-27 19:53:48] WARNING |   Nav error: Page.goto: net::ERR_HTTP2_PROTOCOL_ERROR at https://www.justdial.com/All-Cities/Banwari+Lal+Charitable+Trust-Hospital/nct-11109123
Call log:
  - navigating to "https://www.justdial.com/All-Cities/Banwari+Lal+Charitable+Trust-Hospital/nct-11109123", waiting until "domcontentloaded"
 (attempt 2/2)
[2026-07-27 19:53:50] INFO | Phase 1 [326/1083]: AD Medicare Hospital
[2026-07-27 19:53:59] WARNING |   Nav error: Page.goto: net::ERR_HTTP2_PROTOCOL_ERROR at https://www.justdial.com/All-Cities/AD+Medicare+Hospital-Hospital/nct-11109123
Call log:
  - navigating to "https://www.justdial.com/All-Cities/AD+Medicare+Hospital-Hospital/nct-11109123", waiting until "domcontentloaded"
 (attempt 1/2)
[2026-07-27 19:54:01] WARNING |   Nav error: Page.goto: net::ERR_HTTP2_PROTOCOL_ERROR at https://www.justdial.com/All-Cities/AD+Medicare+Hospital-Hospital/nct-11109123
Call log:
  - navigating to "https://www.justdial.com/All-Cities/AD+Medicare+Hospital-Hospital/nct-11109123", waiting until "domcontentloaded"
 (attempt 2/2)
[2026-07-27 19:54:03] INFO | Phase 1 [327/1083]: Sunderlal Jain Hospital
[2026-07-27 19:54:13] WARNING |   Nav error: Page.goto: net::ERR_HTTP2_PROTOCOL_ERROR at https://www.justdial.com/All-Cities/Sunderlal+Jain+Hospital-Hospital/nct-11109123
Call log:
  - navigating to "https://www.justdial.com/All-Cities/Sunderlal+Jain+Hospital-Hospital/nct-11109123", waiting until "domcontentloaded"
 (attempt 1/2)
[2026-07-27 19:54:15] WARNING |   Nav error: Page.goto: net::ERR_HTTP2_PROTOCOL_ERROR at https://www.justdial.com/All-Cities/Sunderlal+Jain+Hospital-Hospital/nct-11109123
Call log:
  - navigating to "https://www.justdial.com/All-Cities/Sunderlal+Jain+Hospital-Hospital/nct-11109123", waiting until "domcontentloaded"
 (attempt 2/2)
[2026-07-27 19:54:17] INFO | Phase 1 [328/1083]: Central Government Health Dispensary (cghs)
[2026-07-27 19:54:27] WARNING |   Nav error: Page.goto: net::ERR_HTTP2_PROTOCOL_ERROR at https://www.justdial.com/All-Cities/Central+Government+Health+Dispensary+%28cghs%29-Hospital/nct-11109123
Call log:
  - navigating to "https://www.justdial.com/All-Cities/Central+Government+Health+Dispensary+%28cghs%29-Hospital/nct-11109123", waiting until "domcontentloaded"
 (attempt 1/2)
[2026-07-27 19:54:29] WARNING |   Nav error: Page.goto: net::ERR_HTTP2_PROTOCOL_ERROR at https://www.justdial.com/All-Cities/Central+Government+Health+Dispensary+%28cghs%29-Hospital/nct-11109123
Call log:
  - navigating to "https://www.justdial.com/All-Cities/Central+Government+Health+Dispensary+%28cghs%29-Hospital/nct-11109123", waiting until "domcontentloaded"
 (attempt 2/2)
[2026-07-27 19:54:31] INFO | Phase 1 [329/1083]: Polyclinic Timarpur
[2026-07-27 19:54:39] WARNING |   Nav error: Page.goto: net::ERR_HTTP2_PROTOCOL_ERROR at https://www.justdial.com/All-Cities/Polyclinic+Timarpur-Hospital/nct-11109123
Call log:
  - navigating to "https://www.justdial.com/All-Cities/Polyclinic+Timarpur-Hospital/nct-11109123", waiting until "domcontentloaded"
 (attempt 1/2)
[2026-07-27 19:54:42] WARNING |   Nav error: Page.goto: net::ERR_HTTP2_PROTOCOL_ERROR at https://www.justdial.com/All-Cities/Polyclinic+Timarpur-Hospital/nct-11109123
Call log:
  - navigating to "https://www.justdial.com/All-Cities/Polyclinic+Timarpur-Hospital/nct-11109123", waiting until "domcontentloaded"
 (attempt 2/2)
[2026-07-27 19:54:44] INFO | Phase 1 [330/1083]: Balak Ram Hospital
[2026-07-27 19:54:55] WARNING |   Nav error: Page.goto: net::ERR_HTTP2_PROTOCOL_ERROR at https://www.justdial.com/All-Cities/Balak+Ram+Hospital-Hospital/nct-11109123
Call log:
  - navigating to "https://www.justdial.com/All-Cities/Balak+Ram+Hospital-Hospital/nct-11109123", waiting until "domcontentloaded"
 (attempt 1/2)
[2026-07-27 19:54:57] WARNING |   Nav error: Page.goto: net::ERR_HTTP2_PROTOCOL_ERROR at https://www.justdial.com/All-Cities/Balak+Ram+Hospital-Hospital/nct-11109123
Call log:
  - navigating to "https://www.justdial.com/All-Cities/Balak+Ram+Hospital-Hospital/nct-11109123", waiting until "domcontentloaded"
 (attempt 2/2)
[2026-07-27 19:54:58] INFO | Phase 1 [331/1083]: Sushruta Trauma Centre
[2026-07-27 19:55:08] WARNING |   Nav error: Page.goto: net::ERR_HTTP2_PROTOCOL_ERROR at https://www.justdial.com/All-Cities/Sushruta+Trauma+Centre-Hospital/nct-11109123
Call log:
  - navigating to "https://www.justdial.com/All-Cities/Sushruta+Trauma+Centre-Hospital/nct-11109123", waiting until "domcontentloaded"
 (attempt 1/2)
[2026-07-27 19:55:10] WARNING |   Nav error: Page.goto: net::ERR_HTTP2_PROTOCOL_ERROR at https://www.justdial.com/All-Cities/Sushruta+Trauma+Centre-Hospital/nct-11109123
Call log:
  - navigating to "https://www.justdial.com/All-Cities/Sushruta+Trauma+Centre-Hospital/nct-11109123", waiting until "domcontentloaded"
 (attempt 2/2)
[2026-07-27 19:55:12] INFO | Phase 1 [332/1083]: Central Government Health Scheme Dispensary (CGHS)
[2026-07-27 19:55:23] WARNING |   Nav error: Page.goto: net::ERR_HTTP2_PROTOCOL_ERROR at https://www.justdial.com/All-Cities/Central+Government+Health+Scheme+Dispensary+%28CGHS%29-Hospital/nct-11109123
Call log:
  - navigating to "https://www.justdial.com/All-Cities/Central+Government+Health+Scheme+Dispensary+%28CGHS%29-Hospital/nct-11109123", waiting until "domcontentloaded"
 (attempt 1/2)
[2026-07-27 19:55:25] WARNING |   Nav error: Page.goto: net::ERR_HTTP2_PROTOCOL_ERROR at https://www.justdial.com/All-Cities/Central+Government+Health+Scheme+Dispensary+%28CGHS%29-Hospital/nct-11109123
Call log:
  - navigating to "https://www.justdial.com/All-Cities/Central+Government+Health+Scheme+Dispensary+%28CGHS%29-Hospital/nct-11109123", waiting until "domcontentloaded"
 (attempt 2/2)
[2026-07-27 19:55:27] INFO | Phase 1 [333/1083]: Muskan Hospital
[2026-07-27 19:55:37] WARNING |   Nav error: Page.goto: net::ERR_HTTP2_PROTOCOL_ERROR at https://www.justdial.com/All-Cities/Muskan+Hospital-Hospital/nct-11109123
Call log:
  - navigating to "https://www.justdial.com/All-Cities/Muskan+Hospital-Hospital/nct-11109123", waiting until "domcontentloaded"
 (attempt 1/2)
[2026-07-27 19:55:40] WARNING |   Nav error: Page.goto: net::ERR_HTTP2_PROTOCOL_ERROR at https://www.justdial.com/All-Cities/Muskan+Hospital-Hospital/nct-11109123
Call log:
  - navigating to "https://www.justdial.com/All-Cities/Muskan+Hospital-Hospital/nct-11109123", waiting until "domcontentloaded"
 (attempt 2/2)
[2026-07-27 19:55:42] INFO | Phase 1 [334/1083]: homio Doctor
[2026-07-27 19:55:52] WARNING |   Nav error: Page.goto: net::ERR_HTTP2_PROTOCOL_ERROR at https://www.justdial.com/All-Cities/homio+Doctor-Hospital/nct-11109123
Call log:
  - navigating to "https://www.justdial.com/All-Cities/homio+Doctor-Hospital/nct-11109123", waiting until "domcontentloaded"
 (attempt 1/2)
[2026-07-27 19:55:54] WARNING |   Nav error: Page.goto: net::ERR_HTTP2_PROTOCOL_ERROR at https://www.justdial.com/All-Cities/homio+Doctor-Hospital/nct-11109123
Call log:
  - navigating to "https://www.justdial.com/All-Cities/homio+Doctor-Hospital/nct-11109123", waiting until "domcontentloaded"
 (attempt 2/2)
[2026-07-27 19:55:56] INFO | Phase 1 [335/1083]: MCD Hospital
[2026-07-27 19:56:06] WARNING |   Nav error: Page.goto: net::ERR_HTTP2_PROTOCOL_ERROR at https://www.justdial.com/All-Cities/MCD+Hospital-Hospital/nct-11109123
Call log:
  - navigating to "https://www.justdial.com/All-Cities/MCD+Hospital-Hospital/nct-11109123", waiting until "domcontentloaded"
 (attempt 1/2)
[2026-07-27 19:56:08] WARNING |   Nav error: Page.goto: net::ERR_HTTP2_PROTOCOL_ERROR at https://www.justdial.com/All-Cities/MCD+Hospital-Hospital/nct-11109123
Call log:
  - navigating to "https://www.justdial.com/All-Cities/MCD+Hospital-Hospital/nct-11109123", waiting until "domcontentloaded"
 (attempt 2/2)
[2026-07-27 19:56:10] INFO | Phase 1 [336/1083]: Sharma & Associates
[2026-07-27 19:56:19] WARNING |   Nav error: Page.goto: net::ERR_HTTP2_PROTOCOL_ERROR at https://www.justdial.com/All-Cities/Sharma+%26+Associates-Hospital/nct-11109123
Call log:
  - navigating to "https://www.justdial.com/All-Cities/Sharma+%26+Associates-Hospital/nct-11109123", waiting until "domcontentloaded"
 (attempt 1/2)
[2026-07-27 19:56:22] WARNING |   Nav error: Page.goto: net::ERR_HTTP2_PROTOCOL_ERROR at https://www.justdial.com/All-Cities/Sharma+%26+Associates-Hospital/nct-11109123
Call log:
  - navigating to "https://www.justdial.com/All-Cities/Sharma+%26+Associates-Hospital/nct-11109123", waiting until "domcontentloaded"
 (attempt 2/2)
[2026-07-27 19:56:23] INFO | Phase 1 [337/1083]: Malhotra Clinic
[2026-07-27 19:56:33] WARNING |   Nav error: Page.goto: net::ERR_HTTP2_PROTOCOL_ERROR at https://www.justdial.com/All-Cities/Malhotra+Clinic-Hospital/nct-11109123
Call log:
  - navigating to "https://www.justdial.com/All-Cities/Malhotra+Clinic-Hospital/nct-11109123", waiting until "domcontentloaded"
 (attempt 1/2)
[2026-07-27 19:56:35] WARNING |   Nav error: Page.goto: net::ERR_HTTP2_PROTOCOL_ERROR at https://www.justdial.com/All-Cities/Malhotra+Clinic-Hospital/nct-11109123
Call log:
  - navigating to "https://www.justdial.com/All-Cities/Malhotra+Clinic-Hospital/nct-11109123", waiting until "domcontentloaded"
 (attempt 2/2)
[2026-07-27 19:56:37] INFO | Phase 1 [338/1083]: Raj Medical Center Yamuna Vihar
[2026-07-27 19:56:47] WARNING |   Nav error: Page.goto: net::ERR_HTTP2_PROTOCOL_ERROR at https://www.justdial.com/All-Cities/Raj+Medical+Center+Yamuna+Vihar-Hospital/nct-11109123
Call log:
  - navigating to "https://www.justdial.com/All-Cities/Raj+Medical+Center+Yamuna+Vihar-Hospital/nct-11109123", waiting until "domcontentloaded"
 (attempt 1/2)
[2026-07-27 19:56:50] WARNING |   Nav error: Page.goto: net::ERR_HTTP2_PROTOCOL_ERROR at https://www.justdial.com/All-Cities/Raj+Medical+Center+Yamuna+Vihar-Hospital/nct-11109123
Call log:
  - navigating to "https://www.justdial.com/All-Cities/Raj+Medical+Center+Yamuna+Vihar-Hospital/nct-11109123", waiting until "domcontentloaded"
 (attempt 2/2)
[2026-07-27 19:56:51] INFO | Phase 1 [339/1083]: Nilkant Daigonistic Centre And Clinik
[2026-07-27 19:57:01] WARNING |   Nav error: Page.goto: net::ERR_HTTP2_PROTOCOL_ERROR at https://www.justdial.com/All-Cities/Nilkant+Daigonistic+Centre+And+Clinik-Hospital/nct-11109123
Call log:
  - navigating to "https://www.justdial.com/All-Cities/Nilkant+Daigonistic+Centre+And+Clinik-Hospital/nct-11109123", waiting until "domcontentloaded"
 (attempt 1/2)
[2026-07-27 19:57:03] WARNING |   Nav error: Page.goto: net::ERR_HTTP2_PROTOCOL_ERROR at https://www.justdial.com/All-Cities/Nilkant+Daigonistic+Centre+And+Clinik-Hospital/nct-11109123
Call log:
  - navigating to "https://www.justdial.com/All-Cities/Nilkant+Daigonistic+Centre+And+Clinik-Hospital/nct-11109123", waiting until "domcontentloaded"
 (attempt 2/2)
[2026-07-27 19:57:05] INFO | Phase 1 [340/1083]: Sharma Nursing Home
[2026-07-27 19:57:15] WARNING |   Nav error: Page.goto: net::ERR_HTTP2_PROTOCOL_ERROR at https://www.justdial.com/All-Cities/Sharma+Nursing+Home-Hospital/nct-11109123
Call log:
  - navigating to "https://www.justdial.com/All-Cities/Sharma+Nursing+Home-Hospital/nct-11109123", waiting until "domcontentloaded"
 (attempt 1/2)
[2026-07-27 19:57:17] WARNING |   Nav error: Page.goto: net::ERR_HTTP2_PROTOCOL_ERROR at https://www.justdial.com/All-Cities/Sharma+Nursing+Home-Hospital/nct-11109123
Call log:
  - navigating to "https://www.justdial.com/All-Cities/Sharma+Nursing+Home-Hospital/nct-11109123", waiting until "domcontentloaded"
 (attempt 2/2)
[2026-07-27 19:57:18] INFO | Phase 1 [341/1083]: Roopali Medical Centre Pvt. Ltd.
[2026-07-27 19:57:27] WARNING |   Nav error: Page.goto: net::ERR_HTTP2_PROTOCOL_ERROR at https://www.justdial.com/All-Cities/Roopali+Medical+Centre+Pvt.+Ltd.-Hospital/nct-11109123
Call log:
  - navigating to "https://www.justdial.com/All-Cities/Roopali+Medical+Centre+Pvt.+Ltd.-Hospital/nct-11109123", waiting until "domcontentloaded"
 (attempt 1/2)
[2026-07-27 19:57:29] WARNING |   Nav error: Page.goto: net::ERR_HTTP2_PROTOCOL_ERROR at https://www.justdial.com/All-Cities/Roopali+Medical+Centre+Pvt.+Ltd.-Hospital/nct-11109123
Call log:
  - navigating to "https://www.justdial.com/All-Cities/Roopali+Medical+Centre+Pvt.+Ltd.-Hospital/nct-11109123", waiting until "domcontentloaded"
 (attempt 2/2)
[2026-07-27 19:57:31] INFO | Phase 1 [342/1083]: Mohan Nursing Home And Hospital
[2026-07-27 19:57:42] WARNING |   Nav error: Page.goto: net::ERR_HTTP2_PROTOCOL_ERROR at https://www.justdial.com/All-Cities/Mohan+Nursing+Home+And+Hospital-Hospital/nct-11109123
Call log:
  - navigating to "https://www.justdial.com/All-Cities/Mohan+Nursing+Home+And+Hospital-Hospital/nct-11109123", waiting until "domcontentloaded"
 (attempt 1/2)
[2026-07-27 19:57:44] WARNING |   Nav error: Page.goto: net::ERR_HTTP2_PROTOCOL_ERROR at https://www.justdial.com/All-Cities/Mohan+Nursing+Home+And+Hospital-Hospital/nct-11109123
Call log:
  - navigating to "https://www.justdial.com/All-Cities/Mohan+Nursing+Home+And+Hospital-Hospital/nct-11109123", waiting until "domcontentloaded"
 (attempt 2/2)
[2026-07-27 19:57:47] INFO | Phase 1 [343/1083]: Dr Chaudhry s Moral Hospital in Yamuna Vihar Delhi
[2026-07-27 19:57:56] WARNING |   Nav error: Page.goto: net::ERR_HTTP2_PROTOCOL_ERROR at https://www.justdial.com/All-Cities/Dr+Chaudhry+s+Moral+Hospital+in+Yamuna+Vihar+Delhi-Hospital/nct-11109123
Call log:
  - navigating to "https://www.justdial.com/All-Cities/Dr+Chaudhry+s+Moral+Hospital+in+Yamuna+Vihar+Delhi-Hospital/nct-11109123", waiting until "domcontentloaded"
 (attempt 1/2)
[2026-07-27 19:57:58] WARNING |   Nav error: Page.goto: net::ERR_HTTP2_PROTOCOL_ERROR at https://www.justdial.com/All-Cities/Dr+Chaudhry+s+Moral+Hospital+in+Yamuna+Vihar+Delhi-Hospital/nct-11109123
Call log:
  - navigating to "https://www.justdial.com/All-Cities/Dr+Chaudhry+s+Moral+Hospital+in+Yamuna+Vihar+Delhi-Hospital/nct-11109123", waiting until "domcontentloaded"
 (attempt 2/2)
[2026-07-27 19:58:00] INFO | Phase 1 [344/1083]: North Delhi Nursing Home Pvt Ltd
[2026-07-27 19:58:10] WARNING |   Nav error: Page.goto: net::ERR_HTTP2_PROTOCOL_ERROR at https://www.justdial.com/All-Cities/North+Delhi+Nursing+Home+Pvt+Ltd-Hospital/nct-11109123
Call log:
  - navigating to "https://www.justdial.com/All-Cities/North+Delhi+Nursing+Home+Pvt+Ltd-Hospital/nct-11109123", waiting until "domcontentloaded"
 (attempt 1/2)
[2026-07-27 19:58:12] WARNING |   Nav error: Page.goto: net::ERR_HTTP2_PROTOCOL_ERROR at https://www.justdial.com/All-Cities/North+Delhi+Nursing+Home+Pvt+Ltd-Hospital/nct-11109123
Call log:
  - navigating to "https://www.justdial.com/All-Cities/North+Delhi+Nursing+Home+Pvt+Ltd-Hospital/nct-11109123", waiting until "domcontentloaded"
 (attempt 2/2)
[2026-07-27 19:58:14] INFO | Phase 1 [345/1083]: Dr R B mittal
[2026-07-27 19:58:23] WARNING |   Nav error: Page.goto: net::ERR_HTTP2_PROTOCOL_ERROR at https://www.justdial.com/All-Cities/Dr+R+B+mittal-Hospital/nct-11109123
Call log:
  - navigating to "https://www.justdial.com/All-Cities/Dr+R+B+mittal-Hospital/nct-11109123", waiting until "domcontentloaded"
 (attempt 1/2)
[2026-07-27 19:58:25] WARNING |   Nav error: Page.goto: net::ERR_HTTP2_PROTOCOL_ERROR at https://www.justdial.com/All-Cities/Dr+R+B+mittal-Hospital/nct-11109123
Call log:
  - navigating to "https://www.justdial.com/All-Cities/Dr+R+B+mittal-Hospital/nct-11109123", waiting until "domcontentloaded"
 (attempt 2/2)
[2026-07-27 19:58:27] INFO | Phase 1 [346/1083]: Pentamed Hospital
[2026-07-27 19:58:37] WARNING |   Nav error: Page.goto: net::ERR_HTTP2_PROTOCOL_ERROR at https://www.justdial.com/All-Cities/Pentamed+Hospital-Hospital/nct-11109123
Call log:
  - navigating to "https://www.justdial.com/All-Cities/Pentamed+Hospital-Hospital/nct-11109123", waiting until "domcontentloaded"
 (attempt 1/2)
[2026-07-27 19:58:39] WARNING |   Nav error: Page.goto: net::ERR_HTTP2_PROTOCOL_ERROR at https://www.justdial.com/All-Cities/Pentamed+Hospital-Hospital/nct-11109123
Call log:
  - navigating to "https://www.justdial.com/All-Cities/Pentamed+Hospital-Hospital/nct-11109123", waiting until "domcontentloaded"
 (attempt 2/2)
[2026-07-27 19:58:41] INFO | Phase 1 [347/1083]: Rg Navjeevan Hospital
[2026-07-27 19:58:52] WARNING |   Nav error: Page.goto: net::ERR_HTTP2_PROTOCOL_ERROR at https://www.justdial.com/All-Cities/Rg+Navjeevan+Hospital-Hospital/nct-11109123
Call log:
  - navigating to "https://www.justdial.com/All-Cities/Rg+Navjeevan+Hospital-Hospital/nct-11109123", waiting until "domcontentloaded"
 (attempt 1/2)
[2026-07-27 19:58:54] WARNING |   Nav error: Page.goto: net::ERR_HTTP2_PROTOCOL_ERROR at https://www.justdial.com/All-Cities/Rg+Navjeevan+Hospital-Hospital/nct-11109123
Call log:
  - navigating to "https://www.justdial.com/All-Cities/Rg+Navjeevan+Hospital-Hospital/nct-11109123", waiting until "domcontentloaded"
 (attempt 2/2)
[2026-07-27 19:58:56] INFO | Phase 1 [348/1083]: Goyal Hospital & Urology Centre
[2026-07-27 19:59:15] WARNING |   Nav error: Page.goto: net::ERR_HTTP2_PROTOCOL_ERROR at https://www.justdial.com/All-Cities/Goyal+Hospital+%26+Urology+Centre-Hospital/nct-11109123
Call log:
  - navigating to "https://www.justdial.com/All-Cities/Goyal+Hospital+%26+Urology+Centre-Hospital/nct-11109123", waiting until "domcontentloaded"
 (attempt 1/2)
[2026-07-27 19:59:17] WARNING |   Nav error: Page.goto: net::ERR_HTTP2_PROTOCOL_ERROR at https://www.justdial.com/All-Cities/Goyal+Hospital+%26+Urology+Centre-Hospital/nct-11109123
Call log:
  - navigating to "https://www.justdial.com/All-Cities/Goyal+Hospital+%26+Urology+Centre-Hospital/nct-11109123", waiting until "domcontentloaded"
 (attempt 2/2)
[2026-07-27 19:59:18] INFO | Phase 1 [349/1083]: Shri Ram Singh Hospital
[2026-07-27 19:59:30] WARNING |   Nav error: Page.goto: net::ERR_HTTP2_PROTOCOL_ERROR at https://www.justdial.com/All-Cities/Shri+Ram+Singh+Hospital-Hospital/nct-11109123
Call log:
  - navigating to "https://www.justdial.com/All-Cities/Shri+Ram+Singh+Hospital-Hospital/nct-11109123", waiting until "domcontentloaded"
 (attempt 1/2)
[2026-07-27 19:59:32] WARNING |   Nav error: Page.goto: net::ERR_HTTP2_PROTOCOL_ERROR at https://www.justdial.com/All-Cities/Shri+Ram+Singh+Hospital-Hospital/nct-11109123
Call log:
  - navigating to "https://www.justdial.com/All-Cities/Shri+Ram+Singh+Hospital-Hospital/nct-11109123", waiting until "domcontentloaded"
 (attempt 2/2)
[2026-07-27 19:59:34] INFO | Phase 1 [350/1083]: K K Surgical and Maternity Centre
[2026-07-27 19:59:44] WARNING |   Nav error: Page.goto: net::ERR_HTTP2_PROTOCOL_ERROR at https://www.justdial.com/All-Cities/K+K+Surgical+and+Maternity+Centre-Hospital/nct-11109123
Call log:
  - navigating to "https://www.justdial.com/All-Cities/K+K+Surgical+and+Maternity+Centre-Hospital/nct-11109123", waiting until "domcontentloaded"
 (attempt 1/2)
[2026-07-27 19:59:47] WARNING |   Nav error: Page.goto: net::ERR_HTTP2_PROTOCOL_ERROR at https://www.justdial.com/All-Cities/K+K+Surgical+and+Maternity+Centre-Hospital/nct-11109123
Call log:
  - navigating to "https://www.justdial.com/All-Cities/K+K+Surgical+and+Maternity+Centre-Hospital/nct-11109123", waiting until "domcontentloaded"
 (attempt 2/2)
[2026-07-27 19:59:49] INFO | Phase 1 [351/1083]: Swami Dayanand Hospital(General Hospital)
[2026-07-27 19:59:59] WARNING |   Nav error: Page.goto: net::ERR_HTTP2_PROTOCOL_ERROR at https://www.justdial.com/All-Cities/Swami+Dayanand+Hospital%28General+Hospital%29-Hospital/nct-11109123
Call log:
  - navigating to "https://www.justdial.com/All-Cities/Swami+Dayanand+Hospital%28General+Hospital%29-Hospital/nct-11109123", waiting until "domcontentloaded"
 (attempt 1/2)
[2026-07-27 20:00:01] WARNING |   Nav error: Page.goto: net::ERR_HTTP2_PROTOCOL_ERROR at https://www.justdial.com/All-Cities/Swami+Dayanand+Hospital%28General+Hospital%29-Hospital/nct-11109123
Call log:
  - navigating to "https://www.justdial.com/All-Cities/Swami+Dayanand+Hospital%28General+Hospital%29-Hospital/nct-11109123", waiting until "domcontentloaded"
 (attempt 2/2)
[2026-07-27 20:00:03] INFO | Phase 1 [352/1083]: DGD Mukesh Nagar
[2026-07-27 20:00:13] WARNING |   Nav error: Page.goto: net::ERR_HTTP2_PROTOCOL_ERROR at https://www.justdial.com/All-Cities/DGD+Mukesh+Nagar-Hospital/nct-11109123
Call log:
  - navigating to "https://www.justdial.com/All-Cities/DGD+Mukesh+Nagar-Hospital/nct-11109123", waiting until "domcontentloaded"
 (attempt 1/2)
[2026-07-27 20:00:15] WARNING |   Nav error: Page.goto: net::ERR_HTTP2_PROTOCOL_ERROR at https://www.justdial.com/All-Cities/DGD+Mukesh+Nagar-Hospital/nct-11109123
Call log:
  - navigating to "https://www.justdial.com/All-Cities/DGD+Mukesh+Nagar-Hospital/nct-11109123", waiting until "domcontentloaded"
 (attempt 2/2)
[2026-07-27 20:00:17] INFO | Phase 1 [353/1083]: samra hospital
[2026-07-27 20:00:29] WARNING |   Nav error: Page.goto: net::ERR_HTTP2_PROTOCOL_ERROR at https://www.justdial.com/All-Cities/samra+hospital-Hospital/nct-11109123
Call log:
  - navigating to "https://www.justdial.com/All-Cities/samra+hospital-Hospital/nct-11109123", waiting until "domcontentloaded"
 (attempt 1/2)
[2026-07-27 20:00:31] WARNING |   Nav error: Page.goto: net::ERR_HTTP2_PROTOCOL_ERROR at https://www.justdial.com/All-Cities/samra+hospital-Hospital/nct-11109123
Call log:
  - navigating to "https://www.justdial.com/All-Cities/samra+hospital-Hospital/nct-11109123", waiting until "domcontentloaded"
 (attempt 2/2)
[2026-07-27 20:00:33] INFO | Phase 1 [354/1083]: Dr. Hedgewar Arogya Sansthan
[2026-07-27 20:00:43] WARNING |   Nav error: Page.goto: net::ERR_HTTP2_PROTOCOL_ERROR at https://www.justdial.com/All-Cities/Dr.+Hedgewar+Arogya+Sansthan-Hospital/nct-11109123
Call log:
  - navigating to "https://www.justdial.com/All-Cities/Dr.+Hedgewar+Arogya+Sansthan-Hospital/nct-11109123", waiting until "domcontentloaded"
 (attempt 1/2)
[2026-07-27 20:00:45] WARNING |   Nav error: Page.goto: net::ERR_HTTP2_PROTOCOL_ERROR at https://www.justdial.com/All-Cities/Dr.+Hedgewar+Arogya+Sansthan-Hospital/nct-11109123
Call log:
  - navigating to "https://www.justdial.com/All-Cities/Dr.+Hedgewar+Arogya+Sansthan-Hospital/nct-11109123", waiting until "domcontentloaded"
 (attempt 2/2)
[2026-07-27 20:00:47] INFO | Phase 1 [355/1083]: Aam Aadmi Polyclinic
[2026-07-27 20:00:58] WARNING |   Nav error: Page.goto: net::ERR_HTTP2_PROTOCOL_ERROR at https://www.justdial.com/All-Cities/Aam+Aadmi+Polyclinic-Hospital/nct-11109123
Call log:
  - navigating to "https://www.justdial.com/All-Cities/Aam+Aadmi+Polyclinic-Hospital/nct-11109123", waiting until "domcontentloaded"
 (attempt 1/2)
[2026-07-27 20:01:02] WARNING |   Nav error: Page.goto: net::ERR_HTTP2_PROTOCOL_ERROR at https://www.justdial.com/All-Cities/Aam+Aadmi+Polyclinic-Hospital/nct-11109123
Call log:
  - navigating to "https://www.justdial.com/All-Cities/Aam+Aadmi+Polyclinic-Hospital/nct-11109123", waiting until "domcontentloaded"
 (attempt 2/2)
[2026-07-27 20:01:04] INFO | Phase 1 [356/1083]: Delhi Children Hospital
[2026-07-27 20:01:13] WARNING |   Nav error: Page.goto: net::ERR_HTTP2_PROTOCOL_ERROR at https://www.justdial.com/All-Cities/Delhi+Children+Hospital-Hospital/nct-11109123
Call log:
  - navigating to "https://www.justdial.com/All-Cities/Delhi+Children+Hospital-Hospital/nct-11109123", waiting until "domcontentloaded"
 (attempt 1/2)
[2026-07-27 20:01:15] WARNING |   Nav error: Page.goto: net::ERR_HTTP2_PROTOCOL_ERROR at https://www.justdial.com/All-Cities/Delhi+Children+Hospital-Hospital/nct-11109123
Call log:
  - navigating to "https://www.justdial.com/All-Cities/Delhi+Children+Hospital-Hospital/nct-11109123", waiting until "domcontentloaded"
 (attempt 2/2)
[2026-07-27 20:01:17] INFO | Phase 1 [357/1083]: SHIVANI MATERNITY AND ULTRASOUND CENTRE
[2026-07-27 20:01:27] WARNING |   Nav error: Page.goto: net::ERR_HTTP2_PROTOCOL_ERROR at https://www.justdial.com/All-Cities/SHIVANI+MATERNITY+AND+ULTRASOUND+CENTRE-Hospital/nct-11109123
Call log:
  - navigating to "https://www.justdial.com/All-Cities/SHIVANI+MATERNITY+AND+ULTRASOUND+CENTRE-Hospital/nct-11109123", waiting until "domcontentloaded"
 (attempt 1/2)
[2026-07-27 20:01:29] WARNING |   Nav error: Page.goto: net::ERR_HTTP2_PROTOCOL_ERROR at https://www.justdial.com/All-Cities/SHIVANI+MATERNITY+AND+ULTRASOUND+CENTRE-Hospital/nct-11109123
Call log:
  - navigating to "https://www.justdial.com/All-Cities/SHIVANI+MATERNITY+AND+ULTRASOUND+CENTRE-Hospital/nct-11109123", waiting until "domcontentloaded"
 (attempt 2/2)
[2026-07-27 20:01:31] INFO | Phase 1 [358/1083]: Goyal Medicare Centre
[2026-07-27 20:01:44] WARNING |   Nav error: Page.goto: net::ERR_HTTP2_PROTOCOL_ERROR at https://www.justdial.com/All-Cities/Goyal+Medicare+Centre-Hospital/nct-11109123
Call log:
  - navigating to "https://www.justdial.com/All-Cities/Goyal+Medicare+Centre-Hospital/nct-11109123", waiting until "domcontentloaded"
 (attempt 1/2)
[2026-07-27 20:01:46] WARNING |   Nav error: Page.goto: net::ERR_HTTP2_PROTOCOL_ERROR at https://www.justdial.com/All-Cities/Goyal+Medicare+Centre-Hospital/nct-11109123
Call log:
  - navigating to "https://www.justdial.com/All-Cities/Goyal+Medicare+Centre-Hospital/nct-11109123", waiting until "domcontentloaded"
 (attempt 2/2)
[2026-07-27 20:01:48] INFO | Phase 1 [359/1083]: ECHS Polyclinic East Delhi Shahdara
[2026-07-27 20:01:57] WARNING |   Nav error: Page.goto: net::ERR_HTTP2_PROTOCOL_ERROR at https://www.justdial.com/All-Cities/ECHS+Polyclinic+East+Delhi+Shahdara-Hospital/nct-11109123
Call log:
  - navigating to "https://www.justdial.com/All-Cities/ECHS+Polyclinic+East+Delhi+Shahdara-Hospital/nct-11109123", waiting until "domcontentloaded"
 (attempt 1/2)
[2026-07-27 20:01:59] WARNING |   Nav error: Page.goto: net::ERR_HTTP2_PROTOCOL_ERROR at https://www.justdial.com/All-Cities/ECHS+Polyclinic+East+Delhi+Shahdara-Hospital/nct-11109123
Call log:
  - navigating to "https://www.justdial.com/All-Cities/ECHS+Polyclinic+East+Delhi+Shahdara-Hospital/nct-11109123", waiting until "domcontentloaded"
 (attempt 2/2)
[2026-07-27 20:02:02] INFO | Phase 1 [360/1083]: Jyoti Clinic & Nursing Home | Hospital In shahdara | Delhi
[2026-07-27 20:02:16] WARNING |   Nav error: Page.goto: net::ERR_HTTP2_PROTOCOL_ERROR at https://www.justdial.com/All-Cities/Jyoti+Clinic+%26+Nursing+Home+%7C+Hospital+In+shahdara+%7C+Delhi-Hospital/nct-11109123
Call log:
  - navigating to "https://www.justdial.com/All-Cities/Jyoti+Clinic+%26+Nursing+Home+%7C+Hospital+In+shahdara+%7C+Delhi-Hospital/nct-11109123", waiting until "domcontentloaded"
 (attempt 1/2)
[2026-07-27 20:02:18] WARNING |   Nav error: Page.goto: net::ERR_HTTP2_PROTOCOL_ERROR at https://www.justdial.com/All-Cities/Jyoti+Clinic+%26+Nursing+Home+%7C+Hospital+In+shahdara+%7C+Delhi-Hospital/nct-11109123
Call log:
  - navigating to "https://www.justdial.com/All-Cities/Jyoti+Clinic+%26+Nursing+Home+%7C+Hospital+In+shahdara+%7C+Delhi-Hospital/nct-11109123", waiting until "domcontentloaded"
 (attempt 2/2)
[2026-07-27 20:02:20] INFO | Phase 1 [361/1083]: Sherwani Cheritable Hospital
[2026-07-27 20:02:30] WARNING |   Nav error: Page.goto: net::ERR_HTTP2_PROTOCOL_ERROR at https://www.justdial.com/All-Cities/Sherwani+Cheritable+Hospital-Hospital/nct-11109123
Call log:
  - navigating to "https://www.justdial.com/All-Cities/Sherwani+Cheritable+Hospital-Hospital/nct-11109123", waiting until "domcontentloaded"
 (attempt 1/2)
[2026-07-27 20:02:32] WARNING |   Nav error: Page.goto: net::ERR_HTTP2_PROTOCOL_ERROR at https://www.justdial.com/All-Cities/Sherwani+Cheritable+Hospital-Hospital/nct-11109123
Call log:
  - navigating to "https://www.justdial.com/All-Cities/Sherwani+Cheritable+Hospital-Hospital/nct-11109123", waiting until "domcontentloaded"
 (attempt 2/2)
[2026-07-27 20:02:34] INFO | Phase 1 [362/1083]: CM Patel Hospital - Best Hospital in Shahdara
[2026-07-27 20:02:46] WARNING |   Nav error: Page.goto: net::ERR_HTTP2_PROTOCOL_ERROR at https://www.justdial.com/All-Cities/CM+Patel+Hospital+-+Best+Hospital+in+Shahdara-Hospital/nct-11109123
Call log:
  - navigating to "https://www.justdial.com/All-Cities/CM+Patel+Hospital+-+Best+Hospital+in+Shahdara-Hospital/nct-11109123", waiting until "domcontentloaded"
 (attempt 1/2)
[2026-07-27 20:02:48] WARNING |   Nav error: Page.goto: net::ERR_HTTP2_PROTOCOL_ERROR at https://www.justdial.com/All-Cities/CM+Patel+Hospital+-+Best+Hospital+in+Shahdara-Hospital/nct-11109123
Call log:
  - navigating to "https://www.justdial.com/All-Cities/CM+Patel+Hospital+-+Best+Hospital+in+Shahdara-Hospital/nct-11109123", waiting until "domcontentloaded"
 (attempt 2/2)
[2026-07-27 20:02:50] INFO | Phase 1 [363/1083]: Mahalakshmi Hospital
[2026-07-27 20:03:00] WARNING |   Nav error: Page.goto: net::ERR_HTTP2_PROTOCOL_ERROR at https://www.justdial.com/All-Cities/Mahalakshmi+Hospital-Hospital/nct-11109123
Call log:
  - navigating to "https://www.justdial.com/All-Cities/Mahalakshmi+Hospital-Hospital/nct-11109123", waiting until "domcontentloaded"
 (attempt 1/2)
[2026-07-27 20:03:02] WARNING |   Nav error: Page.goto: net::ERR_HTTP2_PROTOCOL_ERROR at https://www.justdial.com/All-Cities/Mahalakshmi+Hospital-Hospital/nct-11109123
Call log:
  - navigating to "https://www.justdial.com/All-Cities/Mahalakshmi+Hospital-Hospital/nct-11109123", waiting until "domcontentloaded"
 (attempt 2/2)
[2026-07-27 20:03:03] INFO | Phase 1 [364/1083]: East Delhi Medical Centre
[2026-07-27 20:03:14] WARNING |   Nav error: Page.goto: net::ERR_HTTP2_PROTOCOL_ERROR at https://www.justdial.com/All-Cities/East+Delhi+Medical+Centre-Hospital/nct-11109123
Call log:
  - navigating to "https://www.justdial.com/All-Cities/East+Delhi+Medical+Centre-Hospital/nct-11109123", waiting until "domcontentloaded"
 (attempt 1/2)
[2026-07-27 20:03:17] WARNING |   Nav error: Page.goto: net::ERR_HTTP2_PROTOCOL_ERROR at https://www.justdial.com/All-Cities/East+Delhi+Medical+Centre-Hospital/nct-11109123
Call log:
  - navigating to "https://www.justdial.com/All-Cities/East+Delhi+Medical+Centre-Hospital/nct-11109123", waiting until "domcontentloaded"
 (attempt 2/2)
[2026-07-27 20:03:19] INFO | Phase 1 [365/1083]: Oncoplus Super Speciality Hospital
[2026-07-27 20:03:28] WARNING |   Nav error: Page.goto: net::ERR_HTTP2_PROTOCOL_ERROR at https://www.justdial.com/All-Cities/Oncoplus+Super+Speciality+Hospital-Hospital/nct-11109123
Call log:
  - navigating to "https://www.justdial.com/All-Cities/Oncoplus+Super+Speciality+Hospital-Hospital/nct-11109123", waiting until "domcontentloaded"
 (attempt 1/2)
[2026-07-27 20:03:31] WARNING |   Nav error: Page.goto: net::ERR_HTTP2_PROTOCOL_ERROR at https://www.justdial.com/All-Cities/Oncoplus+Super+Speciality+Hospital-Hospital/nct-11109123
Call log:
  - navigating to "https://www.justdial.com/All-Cities/Oncoplus+Super+Speciality+Hospital-Hospital/nct-11109123", waiting until "domcontentloaded"
 (attempt 2/2)
[2026-07-27 20:03:33] INFO | Phase 1 [366/1083]: Vision Eye Centre: Best Eye Hospital in Delhi | Best Eye Specialist in Delhi NCR
[2026-07-27 20:03:42] WARNING |   Nav error: Page.goto: net::ERR_HTTP2_PROTOCOL_ERROR at https://www.justdial.com/All-Cities/Vision+Eye+Centre%3A+Best+Eye+Hospital+in+Delhi+%7C+Best+Eye+Specialist+in+Delhi+NCR-Hospital/nct-11109123
Call log:
  - navigating to "https://www.justdial.com/All-Cities/Vision+Eye+Centre%3A+Best+Eye+Hospital+in+Delhi+%7C+Best+Eye+Specialist+in+Delhi+NCR-Hospital/nct-11109123", waiting until "domcontentloaded"
 (attempt 1/2)
[2026-07-27 20:03:44] WARNING |   Nav error: Page.goto: net::ERR_HTTP2_PROTOCOL_ERROR at https://www.justdial.com/All-Cities/Vision+Eye+Centre%3A+Best+Eye+Hospital+in+Delhi+%7C+Best+Eye+Specialist+in+Delhi+NCR-Hospital/nct-11109123
Call log:
  - navigating to "https://www.justdial.com/All-Cities/Vision+Eye+Centre%3A+Best+Eye+Hospital+in+Delhi+%7C+Best+Eye+Specialist+in+Delhi+NCR-Hospital/nct-11109123", waiting until "domcontentloaded"
 (attempt 2/2)
[2026-07-27 20:03:46] INFO | Phase 1 [367/1083]: Hair transplant
[2026-07-27 20:04:01] WARNING |   Nav error: Page.goto: net::ERR_HTTP2_PROTOCOL_ERROR at https://www.justdial.com/All-Cities/Hair+transplant-Hospital/nct-11109123
Call log:
  - navigating to "https://www.justdial.com/All-Cities/Hair+transplant-Hospital/nct-11109123", waiting until "domcontentloaded"
 (attempt 1/2)
[2026-07-27 20:04:03] WARNING |   Nav error: Page.goto: net::ERR_HTTP2_PROTOCOL_ERROR at https://www.justdial.com/All-Cities/Hair+transplant-Hospital/nct-11109123
Call log:
  - navigating to "https://www.justdial.com/All-Cities/Hair+transplant-Hospital/nct-11109123", waiting until "domcontentloaded"
 (attempt 2/2)
[2026-07-27 20:04:04] INFO | Phase 1 [368/1083]: Dr Lalchandani Labs
[2026-07-27 20:04:14] WARNING |   Nav error: Page.goto: net::ERR_HTTP2_PROTOCOL_ERROR at https://www.justdial.com/All-Cities/Dr+Lalchandani+Labs-Hospital/nct-11109123
Call log:
  - navigating to "https://www.justdial.com/All-Cities/Dr+Lalchandani+Labs-Hospital/nct-11109123", waiting until "domcontentloaded"
 (attempt 1/2)
[2026-07-27 20:04:16] WARNING |   Nav error: Page.goto: net::ERR_HTTP2_PROTOCOL_ERROR at https://www.justdial.com/All-Cities/Dr+Lalchandani+Labs-Hospital/nct-11109123
Call log:
  - navigating to "https://www.justdial.com/All-Cities/Dr+Lalchandani+Labs-Hospital/nct-11109123", waiting until "domcontentloaded"
 (attempt 2/2)
[2026-07-27 20:04:19] INFO | Phase 1 [369/1083]: Skin Institute And School Of Dermatology
[2026-07-27 20:04:29] WARNING |   Nav error: Page.goto: net::ERR_HTTP2_PROTOCOL_ERROR at https://www.justdial.com/All-Cities/Skin+Institute+And+School+Of+Dermatology-Hospital/nct-11109123
Call log:
  - navigating to "https://www.justdial.com/All-Cities/Skin+Institute+And+School+Of+Dermatology-Hospital/nct-11109123", waiting until "domcontentloaded"
 (attempt 1/2)
[2026-07-27 20:04:31] WARNING |   Nav error: Page.goto: net::ERR_HTTP2_PROTOCOL_ERROR at https://www.justdial.com/All-Cities/Skin+Institute+And+School+Of+Dermatology-Hospital/nct-11109123
Call log:
  - navigating to "https://www.justdial.com/All-Cities/Skin+Institute+And+School+Of+Dermatology-Hospital/nct-11109123", waiting until "domcontentloaded"
 (attempt 2/2)
[2026-07-27 20:04:33] INFO | Phase 1 [370/1083]: Behl skin institute
[2026-07-27 20:04:45] WARNING |   Nav error: Page.goto: net::ERR_HTTP2_PROTOCOL_ERROR at https://www.justdial.com/All-Cities/Behl+skin+institute-Hospital/nct-11109123
Call log:
  - navigating to "https://www.justdial.com/All-Cities/Behl+skin+institute-Hospital/nct-11109123", waiting until "domcontentloaded"
 (attempt 1/2)
[2026-07-27 20:04:47] WARNING |   Nav error: Page.goto: net::ERR_HTTP2_PROTOCOL_ERROR at https://www.justdial.com/All-Cities/Behl+skin+institute-Hospital/nct-11109123
Call log:
  - navigating to "https://www.justdial.com/All-Cities/Behl+skin+institute-Hospital/nct-11109123", waiting until "domcontentloaded"
 (attempt 2/2)
[2026-07-27 20:04:50] INFO | Phase 1 [371/1083]: Dr AJ Kanwar AIIMS Top 2% Dermatologist Skin Doctor in the World
[2026-07-27 20:04:59] WARNING |   Nav error: Page.goto: net::ERR_HTTP2_PROTOCOL_ERROR at https://www.justdial.com/All-Cities/Dr+AJ+Kanwar+AIIMS+Top+2%25+Dermatologist+Skin+Doctor+in+the+World-Hospital/nct-11109123
Call log:
  - navigating to "https://www.justdial.com/All-Cities/Dr+AJ+Kanwar+AIIMS+Top+2%25+Dermatologist+Skin+Doctor+in+the+World-Hospital/nct-11109123", waiting until "domcontentloaded"
 (attempt 1/2)
[2026-07-27 20:05:01] WARNING |   Nav error: Page.goto: net::ERR_HTTP2_PROTOCOL_ERROR at https://www.justdial.com/All-Cities/Dr+AJ+Kanwar+AIIMS+Top+2%25+Dermatologist+Skin+Doctor+in+the+World-Hospital/nct-11109123
Call log:
  - navigating to "https://www.justdial.com/All-Cities/Dr+AJ+Kanwar+AIIMS+Top+2%25+Dermatologist+Skin+Doctor+in+the+World-Hospital/nct-11109123", waiting until "domcontentloaded"
 (attempt 2/2)
[2026-07-27 20:05:03] INFO | Phase 1 [372/1083]: Eden Hospital
[2026-07-27 20:05:14] WARNING |   Nav error: Page.goto: net::ERR_HTTP2_PROTOCOL_ERROR at https://www.justdial.com/All-Cities/Eden+Hospital-Hospital/nct-11109123
Call log:
  - navigating to "https://www.justdial.com/All-Cities/Eden+Hospital-Hospital/nct-11109123", waiting until "domcontentloaded"
 (attempt 1/2)
[2026-07-27 20:05:16] WARNING |   Nav error: Page.goto: net::ERR_HTTP2_PROTOCOL_ERROR at https://www.justdial.com/All-Cities/Eden+Hospital-Hospital/nct-11109123
Call log:
  - navigating to "https://www.justdial.com/All-Cities/Eden+Hospital-Hospital/nct-11109123", waiting until "domcontentloaded"
 (attempt 2/2)
[2026-07-27 20:05:18] INFO | Phase 1 [373/1083]: Guru Nanak Medical Center(Charitable)
[2026-07-27 20:05:27] WARNING |   Nav error: Page.goto: net::ERR_HTTP2_PROTOCOL_ERROR at https://www.justdial.com/All-Cities/Guru+Nanak+Medical+Center%28Charitable%29-Hospital/nct-11109123
Call log:
  - navigating to "https://www.justdial.com/All-Cities/Guru+Nanak+Medical+Center%28Charitable%29-Hospital/nct-11109123", waiting until "domcontentloaded"
 (attempt 1/2)
[2026-07-27 20:05:29] WARNING |   Nav error: Page.goto: net::ERR_HTTP2_PROTOCOL_ERROR at https://www.justdial.com/All-Cities/Guru+Nanak+Medical+Center%28Charitable%29-Hospital/nct-11109123
Call log:
  - navigating to "https://www.justdial.com/All-Cities/Guru+Nanak+Medical+Center%28Charitable%29-Hospital/nct-11109123", waiting until "domcontentloaded"
 (attempt 2/2)
[2026-07-27 20:05:31] INFO | Phase 1 [374/1083]: RG Stone Urology & Laparoscopy Hospital
[2026-07-27 20:05:42] WARNING |   Nav error: Page.goto: net::ERR_HTTP2_PROTOCOL_ERROR at https://www.justdial.com/All-Cities/RG+Stone+Urology+%26+Laparoscopy+Hospital-Hospital/nct-11109123
Call log:
  - navigating to "https://www.justdial.com/All-Cities/RG+Stone+Urology+%26+Laparoscopy+Hospital-Hospital/nct-11109123", waiting until "domcontentloaded"
 (attempt 1/2)
[2026-07-27 20:05:44] WARNING |   Nav error: Page.goto: net::ERR_HTTP2_PROTOCOL_ERROR at https://www.justdial.com/All-Cities/RG+Stone+Urology+%26+Laparoscopy+Hospital-Hospital/nct-11109123
Call log:
  - navigating to "https://www.justdial.com/All-Cities/RG+Stone+Urology+%26+Laparoscopy+Hospital-Hospital/nct-11109123", waiting until "domcontentloaded"
 (attempt 2/2)
[2026-07-27 20:05:46] INFO | Phase 1 [375/1083]: The Medicare Centre
[2026-07-27 20:05:56] WARNING |   Nav error: Page.goto: net::ERR_HTTP2_PROTOCOL_ERROR at https://www.justdial.com/All-Cities/The+Medicare+Centre-Hospital/nct-11109123
Call log:
  - navigating to "https://www.justdial.com/All-Cities/The+Medicare+Centre-Hospital/nct-11109123", waiting until "domcontentloaded"
 (attempt 1/2)
[2026-07-27 20:05:58] WARNING |   Nav error: Page.goto: net::ERR_HTTP2_PROTOCOL_ERROR at https://www.justdial.com/All-Cities/The+Medicare+Centre-Hospital/nct-11109123
Call log:
  - navigating to "https://www.justdial.com/All-Cities/The+Medicare+Centre-Hospital/nct-11109123", waiting until "domcontentloaded"
 (attempt 2/2)
[2026-07-27 20:06:00] INFO | Phase 1 [376/1083]: Asian Clinic
[2026-07-27 20:06:09] WARNING |   Nav error: Page.goto: net::ERR_HTTP2_PROTOCOL_ERROR at https://www.justdial.com/All-Cities/Asian+Clinic-Hospital/nct-11109123
Call log:
  - navigating to "https://www.justdial.com/All-Cities/Asian+Clinic-Hospital/nct-11109123", waiting until "domcontentloaded"
 (attempt 1/2)
[2026-07-27 20:06:14] WARNING |   Nav error: Page.goto: net::ERR_HTTP2_PROTOCOL_ERROR at https://www.justdial.com/All-Cities/Asian+Clinic-Hospital/nct-11109123
Call log:
  - navigating to "https://www.justdial.com/All-Cities/Asian+Clinic-Hospital/nct-11109123", waiting until "domcontentloaded"
 (attempt 2/2)
[2026-07-27 20:06:16] INFO | Phase 1 [377/1083]: Mohalla Clinic (AAMC)
[2026-07-27 20:06:25] WARNING |   Nav error: Page.goto: net::ERR_HTTP2_PROTOCOL_ERROR at https://www.justdial.com/All-Cities/Mohalla+Clinic+%28AAMC%29-Hospital/nct-11109123
Call log:
  - navigating to "https://www.justdial.com/All-Cities/Mohalla+Clinic+%28AAMC%29-Hospital/nct-11109123", waiting until "domcontentloaded"
 (attempt 1/2)
[2026-07-27 20:06:27] WARNING |   Nav error: Page.goto: net::ERR_HTTP2_PROTOCOL_ERROR at https://www.justdial.com/All-Cities/Mohalla+Clinic+%28AAMC%29-Hospital/nct-11109123
Call log:
  - navigating to "https://www.justdial.com/All-Cities/Mohalla+Clinic+%28AAMC%29-Hospital/nct-11109123", waiting until "domcontentloaded"
 (attempt 2/2)
[2026-07-27 20:06:29] INFO | Phase 1 [378/1083]: Express Clinics
[2026-07-27 20:06:38] WARNING |   Nav error: Page.goto: net::ERR_HTTP2_PROTOCOL_ERROR at https://www.justdial.com/All-Cities/Express+Clinics-Hospital/nct-11109123
Call log:
  - navigating to "https://www.justdial.com/All-Cities/Express+Clinics-Hospital/nct-11109123", waiting until "domcontentloaded"
 (attempt 1/2)
[2026-07-27 20:06:40] WARNING |   Nav error: Page.goto: net::ERR_HTTP2_PROTOCOL_ERROR at https://www.justdial.com/All-Cities/Express+Clinics-Hospital/nct-11109123
Call log:
  - navigating to "https://www.justdial.com/All-Cities/Express+Clinics-Hospital/nct-11109123", waiting until "domcontentloaded"
 (attempt 2/2)
[2026-07-27 20:06:43] INFO | Phase 1 [379/1083]: SCI IVF Hospital | Best IVF and Surrogacy Clinic in Delhi India
[2026-07-27 20:06:55] WARNING |   Nav error: Page.goto: net::ERR_HTTP2_PROTOCOL_ERROR at https://www.justdial.com/All-Cities/SCI+IVF+Hospital+%7C+Best+IVF+and+Surrogacy+Clinic+in+Delhi+India-Hospital/nct-11109123
Call log:
  - navigating to "https://www.justdial.com/All-Cities/SCI+IVF+Hospital+%7C+Best+IVF+and+Surrogacy+Clinic+in+Delhi+India-Hospital/nct-11109123", waiting until "domcontentloaded"
 (attempt 1/2)
[2026-07-27 20:06:57] WARNING |   Nav error: Page.goto: net::ERR_HTTP2_PROTOCOL_ERROR at https://www.justdial.com/All-Cities/SCI+IVF+Hospital+%7C+Best+IVF+and+Surrogacy+Clinic+in+Delhi+India-Hospital/nct-11109123
Call log:
  - navigating to "https://www.justdial.com/All-Cities/SCI+IVF+Hospital+%7C+Best+IVF+and+Surrogacy+Clinic+in+Delhi+India-Hospital/nct-11109123", waiting until "domcontentloaded"
 (attempt 2/2)
[2026-07-27 20:06:59] INFO | Phase 1 [380/1083]: ISIS IVF Hospital
[2026-07-27 20:07:09] WARNING |   Nav error: Page.goto: net::ERR_HTTP2_PROTOCOL_ERROR at https://www.justdial.com/All-Cities/ISIS+IVF+Hospital-Hospital/nct-11109123
Call log:
  - navigating to "https://www.justdial.com/All-Cities/ISIS+IVF+Hospital-Hospital/nct-11109123", waiting until "domcontentloaded"
 (attempt 1/2)
[2026-07-27 20:07:11] WARNING |   Nav error: Page.goto: net::ERR_HTTP2_PROTOCOL_ERROR at https://www.justdial.com/All-Cities/ISIS+IVF+Hospital-Hospital/nct-11109123
Call log:
  - navigating to "https://www.justdial.com/All-Cities/ISIS+IVF+Hospital-Hospital/nct-11109123", waiting until "domcontentloaded"
 (attempt 2/2)
[2026-07-27 20:07:13] INFO | Phase 1 [381/1083]: Millennium Diagnostics
[2026-07-27 20:07:23] WARNING |   Nav error: Page.goto: net::ERR_HTTP2_PROTOCOL_ERROR at https://www.justdial.com/All-Cities/Millennium+Diagnostics-Hospital/nct-11109123
Call log:
  - navigating to "https://www.justdial.com/All-Cities/Millennium+Diagnostics-Hospital/nct-11109123", waiting until "domcontentloaded"
 (attempt 1/2)
[2026-07-27 20:07:25] WARNING |   Nav error: Page.goto: net::ERR_HTTP2_PROTOCOL_ERROR at https://www.justdial.com/All-Cities/Millennium+Diagnostics-Hospital/nct-11109123
Call log:
  - navigating to "https://www.justdial.com/All-Cities/Millennium+Diagnostics-Hospital/nct-11109123", waiting until "domcontentloaded"
 (attempt 2/2)
[2026-07-27 20:07:27] INFO | Phase 1 [382/1083]: Sama Hospital
[2026-07-27 20:07:36] WARNING |   Nav error: Page.goto: net::ERR_HTTP2_PROTOCOL_ERROR at https://www.justdial.com/All-Cities/Sama+Hospital-Hospital/nct-11109123
Call log:
  - navigating to "https://www.justdial.com/All-Cities/Sama+Hospital-Hospital/nct-11109123", waiting until "domcontentloaded"
 (attempt 1/2)
[2026-07-27 20:07:38] WARNING |   Nav error: Page.goto: net::ERR_HTTP2_PROTOCOL_ERROR at https://www.justdial.com/All-Cities/Sama+Hospital-Hospital/nct-11109123
Call log:
  - navigating to "https://www.justdial.com/All-Cities/Sama+Hospital-Hospital/nct-11109123", waiting until "domcontentloaded"
 (attempt 2/2)
[2026-07-27 20:07:41] INFO | Phase 1 [383/1083]: MP Heart Clinic
[2026-07-27 20:07:50] WARNING |   Nav error: Page.goto: net::ERR_HTTP2_PROTOCOL_ERROR at https://www.justdial.com/All-Cities/MP+Heart+Clinic-Hospital/nct-11109123
Call log:
  - navigating to "https://www.justdial.com/All-Cities/MP+Heart+Clinic-Hospital/nct-11109123", waiting until "domcontentloaded"
 (attempt 1/2)
[2026-07-27 20:07:52] WARNING |   Nav error: Page.goto: net::ERR_HTTP2_PROTOCOL_ERROR at https://www.justdial.com/All-Cities/MP+Heart+Clinic-Hospital/nct-11109123
Call log:
  - navigating to "https://www.justdial.com/All-Cities/MP+Heart+Clinic-Hospital/nct-11109123", waiting until "domcontentloaded"
 (attempt 2/2)
[2026-07-27 20:07:54] INFO | Phase 1 [384/1083]: SISD Skin Hospital
[2026-07-27 20:08:05] WARNING |   Nav error: Page.goto: net::ERR_HTTP2_PROTOCOL_ERROR at https://www.justdial.com/All-Cities/SISD+Skin+Hospital-Hospital/nct-11109123
Call log:
  - navigating to "https://www.justdial.com/All-Cities/SISD+Skin+Hospital-Hospital/nct-11109123", waiting until "domcontentloaded"
 (attempt 1/2)
[2026-07-27 20:08:07] WARNING |   Nav error: Page.goto: net::ERR_HTTP2_PROTOCOL_ERROR at https://www.justdial.com/All-Cities/SISD+Skin+Hospital-Hospital/nct-11109123
Call log:
  - navigating to "https://www.justdial.com/All-Cities/SISD+Skin+Hospital-Hospital/nct-11109123", waiting until "domcontentloaded"
 (attempt 2/2)
[2026-07-27 20:08:09] INFO | Phase 1 [385/1083]: Breathe Right
[2026-07-27 20:08:19] WARNING |   Nav error: Page.goto: net::ERR_HTTP2_PROTOCOL_ERROR at https://www.justdial.com/All-Cities/Breathe+Right-Hospital/nct-11109123
Call log:
  - navigating to "https://www.justdial.com/All-Cities/Breathe+Right-Hospital/nct-11109123", waiting until "domcontentloaded"
 (attempt 1/2)
[2026-07-27 20:08:21] WARNING |   Nav error: Page.goto: net::ERR_HTTP2_PROTOCOL_ERROR at https://www.justdial.com/All-Cities/Breathe+Right-Hospital/nct-11109123
Call log:
  - navigating to "https://www.justdial.com/All-Cities/Breathe+Right-Hospital/nct-11109123", waiting until "domcontentloaded"
 (attempt 2/2)
[2026-07-27 20:08:23] INFO | Phase 1 [386/1083]: Sarvodaya Medicentre
[2026-07-27 20:08:32] WARNING |   Nav error: Page.goto: net::ERR_HTTP2_PROTOCOL_ERROR at https://www.justdial.com/All-Cities/Sarvodaya+Medicentre-Hospital/nct-11109123
Call log:
  - navigating to "https://www.justdial.com/All-Cities/Sarvodaya+Medicentre-Hospital/nct-11109123", waiting until "domcontentloaded"
 (attempt 1/2)
[2026-07-27 20:08:34] WARNING |   Nav error: Page.goto: net::ERR_HTTP2_PROTOCOL_ERROR at https://www.justdial.com/All-Cities/Sarvodaya+Medicentre-Hospital/nct-11109123
Call log:
  - navigating to "https://www.justdial.com/All-Cities/Sarvodaya+Medicentre-Hospital/nct-11109123", waiting until "domcontentloaded"
 (attempt 2/2)
[2026-07-27 20:08:36] INFO | Phase 1 [387/1083]: Khushboo New
[2026-07-27 20:08:46] WARNING |   Nav error: Page.goto: net::ERR_HTTP2_PROTOCOL_ERROR at https://www.justdial.com/All-Cities/Khushboo+New-Hospital/nct-11109123
Call log:
  - navigating to "https://www.justdial.com/All-Cities/Khushboo+New-Hospital/nct-11109123", waiting until "domcontentloaded"
 (attempt 1/2)
[2026-07-27 20:08:48] WARNING |   Nav error: Page.goto: net::ERR_HTTP2_PROTOCOL_ERROR at https://www.justdial.com/All-Cities/Khushboo+New-Hospital/nct-11109123
Call log:
  - navigating to "https://www.justdial.com/All-Cities/Khushboo+New-Hospital/nct-11109123", waiting until "domcontentloaded"
 (attempt 2/2)
[2026-07-27 20:08:51] INFO | Phase 1 [388/1083]: Cloudnine Hospital - Kailash Colony
[2026-07-27 20:09:00] WARNING |   Nav error: Page.goto: net::ERR_HTTP2_PROTOCOL_ERROR at https://www.justdial.com/All-Cities/Cloudnine+Hospital+-+Kailash+Colony-Hospital/nct-11109123
Call log:
  - navigating to "https://www.justdial.com/All-Cities/Cloudnine+Hospital+-+Kailash+Colony-Hospital/nct-11109123", waiting until "domcontentloaded"
 (attempt 1/2)
[2026-07-27 20:09:03] WARNING |   Nav error: Page.goto: net::ERR_HTTP2_PROTOCOL_ERROR at https://www.justdial.com/All-Cities/Cloudnine+Hospital+-+Kailash+Colony-Hospital/nct-11109123
Call log:
  - navigating to "https://www.justdial.com/All-Cities/Cloudnine+Hospital+-+Kailash+Colony-Hospital/nct-11109123", waiting until "domcontentloaded"
 (attempt 2/2)
[2026-07-27 20:09:05] INFO | Phase 1 [389/1083]: Spring Meadows Hospital - Multispeciality Hospital in South Delhi
[2026-07-27 20:09:15] WARNING |   Nav error: Page.goto: net::ERR_HTTP2_PROTOCOL_ERROR at https://www.justdial.com/All-Cities/Spring+Meadows+Hospital+-+Multispeciality+Hospital+in+South+Delhi-Hospital/nct-11109123
Call log:
  - navigating to "https://www.justdial.com/All-Cities/Spring+Meadows+Hospital+-+Multispeciality+Hospital+in+South+Delhi-Hospital/nct-11109123", waiting until "domcontentloaded"
 (attempt 1/2)
[2026-07-27 20:09:17] WARNING |   Nav error: Page.goto: net::ERR_HTTP2_PROTOCOL_ERROR at https://www.justdial.com/All-Cities/Spring+Meadows+Hospital+-+Multispeciality+Hospital+in+South+Delhi-Hospital/nct-11109123
Call log:
  - navigating to "https://www.justdial.com/All-Cities/Spring+Meadows+Hospital+-+Multispeciality+Hospital+in+South+Delhi-Hospital/nct-11109123", waiting until "domcontentloaded"
 (attempt 2/2)
[2026-07-27 20:09:19] INFO | Phase 1 [390/1083]: ANHH
[2026-07-27 20:09:29] WARNING |   Nav error: Page.goto: net::ERR_HTTP2_PROTOCOL_ERROR at https://www.justdial.com/All-Cities/ANHH-Hospital/nct-11109123
Call log:
  - navigating to "https://www.justdial.com/All-Cities/ANHH-Hospital/nct-11109123", waiting until "domcontentloaded"
 (attempt 1/2)
[2026-07-27 20:09:31] WARNING |   Nav error: Page.goto: net::ERR_HTTP2_PROTOCOL_ERROR at https://www.justdial.com/All-Cities/ANHH-Hospital/nct-11109123
Call log:
  - navigating to "https://www.justdial.com/All-Cities/ANHH-Hospital/nct-11109123", waiting until "domcontentloaded"
 (attempt 2/2)
[2026-07-27 20:09:33] INFO | Phase 1 [391/1083]: Apollo Cradle Maternity & Children s Hospital
[2026-07-27 20:09:43] WARNING |   Nav error: Page.goto: net::ERR_HTTP2_PROTOCOL_ERROR at https://www.justdial.com/All-Cities/Apollo+Cradle+Maternity+%26+Children+s+Hospital-Hospital/nct-11109123
Call log:
  - navigating to "https://www.justdial.com/All-Cities/Apollo+Cradle+Maternity+%26+Children+s+Hospital-Hospital/nct-11109123", waiting until "domcontentloaded"
 (attempt 1/2)
[2026-07-27 20:09:45] WARNING |   Nav error: Page.goto: net::ERR_HTTP2_PROTOCOL_ERROR at https://www.justdial.com/All-Cities/Apollo+Cradle+Maternity+%26+Children+s+Hospital-Hospital/nct-11109123
Call log:
  - navigating to "https://www.justdial.com/All-Cities/Apollo+Cradle+Maternity+%26+Children+s+Hospital-Hospital/nct-11109123", waiting until "domcontentloaded"
 (attempt 2/2)
[2026-07-27 20:09:47] INFO | Phase 1 [392/1083]: Agarwal Medical Centre
[2026-07-27 20:09:57] WARNING |   Nav error: Page.goto: net::ERR_HTTP2_PROTOCOL_ERROR at https://www.justdial.com/All-Cities/Agarwal+Medical+Centre-Hospital/nct-11109123
Call log:
  - navigating to "https://www.justdial.com/All-Cities/Agarwal+Medical+Centre-Hospital/nct-11109123", waiting until "domcontentloaded"
 (attempt 1/2)
[2026-07-27 20:09:59] WARNING |   Nav error: Page.goto: net::ERR_HTTP2_PROTOCOL_ERROR at https://www.justdial.com/All-Cities/Agarwal+Medical+Centre-Hospital/nct-11109123
Call log:
  - navigating to "https://www.justdial.com/All-Cities/Agarwal+Medical+Centre-Hospital/nct-11109123", waiting until "domcontentloaded"
 (attempt 2/2)
[2026-07-27 20:10:01] INFO | Phase 1 [393/1083]: SUNWAY MEDICAL CENTRE Delhi- Best Orthopaedic Doctor Joint Replacement Fracture Treatment Spine Doctor in South Delhi
[2026-07-27 20:10:11] WARNING |   Nav error: Page.goto: net::ERR_HTTP2_PROTOCOL_ERROR at https://www.justdial.com/All-Cities/SUNWAY+MEDICAL+CENTRE+Delhi-+Best+Orthopaedic+Doctor+Joint+Replacement+Fracture+Treatment+Spine+Doctor+in+South+Delhi-Hospital/nct-11109123
Call log:
  - navigating to "https://www.justdial.com/All-Cities/SUNWAY+MEDICAL+CENTRE+Delhi-+Best+Orthopaedic+Doctor+Joint+Replacement+Fracture+Treatment+Spine+Doctor+in+South+Delhi-Hospital/nct-11109123", waiting until "domcontentloaded"
 (attempt 1/2)
[2026-07-27 20:10:14] WARNING |   Nav error: Page.goto: net::ERR_HTTP2_PROTOCOL_ERROR at https://www.justdial.com/All-Cities/SUNWAY+MEDICAL+CENTRE+Delhi-+Best+Orthopaedic+Doctor+Joint+Replacement+Fracture+Treatment+Spine+Doctor+in+South+Delhi-Hospital/nct-11109123
Call log:
  - navigating to "https://www.justdial.com/All-Cities/SUNWAY+MEDICAL+CENTRE+Delhi-+Best+Orthopaedic+Doctor+Joint+Replacement+Fracture+Treatment+Spine+Doctor+in+South+Delhi-Hospital/nct-11109123", waiting until "domcontentloaded"
 (attempt 2/2)
[2026-07-27 20:10:16] INFO | Phase 1 [394/1083]: B R clinic
[2026-07-27 20:10:26] WARNING |   Nav error: Page.goto: net::ERR_HTTP2_PROTOCOL_ERROR at https://www.justdial.com/All-Cities/B+R+clinic-Hospital/nct-11109123
Call log:
  - navigating to "https://www.justdial.com/All-Cities/B+R+clinic-Hospital/nct-11109123", waiting until "domcontentloaded"
 (attempt 1/2)
[2026-07-27 20:10:28] WARNING |   Nav error: Page.goto: net::ERR_HTTP2_PROTOCOL_ERROR at https://www.justdial.com/All-Cities/B+R+clinic-Hospital/nct-11109123
Call log:
  - navigating to "https://www.justdial.com/All-Cities/B+R+clinic-Hospital/nct-11109123", waiting until "domcontentloaded"
 (attempt 2/2)
[2026-07-27 20:10:31] INFO | Phase 1 [395/1083]: Mata Gujri Medical Centre
[2026-07-27 20:10:41] WARNING |   Nav error: Page.goto: net::ERR_HTTP2_PROTOCOL_ERROR at https://www.justdial.com/All-Cities/Mata+Gujri+Medical+Centre-Hospital/nct-11109123
Call log:
  - navigating to "https://www.justdial.com/All-Cities/Mata+Gujri+Medical+Centre-Hospital/nct-11109123", waiting until "domcontentloaded"
 (attempt 1/2)
[2026-07-27 20:10:43] WARNING |   Nav error: Page.goto: net::ERR_HTTP2_PROTOCOL_ERROR at https://www.justdial.com/All-Cities/Mata+Gujri+Medical+Centre-Hospital/nct-11109123
Call log:
  - navigating to "https://www.justdial.com/All-Cities/Mata+Gujri+Medical+Centre-Hospital/nct-11109123", waiting until "domcontentloaded"
 (attempt 2/2)
[2026-07-27 20:10:45] INFO | Phase 1 [396/1083]: Phoenix Hospitals
[2026-07-27 20:10:55] WARNING |   Nav error: Page.goto: net::ERR_HTTP2_PROTOCOL_ERROR at https://www.justdial.com/All-Cities/Phoenix+Hospitals-Hospital/nct-11109123
Call log:
  - navigating to "https://www.justdial.com/All-Cities/Phoenix+Hospitals-Hospital/nct-11109123", waiting until "domcontentloaded"
 (attempt 1/2)
[2026-07-27 20:10:57] WARNING |   Nav error: Page.goto: net::ERR_HTTP2_PROTOCOL_ERROR at https://www.justdial.com/All-Cities/Phoenix+Hospitals-Hospital/nct-11109123
Call log:
  - navigating to "https://www.justdial.com/All-Cities/Phoenix+Hospitals-Hospital/nct-11109123", waiting until "domcontentloaded"
 (attempt 2/2)
[2026-07-27 20:10:58] INFO | Phase 1 [397/1083]: Gaurav Medical
[2026-07-27 20:11:07] WARNING |   Nav error: Page.goto: net::ERR_HTTP2_PROTOCOL_ERROR at https://www.justdial.com/All-Cities/Gaurav+Medical-Hospital/nct-11109123
Call log:
  - navigating to "https://www.justdial.com/All-Cities/Gaurav+Medical-Hospital/nct-11109123", waiting until "domcontentloaded"
 (attempt 1/2)
[2026-07-27 20:11:09] WARNING |   Nav error: Page.goto: net::ERR_HTTP2_PROTOCOL_ERROR at https://www.justdial.com/All-Cities/Gaurav+Medical-Hospital/nct-11109123
Call log:
  - navigating to "https://www.justdial.com/All-Cities/Gaurav+Medical-Hospital/nct-11109123", waiting until "domcontentloaded"
 (attempt 2/2)
[2026-07-27 20:11:12] INFO | Phase 1 [398/1083]: Trisha Healthcare
[2026-07-27 20:11:21] WARNING |   Nav error: Page.goto: net::ERR_HTTP2_PROTOCOL_ERROR at https://www.justdial.com/All-Cities/Trisha+Healthcare-Hospital/nct-11109123
Call log:
  - navigating to "https://www.justdial.com/All-Cities/Trisha+Healthcare-Hospital/nct-11109123", waiting until "domcontentloaded"
 (attempt 1/2)
[2026-07-27 20:11:23] WARNING |   Nav error: Page.goto: net::ERR_HTTP2_PROTOCOL_ERROR at https://www.justdial.com/All-Cities/Trisha+Healthcare-Hospital/nct-11109123
Call log:
  - navigating to "https://www.justdial.com/All-Cities/Trisha+Healthcare-Hospital/nct-11109123", waiting until "domcontentloaded"
 (attempt 2/2)
[2026-07-27 20:11:25] INFO | Phase 1 [399/1083]: Uma Sanjeevani Health Centre And Hospital
[2026-07-27 20:11:36] WARNING |   Nav error: Page.goto: net::ERR_HTTP2_PROTOCOL_ERROR at https://www.justdial.com/All-Cities/Uma+Sanjeevani+Health+Centre+And+Hospital-Hospital/nct-11109123
Call log:
  - navigating to "https://www.justdial.com/All-Cities/Uma+Sanjeevani+Health+Centre+And+Hospital-Hospital/nct-11109123", waiting until "domcontentloaded"
 (attempt 1/2)
[2026-07-27 20:11:38] WARNING |   Nav error: Page.goto: net::ERR_HTTP2_PROTOCOL_ERROR at https://www.justdial.com/All-Cities/Uma+Sanjeevani+Health+Centre+And+Hospital-Hospital/nct-11109123
Call log:
  - navigating to "https://www.justdial.com/All-Cities/Uma+Sanjeevani+Health+Centre+And+Hospital-Hospital/nct-11109123", waiting until "domcontentloaded"
 (attempt 2/2)
[2026-07-27 20:11:39] INFO | Phase 1 [400/1083]: Nanda medical center
[2026-07-27 20:11:51] WARNING |   Nav error: Page.goto: net::ERR_HTTP2_PROTOCOL_ERROR at https://www.justdial.com/All-Cities/Nanda+medical+center-Hospital/nct-11109123
Call log:
  - navigating to "https://www.justdial.com/All-Cities/Nanda+medical+center-Hospital/nct-11109123", waiting until "domcontentloaded"
 (attempt 1/2)
[2026-07-27 20:11:53] WARNING |   Nav error: Page.goto: net::ERR_HTTP2_PROTOCOL_ERROR at https://www.justdial.com/All-Cities/Nanda+medical+center-Hospital/nct-11109123
Call log:
  - navigating to "https://www.justdial.com/All-Cities/Nanda+medical+center-Hospital/nct-11109123", waiting until "domcontentloaded"
 (attempt 2/2)
[2026-07-27 20:11:55] INFO | Phase 1 [401/1083]: Dr Ashutosh Singh
[2026-07-27 20:12:04] WARNING |   Nav error: Page.goto: net::ERR_HTTP2_PROTOCOL_ERROR at https://www.justdial.com/All-Cities/Dr+Ashutosh+Singh-Hospital/nct-11109123
Call log:
  - navigating to "https://www.justdial.com/All-Cities/Dr+Ashutosh+Singh-Hospital/nct-11109123", waiting until "domcontentloaded"
 (attempt 1/2)
[2026-07-27 20:12:06] WARNING |   Nav error: Page.goto: net::ERR_HTTP2_PROTOCOL_ERROR at https://www.justdial.com/All-Cities/Dr+Ashutosh+Singh-Hospital/nct-11109123
Call log:
  - navigating to "https://www.justdial.com/All-Cities/Dr+Ashutosh+Singh-Hospital/nct-11109123", waiting until "domcontentloaded"
 (attempt 2/2)
[2026-07-27 20:12:08] INFO | Phase 1 [402/1083]: Baba Neem Karoli Dispensary
[2026-07-27 20:12:17] WARNING |   Nav error: Page.goto: net::ERR_HTTP2_PROTOCOL_ERROR at https://www.justdial.com/All-Cities/Baba+Neem+Karoli+Dispensary-Hospital/nct-11109123
Call log:
  - navigating to "https://www.justdial.com/All-Cities/Baba+Neem+Karoli+Dispensary-Hospital/nct-11109123", waiting until "domcontentloaded"
 (attempt 1/2)
[2026-07-27 20:12:19] WARNING |   Nav error: Page.goto: net::ERR_HTTP2_PROTOCOL_ERROR at https://www.justdial.com/All-Cities/Baba+Neem+Karoli+Dispensary-Hospital/nct-11109123
Call log:
  - navigating to "https://www.justdial.com/All-Cities/Baba+Neem+Karoli+Dispensary-Hospital/nct-11109123", waiting until "domcontentloaded"
 (attempt 2/2)
[2026-07-27 20:12:22] INFO | Phase 1 [403/1083]: St Stephen s Hospital Delhi
[2026-07-27 20:12:32] WARNING |   Nav error: Page.goto: net::ERR_HTTP2_PROTOCOL_ERROR at https://www.justdial.com/All-Cities/St+Stephen+s+Hospital+Delhi-Hospital/nct-11109123
Call log:
  - navigating to "https://www.justdial.com/All-Cities/St+Stephen+s+Hospital+Delhi-Hospital/nct-11109123", waiting until "domcontentloaded"
 (attempt 1/2)
[2026-07-27 20:12:34] WARNING |   Nav error: Page.goto: net::ERR_HTTP2_PROTOCOL_ERROR at https://www.justdial.com/All-Cities/St+Stephen+s+Hospital+Delhi-Hospital/nct-11109123
Call log:
  - navigating to "https://www.justdial.com/All-Cities/St+Stephen+s+Hospital+Delhi-Hospital/nct-11109123", waiting until "domcontentloaded"
 (attempt 2/2)
[2026-07-27 20:12:35] INFO | Phase 1 [404/1083]: Delhi Government Dispensary Jonapur
[2026-07-27 20:12:46] WARNING |   Nav error: Page.goto: net::ERR_HTTP2_PROTOCOL_ERROR at https://www.justdial.com/All-Cities/Delhi+Government+Dispensary+Jonapur-Hospital/nct-11109123
Call log:
  - navigating to "https://www.justdial.com/All-Cities/Delhi+Government+Dispensary+Jonapur-Hospital/nct-11109123", waiting until "domcontentloaded"
 (attempt 1/2)
[2026-07-27 20:12:48] WARNING |   Nav error: Page.goto: net::ERR_HTTP2_PROTOCOL_ERROR at https://www.justdial.com/All-Cities/Delhi+Government+Dispensary+Jonapur-Hospital/nct-11109123
Call log:
  - navigating to "https://www.justdial.com/All-Cities/Delhi+Government+Dispensary+Jonapur-Hospital/nct-11109123", waiting until "domcontentloaded"
 (attempt 2/2)
[2026-07-27 20:12:50] INFO | Phase 1 [405/1083]: Essar Hospital Vishal Complex
[2026-07-27 20:13:00] WARNING |   Nav error: Page.goto: net::ERR_HTTP2_PROTOCOL_ERROR at https://www.justdial.com/All-Cities/Essar+Hospital+Vishal+Complex-Hospital/nct-11109123
Call log:
  - navigating to "https://www.justdial.com/All-Cities/Essar+Hospital+Vishal+Complex-Hospital/nct-11109123", waiting until "domcontentloaded"
 (attempt 1/2)
[2026-07-27 20:13:02] WARNING |   Nav error: Page.goto: net::ERR_HTTP2_PROTOCOL_ERROR at https://www.justdial.com/All-Cities/Essar+Hospital+Vishal+Complex-Hospital/nct-11109123
Call log:
  - navigating to "https://www.justdial.com/All-Cities/Essar+Hospital+Vishal+Complex-Hospital/nct-11109123", waiting until "domcontentloaded"
 (attempt 2/2)
[2026-07-27 20:13:04] INFO | Phase 1 [406/1083]: CSR & PR Hospital
[2026-07-27 20:13:13] WARNING |   Nav error: Page.goto: net::ERR_HTTP2_PROTOCOL_ERROR at https://www.justdial.com/All-Cities/CSR+%26+PR+Hospital-Hospital/nct-11109123
Call log:
  - navigating to "https://www.justdial.com/All-Cities/CSR+%26+PR+Hospital-Hospital/nct-11109123", waiting until "domcontentloaded"
 (attempt 1/2)
[2026-07-27 20:13:15] WARNING |   Nav error: Page.goto: net::ERR_HTTP2_PROTOCOL_ERROR at https://www.justdial.com/All-Cities/CSR+%26+PR+Hospital-Hospital/nct-11109123
Call log:
  - navigating to "https://www.justdial.com/All-Cities/CSR+%26+PR+Hospital-Hospital/nct-11109123", waiting until "domcontentloaded"
 (attempt 2/2)
[2026-07-27 20:13:17] INFO | Phase 1 [407/1083]: CBR Hospitals - Multispeciality Hospital And Trauma Centre
[2026-07-27 20:13:26] WARNING |   Nav error: Page.goto: net::ERR_HTTP2_PROTOCOL_ERROR at https://www.justdial.com/All-Cities/CBR+Hospitals+-+Multispeciality+Hospital+And+Trauma+Centre-Hospital/nct-11109123
Call log:
  - navigating to "https://www.justdial.com/All-Cities/CBR+Hospitals+-+Multispeciality+Hospital+And+Trauma+Centre-Hospital/nct-11109123", waiting until "domcontentloaded"
 (attempt 1/2)
[2026-07-27 20:13:28] WARNING |   Nav error: Page.goto: net::ERR_HTTP2_PROTOCOL_ERROR at https://www.justdial.com/All-Cities/CBR+Hospitals+-+Multispeciality+Hospital+And+Trauma+Centre-Hospital/nct-11109123
Call log:
  - navigating to "https://www.justdial.com/All-Cities/CBR+Hospitals+-+Multispeciality+Hospital+And+Trauma+Centre-Hospital/nct-11109123", waiting until "domcontentloaded"
 (attempt 2/2)
[2026-07-27 20:13:30] INFO | Phase 1 [408/1083]: Parivar Clinic
[2026-07-27 20:13:40] WARNING |   Nav error: Page.goto: net::ERR_HTTP2_PROTOCOL_ERROR at https://www.justdial.com/All-Cities/Parivar+Clinic-Hospital/nct-11109123
Call log:
  - navigating to "https://www.justdial.com/All-Cities/Parivar+Clinic-Hospital/nct-11109123", waiting until "domcontentloaded"
 (attempt 1/2)
[2026-07-27 20:13:42] WARNING |   Nav error: Page.goto: net::ERR_HTTP2_PROTOCOL_ERROR at https://www.justdial.com/All-Cities/Parivar+Clinic-Hospital/nct-11109123
Call log:
  - navigating to "https://www.justdial.com/All-Cities/Parivar+Clinic-Hospital/nct-11109123", waiting until "domcontentloaded"
 (attempt 2/2)
[2026-07-27 20:13:44] INFO | Phase 1 [409/1083]: New Sharma Hospital
[2026-07-27 20:13:53] WARNING |   Nav error: Page.goto: net::ERR_HTTP2_PROTOCOL_ERROR at https://www.justdial.com/All-Cities/New+Sharma+Hospital-Hospital/nct-11109123
Call log:
  - navigating to "https://www.justdial.com/All-Cities/New+Sharma+Hospital-Hospital/nct-11109123", waiting until "domcontentloaded"
 (attempt 1/2)
[2026-07-27 20:13:56] WARNING |   Nav error: Page.goto: net::ERR_HTTP2_PROTOCOL_ERROR at https://www.justdial.com/All-Cities/New+Sharma+Hospital-Hospital/nct-11109123
Call log:
  - navigating to "https://www.justdial.com/All-Cities/New+Sharma+Hospital-Hospital/nct-11109123", waiting until "domcontentloaded"
 (attempt 2/2)
[2026-07-27 20:13:58] INFO | Phase 1 [410/1083]: Hair Transplant in India | Best Hair Transplant Clinic in India
[2026-07-27 20:14:07] WARNING |   Nav error: Page.goto: net::ERR_HTTP2_PROTOCOL_ERROR at https://www.justdial.com/All-Cities/Hair+Transplant+in+India+%7C+Best+Hair+Transplant+Clinic+in+India-Hospital/nct-11109123
Call log:
  - navigating to "https://www.justdial.com/All-Cities/Hair+Transplant+in+India+%7C+Best+Hair+Transplant+Clinic+in+India-Hospital/nct-11109123", waiting until "domcontentloaded"
 (attempt 1/2)
[2026-07-27 20:14:09] WARNING |   Nav error: Page.goto: net::ERR_HTTP2_PROTOCOL_ERROR at https://www.justdial.com/All-Cities/Hair+Transplant+in+India+%7C+Best+Hair+Transplant+Clinic+in+India-Hospital/nct-11109123
Call log:
  - navigating to "https://www.justdial.com/All-Cities/Hair+Transplant+in+India+%7C+Best+Hair+Transplant+Clinic+in+India-Hospital/nct-11109123", waiting until "domcontentloaded"
 (attempt 2/2)
[2026-07-27 20:14:12] INFO | Phase 1 [411/1083]: UK Nursing Home- A Multi Speciality hospital & Stone Centre 110018
[2026-07-27 20:14:21] WARNING |   Nav error: Page.goto: net::ERR_HTTP2_PROTOCOL_ERROR at https://www.justdial.com/All-Cities/UK+Nursing+Home-+A+Multi+Speciality+hospital+%26+Stone+Centre+110018-Hospital/nct-11109123
Call log:
  - navigating to "https://www.justdial.com/All-Cities/UK+Nursing+Home-+A+Multi+Speciality+hospital+%26+Stone+Centre+110018-Hospital/nct-11109123", waiting until "domcontentloaded"
 (attempt 1/2)
[2026-07-27 20:14:23] WARNING |   Nav error: Page.goto: net::ERR_HTTP2_PROTOCOL_ERROR at https://www.justdial.com/All-Cities/UK+Nursing+Home-+A+Multi+Speciality+hospital+%26+Stone+Centre+110018-Hospital/nct-11109123
Call log:
  - navigating to "https://www.justdial.com/All-Cities/UK+Nursing+Home-+A+Multi+Speciality+hospital+%26+Stone+Centre+110018-Hospital/nct-11109123", waiting until "domcontentloaded"
 (attempt 2/2)
[2026-07-27 20:14:25] INFO | Phase 1 [412/1083]: Narayana Nethradhama Superspeciality Eye Care and Retina Centre
[2026-07-27 20:14:34] WARNING |   Nav error: Page.goto: net::ERR_HTTP2_PROTOCOL_ERROR at https://www.justdial.com/All-Cities/Narayana+Nethradhama+Superspeciality+Eye+Care+and+Retina+Centre-Hospital/nct-11109123
Call log:
  - navigating to "https://www.justdial.com/All-Cities/Narayana+Nethradhama+Superspeciality+Eye+Care+and+Retina+Centre-Hospital/nct-11109123", waiting until "domcontentloaded"
 (attempt 1/2)
[2026-07-27 20:14:36] WARNING |   Nav error: Page.goto: net::ERR_HTTP2_PROTOCOL_ERROR at https://www.justdial.com/All-Cities/Narayana+Nethradhama+Superspeciality+Eye+Care+and+Retina+Centre-Hospital/nct-11109123
Call log:
  - navigating to "https://www.justdial.com/All-Cities/Narayana+Nethradhama+Superspeciality+Eye+Care+and+Retina+Centre-Hospital/nct-11109123", waiting until "domcontentloaded"
 (attempt 2/2)
[2026-07-27 20:14:38] INFO | Phase 1 [413/1083]: Niramay Hospital
[2026-07-27 20:14:47] WARNING |   Nav error: Page.goto: net::ERR_HTTP2_PROTOCOL_ERROR at https://www.justdial.com/All-Cities/Niramay+Hospital-Hospital/nct-11109123
Call log:
  - navigating to "https://www.justdial.com/All-Cities/Niramay+Hospital-Hospital/nct-11109123", waiting until "domcontentloaded"
 (attempt 1/2)
[2026-07-27 20:14:49] WARNING |   Nav error: Page.goto: net::ERR_HTTP2_PROTOCOL_ERROR at https://www.justdial.com/All-Cities/Niramay+Hospital-Hospital/nct-11109123
Call log:
  - navigating to "https://www.justdial.com/All-Cities/Niramay+Hospital-Hospital/nct-11109123", waiting until "domcontentloaded"
 (attempt 2/2)
[2026-07-27 20:14:51] INFO | Phase 1 [414/1083]: World Brain Center Hospital | Best Psychiatric Hospital
[2026-07-27 20:15:00] WARNING |   Nav error: Page.goto: net::ERR_HTTP2_PROTOCOL_ERROR at https://www.justdial.com/All-Cities/World+Brain+Center+Hospital+%7C+Best+Psychiatric+Hospital-Hospital/nct-11109123
Call log:
  - navigating to "https://www.justdial.com/All-Cities/World+Brain+Center+Hospital+%7C+Best+Psychiatric+Hospital-Hospital/nct-11109123", waiting until "domcontentloaded"
 (attempt 1/2)
[2026-07-27 20:15:02] WARNING |   Nav error: Page.goto: net::ERR_HTTP2_PROTOCOL_ERROR at https://www.justdial.com/All-Cities/World+Brain+Center+Hospital+%7C+Best+Psychiatric+Hospital-Hospital/nct-11109123
Call log:
  - navigating to "https://www.justdial.com/All-Cities/World+Brain+Center+Hospital+%7C+Best+Psychiatric+Hospital-Hospital/nct-11109123", waiting until "domcontentloaded"
 (attempt 2/2)
[2026-07-27 20:15:04] INFO | Phase 1 [415/1083]: Shakuntla Dental Care
[2026-07-27 20:15:13] WARNING |   Nav error: Page.goto: net::ERR_HTTP2_PROTOCOL_ERROR at https://www.justdial.com/All-Cities/Shakuntla+Dental+Care-Hospital/nct-11109123
Call log:
  - navigating to "https://www.justdial.com/All-Cities/Shakuntla+Dental+Care-Hospital/nct-11109123", waiting until "domcontentloaded"
 (attempt 1/2)
[2026-07-27 20:15:15] WARNING |   Nav error: Page.goto: net::ERR_HTTP2_PROTOCOL_ERROR at https://www.justdial.com/All-Cities/Shakuntla+Dental+Care-Hospital/nct-11109123
Call log:
  - navigating to "https://www.justdial.com/All-Cities/Shakuntla+Dental+Care-Hospital/nct-11109123", waiting until "domcontentloaded"
 (attempt 2/2)
[2026-07-27 20:15:17] INFO | Phase 1 [416/1083]: Genesis Hospital Pvt. Ltd.
[2026-07-27 20:15:26] WARNING |   Nav error: Page.goto: net::ERR_HTTP2_PROTOCOL_ERROR at https://www.justdial.com/All-Cities/Genesis+Hospital+Pvt.+Ltd.-Hospital/nct-11109123
Call log:
  - navigating to "https://www.justdial.com/All-Cities/Genesis+Hospital+Pvt.+Ltd.-Hospital/nct-11109123", waiting until "domcontentloaded"
 (attempt 1/2)
[2026-07-27 20:15:29] WARNING |   Nav error: Page.goto: net::ERR_HTTP2_PROTOCOL_ERROR at https://www.justdial.com/All-Cities/Genesis+Hospital+Pvt.+Ltd.-Hospital/nct-11109123
Call log:
  - navigating to "https://www.justdial.com/All-Cities/Genesis+Hospital+Pvt.+Ltd.-Hospital/nct-11109123", waiting until "domcontentloaded"
 (attempt 2/2)
[2026-07-27 20:15:31] INFO | Phase 1 [417/1083]: Shishu Sadan Multi Speciality Children%u2019s Hospital
[2026-07-27 20:15:40] WARNING |   Nav error: Page.goto: net::ERR_HTTP2_PROTOCOL_ERROR at https://www.justdial.com/All-Cities/Shishu+Sadan+Multi+Speciality+Children%25u2019s+Hospital-Hospital/nct-11109123
Call log:
  - navigating to "https://www.justdial.com/All-Cities/Shishu+Sadan+Multi+Speciality+Children%25u2019s+Hospital-Hospital/nct-11109123", waiting until "domcontentloaded"
 (attempt 1/2)
[2026-07-27 20:15:43] WARNING |   Nav error: Page.goto: net::ERR_HTTP2_PROTOCOL_ERROR at https://www.justdial.com/All-Cities/Shishu+Sadan+Multi+Speciality+Children%25u2019s+Hospital-Hospital/nct-11109123
Call log:
  - navigating to "https://www.justdial.com/All-Cities/Shishu+Sadan+Multi+Speciality+Children%25u2019s+Hospital-Hospital/nct-11109123", waiting until "domcontentloaded"
 (attempt 2/2)
[2026-07-27 20:15:45] INFO | Phase 1 [418/1083]: Dabri Extension Main
[2026-07-27 20:15:53] WARNING |   Nav error: Page.goto: net::ERR_HTTP2_PROTOCOL_ERROR at https://www.justdial.com/All-Cities/Dabri+Extension+Main-Hospital/nct-11109123
Call log:
  - navigating to "https://www.justdial.com/All-Cities/Dabri+Extension+Main-Hospital/nct-11109123", waiting until "domcontentloaded"
 (attempt 1/2)
[2026-07-27 20:15:55] WARNING |   Nav error: Page.goto: net::ERR_HTTP2_PROTOCOL_ERROR at https://www.justdial.com/All-Cities/Dabri+Extension+Main-Hospital/nct-11109123
Call log:
  - navigating to "https://www.justdial.com/All-Cities/Dabri+Extension+Main-Hospital/nct-11109123", waiting until "domcontentloaded"
 (attempt 2/2)
[2026-07-27 20:15:58] INFO | Phase 1 [419/1083]: Siddhtam Medical Centre
[2026-07-27 20:16:07] WARNING |   Nav error: Page.goto: net::ERR_HTTP2_PROTOCOL_ERROR at https://www.justdial.com/All-Cities/Siddhtam+Medical+Centre-Hospital/nct-11109123
Call log:
  - navigating to "https://www.justdial.com/All-Cities/Siddhtam+Medical+Centre-Hospital/nct-11109123", waiting until "domcontentloaded"
 (attempt 1/2)
[2026-07-27 20:16:10] WARNING |   Nav error: Page.goto: net::ERR_HTTP2_PROTOCOL_ERROR at https://www.justdial.com/All-Cities/Siddhtam+Medical+Centre-Hospital/nct-11109123
Call log:
  - navigating to "https://www.justdial.com/All-Cities/Siddhtam+Medical+Centre-Hospital/nct-11109123", waiting until "domcontentloaded"
 (attempt 2/2)
[2026-07-27 20:16:12] INFO | Phase 1 [420/1083]: Delhi Nagar Nigam Ayurvedic Dispensary
[2026-07-27 20:16:20] WARNING |   Nav error: Page.goto: net::ERR_HTTP2_PROTOCOL_ERROR at https://www.justdial.com/All-Cities/Delhi+Nagar+Nigam+Ayurvedic+Dispensary-Hospital/nct-11109123
Call log:
  - navigating to "https://www.justdial.com/All-Cities/Delhi+Nagar+Nigam+Ayurvedic+Dispensary-Hospital/nct-11109123", waiting until "domcontentloaded"
 (attempt 1/2)
[2026-07-27 20:16:23] WARNING |   Nav error: Page.goto: net::ERR_HTTP2_PROTOCOL_ERROR at https://www.justdial.com/All-Cities/Delhi+Nagar+Nigam+Ayurvedic+Dispensary-Hospital/nct-11109123
Call log:
  - navigating to "https://www.justdial.com/All-Cities/Delhi+Nagar+Nigam+Ayurvedic+Dispensary-Hospital/nct-11109123", waiting until "domcontentloaded"
 (attempt 2/2)
[2026-07-27 20:16:25] INFO | Phase 1 [421/1083]: Tomar Medical Center
[2026-07-27 20:16:34] WARNING |   Nav error: Page.goto: net::ERR_HTTP2_PROTOCOL_ERROR at https://www.justdial.com/All-Cities/Tomar+Medical+Center-Hospital/nct-11109123
Call log:
  - navigating to "https://www.justdial.com/All-Cities/Tomar+Medical+Center-Hospital/nct-11109123", waiting until "domcontentloaded"
 (attempt 1/2)
[2026-07-27 20:16:36] WARNING |   Nav error: Page.goto: net::ERR_HTTP2_PROTOCOL_ERROR at https://www.justdial.com/All-Cities/Tomar+Medical+Center-Hospital/nct-11109123
Call log:
  - navigating to "https://www.justdial.com/All-Cities/Tomar+Medical+Center-Hospital/nct-11109123", waiting until "domcontentloaded"
 (attempt 2/2)
[2026-07-27 20:16:38] INFO | Phase 1 [422/1083]: Lok Clinic & Hospital
[2026-07-27 20:16:48] WARNING |   Nav error: Page.goto: net::ERR_HTTP2_PROTOCOL_ERROR at https://www.justdial.com/All-Cities/Lok+Clinic+%26+Hospital-Hospital/nct-11109123
Call log:
  - navigating to "https://www.justdial.com/All-Cities/Lok+Clinic+%26+Hospital-Hospital/nct-11109123", waiting until "domcontentloaded"
 (attempt 1/2)
[2026-07-27 20:16:50] WARNING |   Nav error: Page.goto: net::ERR_HTTP2_PROTOCOL_ERROR at https://www.justdial.com/All-Cities/Lok+Clinic+%26+Hospital-Hospital/nct-11109123
Call log:
  - navigating to "https://www.justdial.com/All-Cities/Lok+Clinic+%26+Hospital-Hospital/nct-11109123", waiting until "domcontentloaded"
 (attempt 2/2)
[2026-07-27 20:16:53] INFO | Phase 1 [423/1083]: Jainak Medical and Orthopedic Center
[2026-07-27 20:17:02] WARNING |   Nav error: Page.goto: net::ERR_HTTP2_PROTOCOL_ERROR at https://www.justdial.com/All-Cities/Jainak+Medical+and+Orthopedic+Center-Hospital/nct-11109123
Call log:
  - navigating to "https://www.justdial.com/All-Cities/Jainak+Medical+and+Orthopedic+Center-Hospital/nct-11109123", waiting until "domcontentloaded"
 (attempt 1/2)
[2026-07-27 20:17:04] WARNING |   Nav error: Page.goto: net::ERR_HTTP2_PROTOCOL_ERROR at https://www.justdial.com/All-Cities/Jainak+Medical+and+Orthopedic+Center-Hospital/nct-11109123
Call log:
  - navigating to "https://www.justdial.com/All-Cities/Jainak+Medical+and+Orthopedic+Center-Hospital/nct-11109123", waiting until "domcontentloaded"
 (attempt 2/2)
[2026-07-27 20:17:05] INFO | Phase 1 [424/1083]: Suman Medicare
[2026-07-27 20:17:15] WARNING |   Nav error: Page.goto: net::ERR_HTTP2_PROTOCOL_ERROR at https://www.justdial.com/All-Cities/Suman+Medicare-Hospital/nct-11109123
Call log:
  - navigating to "https://www.justdial.com/All-Cities/Suman+Medicare-Hospital/nct-11109123", waiting until "domcontentloaded"
 (attempt 1/2)
[2026-07-27 20:17:17] WARNING |   Nav error: Page.goto: net::ERR_HTTP2_PROTOCOL_ERROR at https://www.justdial.com/All-Cities/Suman+Medicare-Hospital/nct-11109123
Call log:
  - navigating to "https://www.justdial.com/All-Cities/Suman+Medicare-Hospital/nct-11109123", waiting until "domcontentloaded"
 (attempt 2/2)
[2026-07-27 20:17:19] INFO | Phase 1 [425/1083]: Sai Nursing Home
[2026-07-27 20:17:28] WARNING |   Nav error: Page.goto: net::ERR_HTTP2_PROTOCOL_ERROR at https://www.justdial.com/All-Cities/Sai+Nursing+Home-Hospital/nct-11109123
Call log:
  - navigating to "https://www.justdial.com/All-Cities/Sai+Nursing+Home-Hospital/nct-11109123", waiting until "domcontentloaded"
 (attempt 1/2)
[2026-07-27 20:17:30] WARNING |   Nav error: Page.goto: net::ERR_HTTP2_PROTOCOL_ERROR at https://www.justdial.com/All-Cities/Sai+Nursing+Home-Hospital/nct-11109123
Call log:
  - navigating to "https://www.justdial.com/All-Cities/Sai+Nursing+Home-Hospital/nct-11109123", waiting until "domcontentloaded"
 (attempt 2/2)
[2026-07-27 20:17:32] INFO | Phase 1 [426/1083]: Kasturi Ultrasound Center
[2026-07-27 20:17:42] WARNING |   Nav error: Page.goto: net::ERR_HTTP2_PROTOCOL_ERROR at https://www.justdial.com/All-Cities/Kasturi+Ultrasound+Center-Hospital/nct-11109123
Call log:
  - navigating to "https://www.justdial.com/All-Cities/Kasturi+Ultrasound+Center-Hospital/nct-11109123", waiting until "domcontentloaded"
 (attempt 1/2)
[2026-07-27 20:17:44] WARNING |   Nav error: Page.goto: net::ERR_HTTP2_PROTOCOL_ERROR at https://www.justdial.com/All-Cities/Kasturi+Ultrasound+Center-Hospital/nct-11109123
Call log:
  - navigating to "https://www.justdial.com/All-Cities/Kasturi+Ultrasound+Center-Hospital/nct-11109123", waiting until "domcontentloaded"
 (attempt 2/2)
[2026-07-27 20:17:46] INFO | Phase 1 [427/1083]: Suman Super Speciality Hospital
[2026-07-27 20:17:54] WARNING |   Nav error: Page.goto: net::ERR_HTTP2_PROTOCOL_ERROR at https://www.justdial.com/All-Cities/Suman+Super+Speciality+Hospital-Hospital/nct-11109123
Call log:
  - navigating to "https://www.justdial.com/All-Cities/Suman+Super+Speciality+Hospital-Hospital/nct-11109123", waiting until "domcontentloaded"
 (attempt 1/2)
[2026-07-27 20:17:57] WARNING |   Nav error: Page.goto: net::ERR_HTTP2_PROTOCOL_ERROR at https://www.justdial.com/All-Cities/Suman+Super+Speciality+Hospital-Hospital/nct-11109123
Call log:
  - navigating to "https://www.justdial.com/All-Cities/Suman+Super+Speciality+Hospital-Hospital/nct-11109123", waiting until "domcontentloaded"
 (attempt 2/2)
[2026-07-27 20:17:58] INFO | Phase 1 [428/1083]: Mata channan devi hospital
[2026-07-27 20:18:08] WARNING |   Nav error: Page.goto: net::ERR_HTTP2_PROTOCOL_ERROR at https://www.justdial.com/All-Cities/Mata+channan+devi+hospital-Hospital/nct-11109123
Call log:
  - navigating to "https://www.justdial.com/All-Cities/Mata+channan+devi+hospital-Hospital/nct-11109123", waiting until "domcontentloaded"
 (attempt 1/2)
[2026-07-27 20:18:10] WARNING |   Nav error: Page.goto: net::ERR_HTTP2_PROTOCOL_ERROR at https://www.justdial.com/All-Cities/Mata+channan+devi+hospital-Hospital/nct-11109123
Call log:
  - navigating to "https://www.justdial.com/All-Cities/Mata+channan+devi+hospital-Hospital/nct-11109123", waiting until "domcontentloaded"
 (attempt 2/2)
[2026-07-27 20:18:12] INFO | Phase 1 [429/1083]: Genesis Hospital
[2026-07-27 20:18:22] WARNING |   Nav error: Page.goto: net::ERR_HTTP2_PROTOCOL_ERROR at https://www.justdial.com/All-Cities/Genesis+Hospital-Hospital/nct-11109123
Call log:
  - navigating to "https://www.justdial.com/All-Cities/Genesis+Hospital-Hospital/nct-11109123", waiting until "domcontentloaded"
 (attempt 1/2)
[2026-07-27 20:18:24] WARNING |   Nav error: Page.goto: net::ERR_HTTP2_PROTOCOL_ERROR at https://www.justdial.com/All-Cities/Genesis+Hospital-Hospital/nct-11109123
Call log:
  - navigating to "https://www.justdial.com/All-Cities/Genesis+Hospital-Hospital/nct-11109123", waiting until "domcontentloaded"
 (attempt 2/2)
[2026-07-27 20:18:26] INFO | Phase 1 [430/1083]: Janakpuri Super Speciality Hospital
[2026-07-27 20:18:35] WARNING |   Nav error: Page.goto: net::ERR_HTTP2_PROTOCOL_ERROR at https://www.justdial.com/All-Cities/Janakpuri+Super+Speciality+Hospital-Hospital/nct-11109123
Call log:
  - navigating to "https://www.justdial.com/All-Cities/Janakpuri+Super+Speciality+Hospital-Hospital/nct-11109123", waiting until "domcontentloaded"
 (attempt 1/2)
[2026-07-27 20:18:37] WARNING |   Nav error: Page.goto: net::ERR_HTTP2_PROTOCOL_ERROR at https://www.justdial.com/All-Cities/Janakpuri+Super+Speciality+Hospital-Hospital/nct-11109123
Call log:
  - navigating to "https://www.justdial.com/All-Cities/Janakpuri+Super+Speciality+Hospital-Hospital/nct-11109123", waiting until "domcontentloaded"
 (attempt 2/2)
[2026-07-27 20:18:39] INFO | Phase 1 [431/1083]: Hemraj Jain Hospital and Maternity Home
[2026-07-27 20:18:48] WARNING |   Nav error: Page.goto: net::ERR_HTTP2_PROTOCOL_ERROR at https://www.justdial.com/All-Cities/Hemraj+Jain+Hospital+and+Maternity+Home-Hospital/nct-11109123
Call log:
  - navigating to "https://www.justdial.com/All-Cities/Hemraj+Jain+Hospital+and+Maternity+Home-Hospital/nct-11109123", waiting until "domcontentloaded"
 (attempt 1/2)
[2026-07-27 20:18:50] WARNING |   Nav error: Page.goto: net::ERR_HTTP2_PROTOCOL_ERROR at https://www.justdial.com/All-Cities/Hemraj+Jain+Hospital+and+Maternity+Home-Hospital/nct-11109123
Call log:
  - navigating to "https://www.justdial.com/All-Cities/Hemraj+Jain+Hospital+and+Maternity+Home-Hospital/nct-11109123", waiting until "domcontentloaded"
 (attempt 2/2)
[2026-07-27 20:18:52] INFO | Phase 1 [432/1083]: Bhagat Hospital
[2026-07-27 20:19:01] WARNING |   Nav error: Page.goto: net::ERR_HTTP2_PROTOCOL_ERROR at https://www.justdial.com/All-Cities/Bhagat+Hospital-Hospital/nct-11109123
Call log:
  - navigating to "https://www.justdial.com/All-Cities/Bhagat+Hospital-Hospital/nct-11109123", waiting until "domcontentloaded"
 (attempt 1/2)
[2026-07-27 20:19:03] WARNING |   Nav error: Page.goto: net::ERR_HTTP2_PROTOCOL_ERROR at https://www.justdial.com/All-Cities/Bhagat+Hospital-Hospital/nct-11109123
Call log:
  - navigating to "https://www.justdial.com/All-Cities/Bhagat+Hospital-Hospital/nct-11109123", waiting until "domcontentloaded"
 (attempt 2/2)
[2026-07-27 20:19:05] INFO | Phase 1 [433/1083]: Khanna Hospital: Dr. Vivek Khanna General & Laparoscopic Surgeon
[2026-07-27 20:19:14] WARNING |   Nav error: Page.goto: net::ERR_HTTP2_PROTOCOL_ERROR at https://www.justdial.com/All-Cities/Khanna+Hospital%3A+Dr.+Vivek+Khanna+General+%26+Laparoscopic+Surgeon-Hospital/nct-11109123
Call log:
  - navigating to "https://www.justdial.com/All-Cities/Khanna+Hospital%3A+Dr.+Vivek+Khanna+General+%26+Laparoscopic+Surgeon-Hospital/nct-11109123", waiting until "domcontentloaded"
 (attempt 1/2)
[2026-07-27 20:19:17] WARNING |   Nav error: Page.goto: net::ERR_HTTP2_PROTOCOL_ERROR at https://www.justdial.com/All-Cities/Khanna+Hospital%3A+Dr.+Vivek+Khanna+General+%26+Laparoscopic+Surgeon-Hospital/nct-11109123
Call log:
  - navigating to "https://www.justdial.com/All-Cities/Khanna+Hospital%3A+Dr.+Vivek+Khanna+General+%26+Laparoscopic+Surgeon-Hospital/nct-11109123", waiting until "domcontentloaded"
 (attempt 2/2)
[2026-07-27 20:19:18] INFO | Phase 1 [434/1083]: Arya Hospital
[2026-07-27 20:19:28] WARNING |   Nav error: Page.goto: net::ERR_HTTP2_PROTOCOL_ERROR at https://www.justdial.com/All-Cities/Arya+Hospital-Hospital/nct-11109123
Call log:
  - navigating to "https://www.justdial.com/All-Cities/Arya+Hospital-Hospital/nct-11109123", waiting until "domcontentloaded"
 (attempt 1/2)
[2026-07-27 20:19:30] WARNING |   Nav error: Page.goto: net::ERR_HTTP2_PROTOCOL_ERROR at https://www.justdial.com/All-Cities/Arya+Hospital-Hospital/nct-11109123
Call log:
  - navigating to "https://www.justdial.com/All-Cities/Arya+Hospital-Hospital/nct-11109123", waiting until "domcontentloaded"
 (attempt 2/2)
[2026-07-27 20:19:33] INFO | Phase 1 [435/1083]: Best Orthopedic Hospitals in India
[2026-07-27 20:19:43] WARNING |   Nav error: Page.goto: net::ERR_HTTP2_PROTOCOL_ERROR at https://www.justdial.com/All-Cities/Best+Orthopedic+Hospitals+in+India-Hospital/nct-11109123
Call log:
  - navigating to "https://www.justdial.com/All-Cities/Best+Orthopedic+Hospitals+in+India-Hospital/nct-11109123", waiting until "domcontentloaded"
 (attempt 1/2)
[2026-07-27 20:19:45] WARNING |   Nav error: Page.goto: net::ERR_HTTP2_PROTOCOL_ERROR at https://www.justdial.com/All-Cities/Best+Orthopedic+Hospitals+in+India-Hospital/nct-11109123
Call log:
  - navigating to "https://www.justdial.com/All-Cities/Best+Orthopedic+Hospitals+in+India-Hospital/nct-11109123", waiting until "domcontentloaded"
 (attempt 2/2)
[2026-07-27 20:19:47] INFO | Phase 1 [436/1083]: Shakuntla Hospital
[2026-07-27 20:19:57] WARNING |   Nav error: Page.goto: net::ERR_HTTP2_PROTOCOL_ERROR at https://www.justdial.com/All-Cities/Shakuntla+Hospital-Hospital/nct-11109123
Call log:
  - navigating to "https://www.justdial.com/All-Cities/Shakuntla+Hospital-Hospital/nct-11109123", waiting until "domcontentloaded"
 (attempt 1/2)
[2026-07-27 20:19:59] WARNING |   Nav error: Page.goto: net::ERR_HTTP2_PROTOCOL_ERROR at https://www.justdial.com/All-Cities/Shakuntla+Hospital-Hospital/nct-11109123
Call log:
  - navigating to "https://www.justdial.com/All-Cities/Shakuntla+Hospital-Hospital/nct-11109123", waiting until "domcontentloaded"
 (attempt 2/2)
[2026-07-27 20:20:01] INFO | Phase 1 [437/1083]: Kidney Hospital & Stone Centre
[2026-07-27 20:20:16] WARNING |   Nav error: Page.goto: net::ERR_HTTP2_PROTOCOL_ERROR at https://www.justdial.com/All-Cities/Kidney+Hospital+%26+Stone+Centre-Hospital/nct-11109123
Call log:
  - navigating to "https://www.justdial.com/All-Cities/Kidney+Hospital+%26+Stone+Centre-Hospital/nct-11109123", waiting until "domcontentloaded"
 (attempt 1/2)
[2026-07-27 20:20:18] WARNING |   Nav error: Page.goto: net::ERR_HTTP2_PROTOCOL_ERROR at https://www.justdial.com/All-Cities/Kidney+Hospital+%26+Stone+Centre-Hospital/nct-11109123
Call log:
  - navigating to "https://www.justdial.com/All-Cities/Kidney+Hospital+%26+Stone+Centre-Hospital/nct-11109123", waiting until "domcontentloaded"
 (attempt 2/2)
[2026-07-27 20:20:20] INFO | Phase 1 [438/1083]: Bharati Nursing Home
[2026-07-27 20:20:30] WARNING |   Nav error: Page.goto: net::ERR_HTTP2_PROTOCOL_ERROR at https://www.justdial.com/All-Cities/Bharati+Nursing+Home-Hospital/nct-11109123
Call log:
  - navigating to "https://www.justdial.com/All-Cities/Bharati+Nursing+Home-Hospital/nct-11109123", waiting until "domcontentloaded"
 (attempt 1/2)
[2026-07-27 20:20:32] WARNING |   Nav error: Page.goto: net::ERR_HTTP2_PROTOCOL_ERROR at https://www.justdial.com/All-Cities/Bharati+Nursing+Home-Hospital/nct-11109123
Call log:
  - navigating to "https://www.justdial.com/All-Cities/Bharati+Nursing+Home-Hospital/nct-11109123", waiting until "domcontentloaded"
 (attempt 2/2)
[2026-07-27 20:20:34] INFO | Phase 1 [439/1083]: Ardent hospital
[2026-07-27 20:20:43] WARNING |   Nav error: Page.goto: net::ERR_HTTP2_PROTOCOL_ERROR at https://www.justdial.com/All-Cities/Ardent+hospital-Hospital/nct-11109123
Call log:
  - navigating to "https://www.justdial.com/All-Cities/Ardent+hospital-Hospital/nct-11109123", waiting until "domcontentloaded"
 (attempt 1/2)
[2026-07-27 20:20:45] WARNING |   Nav error: Page.goto: net::ERR_HTTP2_PROTOCOL_ERROR at https://www.justdial.com/All-Cities/Ardent+hospital-Hospital/nct-11109123
Call log:
  - navigating to "https://www.justdial.com/All-Cities/Ardent+hospital-Hospital/nct-11109123", waiting until "domcontentloaded"
 (attempt 2/2)
[2026-07-27 20:20:48] INFO | Phase 1 [440/1083]: Maharaja Agrasen Hospital Dwarka
[2026-07-27 20:20:58] WARNING |   Nav error: Page.goto: net::ERR_HTTP2_PROTOCOL_ERROR at https://www.justdial.com/All-Cities/Maharaja+Agrasen+Hospital+Dwarka-Hospital/nct-11109123
Call log:
  - navigating to "https://www.justdial.com/All-Cities/Maharaja+Agrasen+Hospital+Dwarka-Hospital/nct-11109123", waiting until "domcontentloaded"
 (attempt 1/2)
[2026-07-27 20:21:00] WARNING |   Nav error: Page.goto: net::ERR_HTTP2_PROTOCOL_ERROR at https://www.justdial.com/All-Cities/Maharaja+Agrasen+Hospital+Dwarka-Hospital/nct-11109123
Call log:
  - navigating to "https://www.justdial.com/All-Cities/Maharaja+Agrasen+Hospital+Dwarka-Hospital/nct-11109123", waiting until "domcontentloaded"
 (attempt 2/2)
[2026-07-27 20:21:01] INFO | Phase 1 [441/1083]: CGHS Dispensary Palam
[2026-07-27 20:21:10] WARNING |   Nav error: Page.goto: net::ERR_HTTP2_PROTOCOL_ERROR at https://www.justdial.com/All-Cities/CGHS+Dispensary+Palam-Hospital/nct-11109123
Call log:
  - navigating to "https://www.justdial.com/All-Cities/CGHS+Dispensary+Palam-Hospital/nct-11109123", waiting until "domcontentloaded"
 (attempt 1/2)
[2026-07-27 20:21:12] WARNING |   Nav error: Page.goto: net::ERR_HTTP2_PROTOCOL_ERROR at https://www.justdial.com/All-Cities/CGHS+Dispensary+Palam-Hospital/nct-11109123
Call log:
  - navigating to "https://www.justdial.com/All-Cities/CGHS+Dispensary+Palam-Hospital/nct-11109123", waiting until "domcontentloaded"
 (attempt 2/2)
[2026-07-27 20:21:15] INFO | Phase 1 [442/1083]: Shyama Hospital- Best Gynaecologist Hospital In Palam | Best Maternity Hospital In Palam
[2026-07-27 20:21:26] WARNING |   Nav error: Page.goto: net::ERR_HTTP2_PROTOCOL_ERROR at https://www.justdial.com/All-Cities/Shyama+Hospital-+Best+Gynaecologist+Hospital+In+Palam+%7C+Best+Maternity+Hospital+In+Palam-Hospital/nct-11109123
Call log:
  - navigating to "https://www.justdial.com/All-Cities/Shyama+Hospital-+Best+Gynaecologist+Hospital+In+Palam+%7C+Best+Maternity+Hospital+In+Palam-Hospital/nct-11109123", waiting until "domcontentloaded"
 (attempt 1/2)
[2026-07-27 20:21:28] WARNING |   Nav error: Page.goto: net::ERR_HTTP2_PROTOCOL_ERROR at https://www.justdial.com/All-Cities/Shyama+Hospital-+Best+Gynaecologist+Hospital+In+Palam+%7C+Best+Maternity+Hospital+In+Palam-Hospital/nct-11109123
Call log:
  - navigating to "https://www.justdial.com/All-Cities/Shyama+Hospital-+Best+Gynaecologist+Hospital+In+Palam+%7C+Best+Maternity+Hospital+In+Palam-Hospital/nct-11109123", waiting until "domcontentloaded"
 (attempt 2/2)
[2026-07-27 20:21:30] INFO | Phase 1 [443/1083]: Dada Dev Hospital
[2026-07-27 20:21:39] WARNING |   Nav error: Page.goto: net::ERR_HTTP2_PROTOCOL_ERROR at https://www.justdial.com/All-Cities/Dada+Dev+Hospital-Hospital/nct-11109123
Call log:
  - navigating to "https://www.justdial.com/All-Cities/Dada+Dev+Hospital-Hospital/nct-11109123", waiting until "domcontentloaded"
 (attempt 1/2)
[2026-07-27 20:21:42] WARNING |   Nav error: Page.goto: net::ERR_HTTP2_PROTOCOL_ERROR at https://www.justdial.com/All-Cities/Dada+Dev+Hospital-Hospital/nct-11109123
Call log:
  - navigating to "https://www.justdial.com/All-Cities/Dada+Dev+Hospital-Hospital/nct-11109123", waiting until "domcontentloaded"
 (attempt 2/2)
[2026-07-27 20:21:44] INFO | Phase 1 [444/1083]: Sadhna hospital
[2026-07-27 20:21:54] WARNING |   Nav error: Page.goto: net::ERR_HTTP2_PROTOCOL_ERROR at https://www.justdial.com/All-Cities/Sadhna+hospital-Hospital/nct-11109123
Call log:
  - navigating to "https://www.justdial.com/All-Cities/Sadhna+hospital-Hospital/nct-11109123", waiting until "domcontentloaded"
 (attempt 1/2)
[2026-07-27 20:21:56] WARNING |   Nav error: Page.goto: net::ERR_HTTP2_PROTOCOL_ERROR at https://www.justdial.com/All-Cities/Sadhna+hospital-Hospital/nct-11109123
Call log:
  - navigating to "https://www.justdial.com/All-Cities/Sadhna+hospital-Hospital/nct-11109123", waiting until "domcontentloaded"
 (attempt 2/2)
[2026-07-27 20:21:58] INFO | Phase 1 [445/1083]: Bhagat Chandra Hospital
[2026-07-27 20:22:07] WARNING |   Nav error: Page.goto: net::ERR_HTTP2_PROTOCOL_ERROR at https://www.justdial.com/All-Cities/Bhagat+Chandra+Hospital-Hospital/nct-11109123
Call log:
  - navigating to "https://www.justdial.com/All-Cities/Bhagat+Chandra+Hospital-Hospital/nct-11109123", waiting until "domcontentloaded"
 (attempt 1/2)
[2026-07-27 20:22:09] WARNING |   Nav error: Page.goto: net::ERR_HTTP2_PROTOCOL_ERROR at https://www.justdial.com/All-Cities/Bhagat+Chandra+Hospital-Hospital/nct-11109123
Call log:
  - navigating to "https://www.justdial.com/All-Cities/Bhagat+Chandra+Hospital-Hospital/nct-11109123", waiting until "domcontentloaded"
 (attempt 2/2)
[2026-07-27 20:22:11] INFO | Phase 1 [446/1083]: Saral nursing home
[2026-07-27 20:22:20] WARNING |   Nav error: Page.goto: net::ERR_HTTP2_PROTOCOL_ERROR at https://www.justdial.com/All-Cities/Saral+nursing+home-Hospital/nct-11109123
Call log:
  - navigating to "https://www.justdial.com/All-Cities/Saral+nursing+home-Hospital/nct-11109123", waiting until "domcontentloaded"
 (attempt 1/2)
[2026-07-27 20:22:22] WARNING |   Nav error: Page.goto: net::ERR_HTTP2_PROTOCOL_ERROR at https://www.justdial.com/All-Cities/Saral+nursing+home-Hospital/nct-11109123
Call log:
  - navigating to "https://www.justdial.com/All-Cities/Saral+nursing+home-Hospital/nct-11109123", waiting until "domcontentloaded"
 (attempt 2/2)
[2026-07-27 20:22:25] INFO | Phase 1 [447/1083]: Dr.Sujata Agarwal
[2026-07-27 20:22:35] WARNING |   Nav error: Page.goto: net::ERR_HTTP2_PROTOCOL_ERROR at https://www.justdial.com/All-Cities/Dr.Sujata+Agarwal-Hospital/nct-11109123
Call log:
  - navigating to "https://www.justdial.com/All-Cities/Dr.Sujata+Agarwal-Hospital/nct-11109123", waiting until "domcontentloaded"
 (attempt 1/2)
[2026-07-27 20:22:37] WARNING |   Nav error: Page.goto: net::ERR_HTTP2_PROTOCOL_ERROR at https://www.justdial.com/All-Cities/Dr.Sujata+Agarwal-Hospital/nct-11109123
Call log:
  - navigating to "https://www.justdial.com/All-Cities/Dr.Sujata+Agarwal-Hospital/nct-11109123", waiting until "domcontentloaded"
 (attempt 2/2)
[2026-07-27 20:22:39] INFO | Phase 1 [448/1083]: Nulife Medical Centre
[2026-07-27 20:22:49] WARNING |   Nav error: Page.goto: net::ERR_HTTP2_PROTOCOL_ERROR at https://www.justdial.com/All-Cities/Nulife+Medical+Centre-Hospital/nct-11109123
Call log:
  - navigating to "https://www.justdial.com/All-Cities/Nulife+Medical+Centre-Hospital/nct-11109123", waiting until "domcontentloaded"
 (attempt 1/2)
[2026-07-27 20:22:51] WARNING |   Nav error: Page.goto: net::ERR_HTTP2_PROTOCOL_ERROR at https://www.justdial.com/All-Cities/Nulife+Medical+Centre-Hospital/nct-11109123
Call log:
  - navigating to "https://www.justdial.com/All-Cities/Nulife+Medical+Centre-Hospital/nct-11109123", waiting until "domcontentloaded"
 (attempt 2/2)
[2026-07-27 20:22:53] INFO | Phase 1 [449/1083]: ECHS Polyclinic Hospital
[2026-07-27 20:23:03] WARNING |   Nav error: Page.goto: net::ERR_HTTP2_PROTOCOL_ERROR at https://www.justdial.com/All-Cities/ECHS+Polyclinic+Hospital-Hospital/nct-11109123
Call log:
  - navigating to "https://www.justdial.com/All-Cities/ECHS+Polyclinic+Hospital-Hospital/nct-11109123", waiting until "domcontentloaded"
 (attempt 1/2)
[2026-07-27 20:23:05] WARNING |   Nav error: Page.goto: net::ERR_HTTP2_PROTOCOL_ERROR at https://www.justdial.com/All-Cities/ECHS+Polyclinic+Hospital-Hospital/nct-11109123
Call log:
  - navigating to "https://www.justdial.com/All-Cities/ECHS+Polyclinic+Hospital-Hospital/nct-11109123", waiting until "domcontentloaded"
 (attempt 2/2)
[2026-07-27 20:23:07] INFO | Phase 1 [450/1083]: Simran Sai Diagnostics
[2026-07-27 20:23:16] WARNING |   Nav error: Page.goto: net::ERR_HTTP2_PROTOCOL_ERROR at https://www.justdial.com/All-Cities/Simran+Sai+Diagnostics-Hospital/nct-11109123
Call log:
  - navigating to "https://www.justdial.com/All-Cities/Simran+Sai+Diagnostics-Hospital/nct-11109123", waiting until "domcontentloaded"
 (attempt 1/2)
[2026-07-27 20:23:19] WARNING |   Nav error: Page.goto: net::ERR_HTTP2_PROTOCOL_ERROR at https://www.justdial.com/All-Cities/Simran+Sai+Diagnostics-Hospital/nct-11109123
Call log:
  - navigating to "https://www.justdial.com/All-Cities/Simran+Sai+Diagnostics-Hospital/nct-11109123", waiting until "domcontentloaded"
 (attempt 2/2)
[2026-07-27 20:23:21] INFO | Phase 1 [451/1083]: Primary Urban Health Centre Meethapur
[2026-07-27 20:23:31] WARNING |   Nav error: Page.goto: net::ERR_HTTP2_PROTOCOL_ERROR at https://www.justdial.com/All-Cities/Primary+Urban+Health+Centre+Meethapur-Hospital/nct-11109123
Call log:
  - navigating to "https://www.justdial.com/All-Cities/Primary+Urban+Health+Centre+Meethapur-Hospital/nct-11109123", waiting until "domcontentloaded"
 (attempt 1/2)
[2026-07-27 20:23:33] WARNING |   Nav error: Page.goto: net::ERR_HTTP2_PROTOCOL_ERROR at https://www.justdial.com/All-Cities/Primary+Urban+Health+Centre+Meethapur-Hospital/nct-11109123
Call log:
  - navigating to "https://www.justdial.com/All-Cities/Primary+Urban+Health+Centre+Meethapur-Hospital/nct-11109123", waiting until "domcontentloaded"
 (attempt 2/2)
[2026-07-27 20:23:35] INFO | Phase 1 [452/1083]: Sharda nursing home
[2026-07-27 20:23:45] WARNING |   Nav error: Page.goto: net::ERR_HTTP2_PROTOCOL_ERROR at https://www.justdial.com/All-Cities/Sharda+nursing+home-Hospital/nct-11109123
Call log:
  - navigating to "https://www.justdial.com/All-Cities/Sharda+nursing+home-Hospital/nct-11109123", waiting until "domcontentloaded"
 (attempt 1/2)
[2026-07-27 20:23:47] WARNING |   Nav error: Page.goto: net::ERR_HTTP2_PROTOCOL_ERROR at https://www.justdial.com/All-Cities/Sharda+nursing+home-Hospital/nct-11109123
Call log:
  - navigating to "https://www.justdial.com/All-Cities/Sharda+nursing+home-Hospital/nct-11109123", waiting until "domcontentloaded"
 (attempt 2/2)
[2026-07-27 20:23:49] INFO | Phase 1 [453/1083]: Lawanya Health Care
[2026-07-27 20:23:58] WARNING |   Nav error: Page.goto: net::ERR_HTTP2_PROTOCOL_ERROR at https://www.justdial.com/All-Cities/Lawanya+Health+Care-Hospital/nct-11109123
Call log:
  - navigating to "https://www.justdial.com/All-Cities/Lawanya+Health+Care-Hospital/nct-11109123", waiting until "domcontentloaded"
 (attempt 1/2)
[2026-07-27 20:24:00] WARNING |   Nav error: Page.goto: net::ERR_HTTP2_PROTOCOL_ERROR at https://www.justdial.com/All-Cities/Lawanya+Health+Care-Hospital/nct-11109123
Call log:
  - navigating to "https://www.justdial.com/All-Cities/Lawanya+Health+Care-Hospital/nct-11109123", waiting until "domcontentloaded"
 (attempt 2/2)
[2026-07-27 20:24:02] INFO | Phase 1 [454/1083]: Kamal Medical Centre
[2026-07-27 20:24:12] WARNING |   Nav error: Page.goto: net::ERR_HTTP2_PROTOCOL_ERROR at https://www.justdial.com/All-Cities/Kamal+Medical+Centre-Hospital/nct-11109123
Call log:
  - navigating to "https://www.justdial.com/All-Cities/Kamal+Medical+Centre-Hospital/nct-11109123", waiting until "domcontentloaded"
 (attempt 1/2)
[2026-07-27 20:24:14] WARNING |   Nav error: Page.goto: net::ERR_HTTP2_PROTOCOL_ERROR at https://www.justdial.com/All-Cities/Kamal+Medical+Centre-Hospital/nct-11109123
Call log:
  - navigating to "https://www.justdial.com/All-Cities/Kamal+Medical+Centre-Hospital/nct-11109123", waiting until "domcontentloaded"
 (attempt 2/2)
[2026-07-27 20:24:16] INFO | Phase 1 [455/1083]: Family Care Nursing Home
[2026-07-27 20:24:25] WARNING |   Nav error: Page.goto: net::ERR_HTTP2_PROTOCOL_ERROR at https://www.justdial.com/All-Cities/Family+Care+Nursing+Home-Hospital/nct-11109123
Call log:
  - navigating to "https://www.justdial.com/All-Cities/Family+Care+Nursing+Home-Hospital/nct-11109123", waiting until "domcontentloaded"
 (attempt 1/2)
[2026-07-27 20:24:27] WARNING |   Nav error: Page.goto: net::ERR_HTTP2_PROTOCOL_ERROR at https://www.justdial.com/All-Cities/Family+Care+Nursing+Home-Hospital/nct-11109123
Call log:
  - navigating to "https://www.justdial.com/All-Cities/Family+Care+Nursing+Home-Hospital/nct-11109123", waiting until "domcontentloaded"
 (attempt 2/2)
[2026-07-27 20:24:28] INFO | Phase 1 [456/1083]: N R Hospital
[2026-07-27 20:24:38] WARNING |   Nav error: Page.goto: net::ERR_HTTP2_PROTOCOL_ERROR at https://www.justdial.com/All-Cities/N+R+Hospital-Hospital/nct-11109123
Call log:
  - navigating to "https://www.justdial.com/All-Cities/N+R+Hospital-Hospital/nct-11109123", waiting until "domcontentloaded"
 (attempt 1/2)
[2026-07-27 20:24:40] WARNING |   Nav error: Page.goto: net::ERR_HTTP2_PROTOCOL_ERROR at https://www.justdial.com/All-Cities/N+R+Hospital-Hospital/nct-11109123
Call log:
  - navigating to "https://www.justdial.com/All-Cities/N+R+Hospital-Hospital/nct-11109123", waiting until "domcontentloaded"
 (attempt 2/2)
[2026-07-27 20:24:42] INFO | Phase 1 [457/1083]: K R HOLISTIC HOSPITALS
[2026-07-27 20:24:52] WARNING |   Nav error: Page.goto: net::ERR_HTTP2_PROTOCOL_ERROR at https://www.justdial.com/All-Cities/K+R+HOLISTIC+HOSPITALS-Hospital/nct-11109123
Call log:
  - navigating to "https://www.justdial.com/All-Cities/K+R+HOLISTIC+HOSPITALS-Hospital/nct-11109123", waiting until "domcontentloaded"
 (attempt 1/2)
[2026-07-27 20:24:55] WARNING |   Nav error: Page.goto: net::ERR_HTTP2_PROTOCOL_ERROR at https://www.justdial.com/All-Cities/K+R+HOLISTIC+HOSPITALS-Hospital/nct-11109123
Call log:
  - navigating to "https://www.justdial.com/All-Cities/K+R+HOLISTIC+HOSPITALS-Hospital/nct-11109123", waiting until "domcontentloaded"
 (attempt 2/2)
[2026-07-27 20:24:57] INFO | Phase 1 [458/1083]: Brahm Shakti Hospital
[2026-07-27 20:25:06] WARNING |   Nav error: Page.goto: net::ERR_HTTP2_PROTOCOL_ERROR at https://www.justdial.com/All-Cities/Brahm+Shakti+Hospital-Hospital/nct-11109123
Call log:
  - navigating to "https://www.justdial.com/All-Cities/Brahm+Shakti+Hospital-Hospital/nct-11109123", waiting until "domcontentloaded"
 (attempt 1/2)
[2026-07-27 20:25:08] WARNING |   Nav error: Page.goto: net::ERR_HTTP2_PROTOCOL_ERROR at https://www.justdial.com/All-Cities/Brahm+Shakti+Hospital-Hospital/nct-11109123
Call log:
  - navigating to "https://www.justdial.com/All-Cities/Brahm+Shakti+Hospital-Hospital/nct-11109123", waiting until "domcontentloaded"
 (attempt 2/2)
[2026-07-27 20:25:09] INFO | Phase 1 [459/1083]: Delhi Government Hospital
[2026-07-27 20:25:19] WARNING |   Nav error: Page.goto: net::ERR_HTTP2_PROTOCOL_ERROR at https://www.justdial.com/All-Cities/Delhi+Government+Hospital-Hospital/nct-11109123
Call log:
  - navigating to "https://www.justdial.com/All-Cities/Delhi+Government+Hospital-Hospital/nct-11109123", waiting until "domcontentloaded"
 (attempt 1/2)
[2026-07-27 20:25:21] WARNING |   Nav error: Page.goto: net::ERR_HTTP2_PROTOCOL_ERROR at https://www.justdial.com/All-Cities/Delhi+Government+Hospital-Hospital/nct-11109123
Call log:
  - navigating to "https://www.justdial.com/All-Cities/Delhi+Government+Hospital-Hospital/nct-11109123", waiting until "domcontentloaded"
 (attempt 2/2)
[2026-07-27 20:25:23] INFO | Phase 1 [460/1083]: Dr. Lal Hospital
[2026-07-27 20:25:32] WARNING |   Nav error: Page.goto: net::ERR_HTTP2_PROTOCOL_ERROR at https://www.justdial.com/All-Cities/Dr.+Lal+Hospital-Hospital/nct-11109123
Call log:
  - navigating to "https://www.justdial.com/All-Cities/Dr.+Lal+Hospital-Hospital/nct-11109123", waiting until "domcontentloaded"
 (attempt 1/2)
[2026-07-27 20:25:34] WARNING |   Nav error: Page.goto: net::ERR_HTTP2_PROTOCOL_ERROR at https://www.justdial.com/All-Cities/Dr.+Lal+Hospital-Hospital/nct-11109123
Call log:
  - navigating to "https://www.justdial.com/All-Cities/Dr.+Lal+Hospital-Hospital/nct-11109123", waiting until "domcontentloaded"
 (attempt 2/2)
[2026-07-27 20:25:36] INFO | Phase 1 [461/1083]: B.S.Memorial Clinic
[2026-07-27 20:25:46] WARNING |   Nav error: Page.goto: net::ERR_HTTP2_PROTOCOL_ERROR at https://www.justdial.com/All-Cities/B.S.Memorial+Clinic-Hospital/nct-11109123
Call log:
  - navigating to "https://www.justdial.com/All-Cities/B.S.Memorial+Clinic-Hospital/nct-11109123", waiting until "domcontentloaded"
 (attempt 1/2)
[2026-07-27 20:25:48] WARNING |   Nav error: Page.goto: net::ERR_HTTP2_PROTOCOL_ERROR at https://www.justdial.com/All-Cities/B.S.Memorial+Clinic-Hospital/nct-11109123
Call log:
  - navigating to "https://www.justdial.com/All-Cities/B.S.Memorial+Clinic-Hospital/nct-11109123", waiting until "domcontentloaded"
 (attempt 2/2)
[2026-07-27 20:25:50] INFO | Phase 1 [462/1083]: Care Well Diagnostic
[2026-07-27 20:25:59] WARNING |   Nav error: Page.goto: net::ERR_HTTP2_PROTOCOL_ERROR at https://www.justdial.com/All-Cities/Care+Well+Diagnostic-Hospital/nct-11109123
Call log:
  - navigating to "https://www.justdial.com/All-Cities/Care+Well+Diagnostic-Hospital/nct-11109123", waiting until "domcontentloaded"
 (attempt 1/2)
[2026-07-27 20:26:01] WARNING |   Nav error: Page.goto: net::ERR_HTTP2_PROTOCOL_ERROR at https://www.justdial.com/All-Cities/Care+Well+Diagnostic-Hospital/nct-11109123
Call log:
  - navigating to "https://www.justdial.com/All-Cities/Care+Well+Diagnostic-Hospital/nct-11109123", waiting until "domcontentloaded"
 (attempt 2/2)
[2026-07-27 20:26:03] INFO | Phase 1 [463/1083]: Hitaishi hospital
[2026-07-27 20:26:13] WARNING |   Nav error: Page.goto: net::ERR_HTTP2_PROTOCOL_ERROR at https://www.justdial.com/All-Cities/Hitaishi+hospital-Hospital/nct-11109123
Call log:
  - navigating to "https://www.justdial.com/All-Cities/Hitaishi+hospital-Hospital/nct-11109123", waiting until "domcontentloaded"
 (attempt 1/2)
[2026-07-27 20:26:15] WARNING |   Nav error: Page.goto: net::ERR_HTTP2_PROTOCOL_ERROR at https://www.justdial.com/All-Cities/Hitaishi+hospital-Hospital/nct-11109123
Call log:
  - navigating to "https://www.justdial.com/All-Cities/Hitaishi+hospital-Hospital/nct-11109123", waiting until "domcontentloaded"
 (attempt 2/2)
[2026-07-27 20:26:17] INFO | Phase 1 [464/1083]: Universal Hospital
[2026-07-27 20:26:27] WARNING |   Nav error: Page.goto: net::ERR_HTTP2_PROTOCOL_ERROR at https://www.justdial.com/All-Cities/Universal+Hospital-Hospital/nct-11109123
Call log:
  - navigating to "https://www.justdial.com/All-Cities/Universal+Hospital-Hospital/nct-11109123", waiting until "domcontentloaded"
 (attempt 1/2)
[2026-07-27 20:26:29] WARNING |   Nav error: Page.goto: net::ERR_HTTP2_PROTOCOL_ERROR at https://www.justdial.com/All-Cities/Universal+Hospital-Hospital/nct-11109123
Call log:
  - navigating to "https://www.justdial.com/All-Cities/Universal+Hospital-Hospital/nct-11109123", waiting until "domcontentloaded"
 (attempt 2/2)
[2026-07-27 20:26:32] INFO | Phase 1 [465/1083]: S.R. Medicoz
[2026-07-27 20:26:41] WARNING |   Nav error: Page.goto: net::ERR_HTTP2_PROTOCOL_ERROR at https://www.justdial.com/All-Cities/S.R.+Medicoz-Hospital/nct-11109123
Call log:
  - navigating to "https://www.justdial.com/All-Cities/S.R.+Medicoz-Hospital/nct-11109123", waiting until "domcontentloaded"
 (attempt 1/2)
[2026-07-27 20:26:43] WARNING |   Nav error: Page.goto: net::ERR_HTTP2_PROTOCOL_ERROR at https://www.justdial.com/All-Cities/S.R.+Medicoz-Hospital/nct-11109123
Call log:
  - navigating to "https://www.justdial.com/All-Cities/S.R.+Medicoz-Hospital/nct-11109123", waiting until "domcontentloaded"
 (attempt 2/2)
[2026-07-27 20:26:44] INFO | Phase 1 [466/1083]: RTRM hospital
[2026-07-27 20:26:54] WARNING |   Nav error: Page.goto: net::ERR_HTTP2_PROTOCOL_ERROR at https://www.justdial.com/All-Cities/RTRM+hospital-Hospital/nct-11109123
Call log:
  - navigating to "https://www.justdial.com/All-Cities/RTRM+hospital-Hospital/nct-11109123", waiting until "domcontentloaded"
 (attempt 1/2)
[2026-07-27 20:26:56] WARNING |   Nav error: Page.goto: net::ERR_HTTP2_PROTOCOL_ERROR at https://www.justdial.com/All-Cities/RTRM+hospital-Hospital/nct-11109123
Call log:
  - navigating to "https://www.justdial.com/All-Cities/RTRM+hospital-Hospital/nct-11109123", waiting until "domcontentloaded"
 (attempt 2/2)
[2026-07-27 20:26:57] INFO | Phase 1 [467/1083]: M R Hospital (multispeciality)
[2026-07-27 20:27:07] WARNING |   Nav error: Page.goto: net::ERR_HTTP2_PROTOCOL_ERROR at https://www.justdial.com/All-Cities/M+R+Hospital+%28multispeciality%29-Hospital/nct-11109123
Call log:
  - navigating to "https://www.justdial.com/All-Cities/M+R+Hospital+%28multispeciality%29-Hospital/nct-11109123", waiting until "domcontentloaded"
 (attempt 1/2)
[2026-07-27 20:27:09] WARNING |   Nav error: Page.goto: net::ERR_HTTP2_PROTOCOL_ERROR at https://www.justdial.com/All-Cities/M+R+Hospital+%28multispeciality%29-Hospital/nct-11109123
Call log:
  - navigating to "https://www.justdial.com/All-Cities/M+R+Hospital+%28multispeciality%29-Hospital/nct-11109123", waiting until "domcontentloaded"
 (attempt 2/2)
[2026-07-27 20:27:11] INFO | Phase 1 [468/1083]: Dr Abhishek Maru
[2026-07-27 20:27:20] WARNING |   Nav error: Page.goto: net::ERR_HTTP2_PROTOCOL_ERROR at https://www.justdial.com/All-Cities/Dr+Abhishek+Maru-Hospital/nct-11109123
Call log:
  - navigating to "https://www.justdial.com/All-Cities/Dr+Abhishek+Maru-Hospital/nct-11109123", waiting until "domcontentloaded"
 (attempt 1/2)
[2026-07-27 20:27:22] WARNING |   Nav error: Page.goto: net::ERR_HTTP2_PROTOCOL_ERROR at https://www.justdial.com/All-Cities/Dr+Abhishek+Maru-Hospital/nct-11109123
Call log:
  - navigating to "https://www.justdial.com/All-Cities/Dr+Abhishek+Maru-Hospital/nct-11109123", waiting until "domcontentloaded"
 (attempt 2/2)
[2026-07-27 20:27:24] INFO | Phase 1 [469/1083]: Employees State Insurance Dispensary
[2026-07-27 20:27:33] WARNING |   Nav error: Page.goto: net::ERR_HTTP2_PROTOCOL_ERROR at https://www.justdial.com/All-Cities/Employees+State+Insurance+Dispensary-Hospital/nct-11109123
Call log:
  - navigating to "https://www.justdial.com/All-Cities/Employees+State+Insurance+Dispensary-Hospital/nct-11109123", waiting until "domcontentloaded"
 (attempt 1/2)
[2026-07-27 20:27:36] WARNING |   Nav error: Page.goto: net::ERR_HTTP2_PROTOCOL_ERROR at https://www.justdial.com/All-Cities/Employees+State+Insurance+Dispensary-Hospital/nct-11109123
Call log:
  - navigating to "https://www.justdial.com/All-Cities/Employees+State+Insurance+Dispensary-Hospital/nct-11109123", waiting until "domcontentloaded"
 (attempt 2/2)
[2026-07-27 20:27:38] INFO | Phase 1 [470/1083]: Naren Hospital
[2026-07-27 20:27:47] WARNING |   Nav error: Page.goto: net::ERR_HTTP2_PROTOCOL_ERROR at https://www.justdial.com/All-Cities/Naren+Hospital-Hospital/nct-11109123
Call log:
  - navigating to "https://www.justdial.com/All-Cities/Naren+Hospital-Hospital/nct-11109123", waiting until "domcontentloaded"
 (attempt 1/2)
[2026-07-27 20:27:49] WARNING |   Nav error: Page.goto: net::ERR_HTTP2_PROTOCOL_ERROR at https://www.justdial.com/All-Cities/Naren+Hospital-Hospital/nct-11109123
Call log:
  - navigating to "https://www.justdial.com/All-Cities/Naren+Hospital-Hospital/nct-11109123", waiting until "domcontentloaded"
 (attempt 2/2)
[2026-07-27 20:27:51] INFO | Phase 1 [471/1083]: Dr. Vivek Arya
[2026-07-27 20:28:01] WARNING |   Nav error: Page.goto: net::ERR_HTTP2_PROTOCOL_ERROR at https://www.justdial.com/All-Cities/Dr.+Vivek+Arya-Hospital/nct-11109123
Call log:
  - navigating to "https://www.justdial.com/All-Cities/Dr.+Vivek+Arya-Hospital/nct-11109123", waiting until "domcontentloaded"
 (attempt 1/2)
[2026-07-27 20:28:03] WARNING |   Nav error: Page.goto: net::ERR_HTTP2_PROTOCOL_ERROR at https://www.justdial.com/All-Cities/Dr.+Vivek+Arya-Hospital/nct-11109123
Call log:
  - navigating to "https://www.justdial.com/All-Cities/Dr.+Vivek+Arya-Hospital/nct-11109123", waiting until "domcontentloaded"
 (attempt 2/2)
[2026-07-27 20:28:05] INFO | Phase 1 [472/1083]: TARAK HOSPITAL INDIA PRIVATE LIMITED
[2026-07-27 20:28:16] WARNING |   Nav error: Page.goto: net::ERR_HTTP2_PROTOCOL_ERROR at https://www.justdial.com/All-Cities/TARAK+HOSPITAL+INDIA+PRIVATE+LIMITED-Hospital/nct-11109123
Call log:
  - navigating to "https://www.justdial.com/All-Cities/TARAK+HOSPITAL+INDIA+PRIVATE+LIMITED-Hospital/nct-11109123", waiting until "domcontentloaded"
 (attempt 1/2)
[2026-07-27 20:28:18] WARNING |   Nav error: Page.goto: net::ERR_HTTP2_PROTOCOL_ERROR at https://www.justdial.com/All-Cities/TARAK+HOSPITAL+INDIA+PRIVATE+LIMITED-Hospital/nct-11109123
Call log:
  - navigating to "https://www.justdial.com/All-Cities/TARAK+HOSPITAL+INDIA+PRIVATE+LIMITED-Hospital/nct-11109123", waiting until "domcontentloaded"
 (attempt 2/2)
[2026-07-27 20:28:21] INFO | Phase 1 [473/1083]: Jyoti Memorial Jain Hospital
[2026-07-27 20:28:30] WARNING |   Nav error: Page.goto: net::ERR_HTTP2_PROTOCOL_ERROR at https://www.justdial.com/All-Cities/Jyoti+Memorial+Jain+Hospital-Hospital/nct-11109123
Call log:
  - navigating to "https://www.justdial.com/All-Cities/Jyoti+Memorial+Jain+Hospital-Hospital/nct-11109123", waiting until "domcontentloaded"
 (attempt 1/2)
[2026-07-27 20:28:32] WARNING |   Nav error: Page.goto: net::ERR_HTTP2_PROTOCOL_ERROR at https://www.justdial.com/All-Cities/Jyoti+Memorial+Jain+Hospital-Hospital/nct-11109123
Call log:
  - navigating to "https://www.justdial.com/All-Cities/Jyoti+Memorial+Jain+Hospital-Hospital/nct-11109123", waiting until "domcontentloaded"
 (attempt 2/2)
[2026-07-27 20:28:34] INFO | Phase 1 [474/1083]: Vikas Dental Clinic
[2026-07-27 20:28:43] WARNING |   Nav error: Page.goto: net::ERR_HTTP2_PROTOCOL_ERROR at https://www.justdial.com/All-Cities/Vikas+Dental+Clinic-Hospital/nct-11109123
Call log:
  - navigating to "https://www.justdial.com/All-Cities/Vikas+Dental+Clinic-Hospital/nct-11109123", waiting until "domcontentloaded"
 (attempt 1/2)
[2026-07-27 20:28:45] WARNING |   Nav error: Page.goto: net::ERR_HTTP2_PROTOCOL_ERROR at https://www.justdial.com/All-Cities/Vikas+Dental+Clinic-Hospital/nct-11109123
Call log:
  - navigating to "https://www.justdial.com/All-Cities/Vikas+Dental+Clinic-Hospital/nct-11109123", waiting until "domcontentloaded"
 (attempt 2/2)
[2026-07-27 20:28:47] INFO | Phase 1 [475/1083]: Sinha Fracture and Surgical Center
[2026-07-27 20:28:56] WARNING |   Nav error: Page.goto: net::ERR_HTTP2_PROTOCOL_ERROR at https://www.justdial.com/All-Cities/Sinha+Fracture+and+Surgical+Center-Hospital/nct-11109123
Call log:
  - navigating to "https://www.justdial.com/All-Cities/Sinha+Fracture+and+Surgical+Center-Hospital/nct-11109123", waiting until "domcontentloaded"
 (attempt 1/2)
[2026-07-27 20:28:58] WARNING |   Nav error: Page.goto: net::ERR_HTTP2_PROTOCOL_ERROR at https://www.justdial.com/All-Cities/Sinha+Fracture+and+Surgical+Center-Hospital/nct-11109123
Call log:
  - navigating to "https://www.justdial.com/All-Cities/Sinha+Fracture+and+Surgical+Center-Hospital/nct-11109123", waiting until "domcontentloaded"
 (attempt 2/2)
[2026-07-27 20:29:01] INFO | Phase 1 [476/1083]: Pearl Hospital - ENT Clinic | Vertigo Treatment | General Surgery | Hearing Aid Center | Speech Therapy
[2026-07-27 20:29:10] WARNING |   Nav error: Page.goto: net::ERR_HTTP2_PROTOCOL_ERROR at https://www.justdial.com/All-Cities/Pearl+Hospital+-+ENT+Clinic+%7C+Vertigo+Treatment+%7C+General+Surgery+%7C+Hearing+Aid+Center+%7C+Speech+Therapy-Hospital/nct-11109123
Call log:
  - navigating to "https://www.justdial.com/All-Cities/Pearl+Hospital+-+ENT+Clinic+%7C+Vertigo+Treatment+%7C+General+Surgery+%7C+Hearing+Aid+Center+%7C+Speech+Therapy-Hospital/nct-11109123", waiting until "domcontentloaded"
 (attempt 1/2)
[2026-07-27 20:29:12] WARNING |   Nav error: Page.goto: net::ERR_HTTP2_PROTOCOL_ERROR at https://www.justdial.com/All-Cities/Pearl+Hospital+-+ENT+Clinic+%7C+Vertigo+Treatment+%7C+General+Surgery+%7C+Hearing+Aid+Center+%7C+Speech+Therapy-Hospital/nct-11109123
Call log:
  - navigating to "https://www.justdial.com/All-Cities/Pearl+Hospital+-+ENT+Clinic+%7C+Vertigo+Treatment+%7C+General+Surgery+%7C+Hearing+Aid+Center+%7C+Speech+Therapy-Hospital/nct-11109123", waiting until "domcontentloaded"
 (attempt 2/2)
[2026-07-27 20:29:15] INFO | Phase 1 [477/1083]: Vishwakarma Hospital
[2026-07-27 20:29:24] WARNING |   Nav error: Page.goto: net::ERR_HTTP2_PROTOCOL_ERROR at https://www.justdial.com/All-Cities/Vishwakarma+Hospital-Hospital/nct-11109123
Call log:
  - navigating to "https://www.justdial.com/All-Cities/Vishwakarma+Hospital-Hospital/nct-11109123", waiting until "domcontentloaded"
 (attempt 1/2)
[2026-07-27 20:29:27] WARNING |   Nav error: Page.goto: net::ERR_HTTP2_PROTOCOL_ERROR at https://www.justdial.com/All-Cities/Vishwakarma+Hospital-Hospital/nct-11109123
Call log:
  - navigating to "https://www.justdial.com/All-Cities/Vishwakarma+Hospital-Hospital/nct-11109123", waiting until "domcontentloaded"
 (attempt 2/2)
[2026-07-27 20:29:29] INFO | Phase 1 [478/1083]: CHAYAN HOSPITAL
[2026-07-27 20:29:37] WARNING |   Nav error: Page.goto: net::ERR_HTTP2_PROTOCOL_ERROR at https://www.justdial.com/All-Cities/CHAYAN+HOSPITAL-Hospital/nct-11109123
Call log:
  - navigating to "https://www.justdial.com/All-Cities/CHAYAN+HOSPITAL-Hospital/nct-11109123", waiting until "domcontentloaded"
 (attempt 1/2)
[2026-07-27 20:29:39] WARNING |   Nav error: Page.goto: net::ERR_HTTP2_PROTOCOL_ERROR at https://www.justdial.com/All-Cities/CHAYAN+HOSPITAL-Hospital/nct-11109123
Call log:
  - navigating to "https://www.justdial.com/All-Cities/CHAYAN+HOSPITAL-Hospital/nct-11109123", waiting until "domcontentloaded"
 (attempt 2/2)
[2026-07-27 20:29:42] INFO | Phase 1 [479/1083]: Health Care Clinic
[2026-07-27 20:29:52] WARNING |   Nav error: Page.goto: net::ERR_HTTP2_PROTOCOL_ERROR at https://www.justdial.com/All-Cities/Health+Care+Clinic-Hospital/nct-11109123
Call log:
  - navigating to "https://www.justdial.com/All-Cities/Health+Care+Clinic-Hospital/nct-11109123", waiting until "domcontentloaded"
 (attempt 1/2)
[2026-07-27 20:29:54] WARNING |   Nav error: Page.goto: net::ERR_HTTP2_PROTOCOL_ERROR at https://www.justdial.com/All-Cities/Health+Care+Clinic-Hospital/nct-11109123
Call log:
  - navigating to "https://www.justdial.com/All-Cities/Health+Care+Clinic-Hospital/nct-11109123", waiting until "domcontentloaded"
 (attempt 2/2)
[2026-07-27 20:29:57] INFO | Phase 1 [480/1083]: Nirmala Hospital
[2026-07-27 20:30:06] WARNING |   Nav error: Page.goto: net::ERR_HTTP2_PROTOCOL_ERROR at https://www.justdial.com/All-Cities/Nirmala+Hospital-Hospital/nct-11109123
Call log:
  - navigating to "https://www.justdial.com/All-Cities/Nirmala+Hospital-Hospital/nct-11109123", waiting until "domcontentloaded"
 (attempt 1/2)
[2026-07-27 20:30:08] WARNING |   Nav error: Page.goto: net::ERR_HTTP2_PROTOCOL_ERROR at https://www.justdial.com/All-Cities/Nirmala+Hospital-Hospital/nct-11109123
Call log:
  - navigating to "https://www.justdial.com/All-Cities/Nirmala+Hospital-Hospital/nct-11109123", waiting until "domcontentloaded"
 (attempt 2/2)
[2026-07-27 20:30:10] INFO | Phase 1 [481/1083]: Ortho Care Hospital
[2026-07-27 20:30:20] WARNING |   Nav error: Page.goto: net::ERR_HTTP2_PROTOCOL_ERROR at https://www.justdial.com/All-Cities/Ortho+Care+Hospital-Hospital/nct-11109123
Call log:
  - navigating to "https://www.justdial.com/All-Cities/Ortho+Care+Hospital-Hospital/nct-11109123", waiting until "domcontentloaded"
 (attempt 1/2)
[2026-07-27 20:30:22] WARNING |   Nav error: Page.goto: net::ERR_HTTP2_PROTOCOL_ERROR at https://www.justdial.com/All-Cities/Ortho+Care+Hospital-Hospital/nct-11109123
Call log:
  - navigating to "https://www.justdial.com/All-Cities/Ortho+Care+Hospital-Hospital/nct-11109123", waiting until "domcontentloaded"
 (attempt 2/2)
[2026-07-27 20:30:24] INFO | Phase 1 [482/1083]: Aarogya Ruchi Hospital Najafgarh
[2026-07-27 20:30:34] WARNING |   Nav error: Page.goto: net::ERR_HTTP2_PROTOCOL_ERROR at https://www.justdial.com/All-Cities/Aarogya+Ruchi+Hospital+Najafgarh-Hospital/nct-11109123
Call log:
  - navigating to "https://www.justdial.com/All-Cities/Aarogya+Ruchi+Hospital+Najafgarh-Hospital/nct-11109123", waiting until "domcontentloaded"
 (attempt 1/2)
[2026-07-27 20:30:36] WARNING |   Nav error: Page.goto: net::ERR_HTTP2_PROTOCOL_ERROR at https://www.justdial.com/All-Cities/Aarogya+Ruchi+Hospital+Najafgarh-Hospital/nct-11109123
Call log:
  - navigating to "https://www.justdial.com/All-Cities/Aarogya+Ruchi+Hospital+Najafgarh-Hospital/nct-11109123", waiting until "domcontentloaded"
 (attempt 2/2)
[2026-07-27 20:30:37] INFO | Phase 1 [483/1083]: Orthoplus Hospital
[2026-07-27 20:30:47] WARNING |   Nav error: Page.goto: net::ERR_HTTP2_PROTOCOL_ERROR at https://www.justdial.com/All-Cities/Orthoplus+Hospital-Hospital/nct-11109123
Call log:
  - navigating to "https://www.justdial.com/All-Cities/Orthoplus+Hospital-Hospital/nct-11109123", waiting until "domcontentloaded"
 (attempt 1/2)
[2026-07-27 20:30:49] WARNING |   Nav error: Page.goto: net::ERR_HTTP2_PROTOCOL_ERROR at https://www.justdial.com/All-Cities/Orthoplus+Hospital-Hospital/nct-11109123
Call log:
  - navigating to "https://www.justdial.com/All-Cities/Orthoplus+Hospital-Hospital/nct-11109123", waiting until "domcontentloaded"
 (attempt 2/2)
[2026-07-27 20:30:51] INFO | Phase 1 [484/1083]: Samar Hospital 50 Bedded Multispeciality Centre
[2026-07-27 20:31:04] WARNING |   Nav error: Page.goto: net::ERR_HTTP2_PROTOCOL_ERROR at https://www.justdial.com/All-Cities/Samar+Hospital+50+Bedded+Multispeciality+Centre-Hospital/nct-11109123
Call log:
  - navigating to "https://www.justdial.com/All-Cities/Samar+Hospital+50+Bedded+Multispeciality+Centre-Hospital/nct-11109123", waiting until "domcontentloaded"
 (attempt 1/2)
[2026-07-27 20:31:06] WARNING |   Nav error: Page.goto: net::ERR_HTTP2_PROTOCOL_ERROR at https://www.justdial.com/All-Cities/Samar+Hospital+50+Bedded+Multispeciality+Centre-Hospital/nct-11109123
Call log:
  - navigating to "https://www.justdial.com/All-Cities/Samar+Hospital+50+Bedded+Multispeciality+Centre-Hospital/nct-11109123", waiting until "domcontentloaded"
 (attempt 2/2)
[2026-07-27 20:31:08] INFO | Phase 1 [485/1083]: Anand Hospital
[2026-07-27 20:31:17] WARNING |   Nav error: Page.goto: net::ERR_HTTP2_PROTOCOL_ERROR at https://www.justdial.com/All-Cities/Anand+Hospital-Hospital/nct-11109123
Call log:
  - navigating to "https://www.justdial.com/All-Cities/Anand+Hospital-Hospital/nct-11109123", waiting until "domcontentloaded"
 (attempt 1/2)
[2026-07-27 20:31:19] WARNING |   Nav error: Page.goto: net::ERR_HTTP2_PROTOCOL_ERROR at https://www.justdial.com/All-Cities/Anand+Hospital-Hospital/nct-11109123
Call log:
  - navigating to "https://www.justdial.com/All-Cities/Anand+Hospital-Hospital/nct-11109123", waiting until "domcontentloaded"
 (attempt 2/2)
[2026-07-27 20:31:22] INFO | Phase 1 [486/1083]: Novel Health Care Hospital
[2026-07-27 20:31:31] WARNING |   Nav error: Page.goto: net::ERR_HTTP2_PROTOCOL_ERROR at https://www.justdial.com/All-Cities/Novel+Health+Care+Hospital-Hospital/nct-11109123
Call log:
  - navigating to "https://www.justdial.com/All-Cities/Novel+Health+Care+Hospital-Hospital/nct-11109123", waiting until "domcontentloaded"
 (attempt 1/2)
[2026-07-27 20:31:33] WARNING |   Nav error: Page.goto: net::ERR_HTTP2_PROTOCOL_ERROR at https://www.justdial.com/All-Cities/Novel+Health+Care+Hospital-Hospital/nct-11109123
Call log:
  - navigating to "https://www.justdial.com/All-Cities/Novel+Health+Care+Hospital-Hospital/nct-11109123", waiting until "domcontentloaded"
 (attempt 2/2)
[2026-07-27 20:31:34] INFO | Phase 1 [487/1083]: Sinha Hospital
[2026-07-27 20:31:43] WARNING |   Nav error: Page.goto: net::ERR_HTTP2_PROTOCOL_ERROR at https://www.justdial.com/All-Cities/Sinha+Hospital-Hospital/nct-11109123
Call log:
  - navigating to "https://www.justdial.com/All-Cities/Sinha+Hospital-Hospital/nct-11109123", waiting until "domcontentloaded"
 (attempt 1/2)
[2026-07-27 20:31:46] WARNING |   Nav error: Page.goto: net::ERR_HTTP2_PROTOCOL_ERROR at https://www.justdial.com/All-Cities/Sinha+Hospital-Hospital/nct-11109123
Call log:
  - navigating to "https://www.justdial.com/All-Cities/Sinha+Hospital-Hospital/nct-11109123", waiting until "domcontentloaded"
 (attempt 2/2)
[2026-07-27 20:31:48] INFO | Phase 1 [488/1083]: New Heera Hospital
[2026-07-27 20:31:58] WARNING |   Nav error: Page.goto: net::ERR_HTTP2_PROTOCOL_ERROR at https://www.justdial.com/All-Cities/New+Heera+Hospital-Hospital/nct-11109123
Call log:
  - navigating to "https://www.justdial.com/All-Cities/New+Heera+Hospital-Hospital/nct-11109123", waiting until "domcontentloaded"
 (attempt 1/2)
[2026-07-27 20:32:00] WARNING |   Nav error: Page.goto: net::ERR_HTTP2_PROTOCOL_ERROR at https://www.justdial.com/All-Cities/New+Heera+Hospital-Hospital/nct-11109123
Call log:
  - navigating to "https://www.justdial.com/All-Cities/New+Heera+Hospital-Hospital/nct-11109123", waiting until "domcontentloaded"
 (attempt 2/2)
[2026-07-27 20:32:01] INFO | Phase 1 [489/1083]: Janta Hospital
[2026-07-27 20:32:10] WARNING |   Nav error: Page.goto: net::ERR_HTTP2_PROTOCOL_ERROR at https://www.justdial.com/All-Cities/Janta+Hospital-Hospital/nct-11109123
Call log:
  - navigating to "https://www.justdial.com/All-Cities/Janta+Hospital-Hospital/nct-11109123", waiting until "domcontentloaded"
 (attempt 1/2)
[2026-07-27 20:32:13] WARNING |   Nav error: Page.goto: net::ERR_HTTP2_PROTOCOL_ERROR at https://www.justdial.com/All-Cities/Janta+Hospital-Hospital/nct-11109123
Call log:
  - navigating to "https://www.justdial.com/All-Cities/Janta+Hospital-Hospital/nct-11109123", waiting until "domcontentloaded"
 (attempt 2/2)
[2026-07-27 20:32:15] INFO | Phase 1 [490/1083]: Keshav health care center
[2026-07-27 20:32:25] WARNING |   Nav error: Page.goto: net::ERR_HTTP2_PROTOCOL_ERROR at https://www.justdial.com/All-Cities/Keshav+health+care+center-Hospital/nct-11109123
Call log:
  - navigating to "https://www.justdial.com/All-Cities/Keshav+health+care+center-Hospital/nct-11109123", waiting until "domcontentloaded"
 (attempt 1/2)
[2026-07-27 20:32:27] WARNING |   Nav error: Page.goto: net::ERR_HTTP2_PROTOCOL_ERROR at https://www.justdial.com/All-Cities/Keshav+health+care+center-Hospital/nct-11109123
Call log:
  - navigating to "https://www.justdial.com/All-Cities/Keshav+health+care+center-Hospital/nct-11109123", waiting until "domcontentloaded"
 (attempt 2/2)
[2026-07-27 20:32:29] INFO | Phase 1 [491/1083]: Joms Care Hospital
[2026-07-27 20:32:39] WARNING |   Nav error: Page.goto: net::ERR_HTTP2_PROTOCOL_ERROR at https://www.justdial.com/All-Cities/Joms+Care+Hospital-Hospital/nct-11109123
Call log:
  - navigating to "https://www.justdial.com/All-Cities/Joms+Care+Hospital-Hospital/nct-11109123", waiting until "domcontentloaded"
 (attempt 1/2)
[2026-07-27 20:32:41] WARNING |   Nav error: Page.goto: net::ERR_HTTP2_PROTOCOL_ERROR at https://www.justdial.com/All-Cities/Joms+Care+Hospital-Hospital/nct-11109123
Call log:
  - navigating to "https://www.justdial.com/All-Cities/Joms+Care+Hospital-Hospital/nct-11109123", waiting until "domcontentloaded"
 (attempt 2/2)
[2026-07-27 20:32:43] INFO | Phase 1 [492/1083]: Shri Dhanvantri Hospital best hospital in Najafgarh orthopedic doctor Gynaecologist in Najafgarh
[2026-07-27 20:32:52] WARNING |   Nav error: Page.goto: net::ERR_HTTP2_PROTOCOL_ERROR at https://www.justdial.com/All-Cities/Shri+Dhanvantri+Hospital+best+hospital+in+Najafgarh+orthopedic+doctor+Gynaecologist+in+Najafgarh-Hospital/nct-11109123
Call log:
  - navigating to "https://www.justdial.com/All-Cities/Shri+Dhanvantri+Hospital+best+hospital+in+Najafgarh+orthopedic+doctor+Gynaecologist+in+Najafgarh-Hospital/nct-11109123", waiting until "domcontentloaded"
 (attempt 1/2)
[2026-07-27 20:32:54] WARNING |   Nav error: Page.goto: net::ERR_HTTP2_PROTOCOL_ERROR at https://www.justdial.com/All-Cities/Shri+Dhanvantri+Hospital+best+hospital+in+Najafgarh+orthopedic+doctor+Gynaecologist+in+Najafgarh-Hospital/nct-11109123
Call log:
  - navigating to "https://www.justdial.com/All-Cities/Shri+Dhanvantri+Hospital+best+hospital+in+Najafgarh+orthopedic+doctor+Gynaecologist+in+Najafgarh-Hospital/nct-11109123", waiting until "domcontentloaded"
 (attempt 2/2)
[2026-07-27 20:32:56] INFO | Phase 1 [493/1083]: Dr S K Gupta
[2026-07-27 20:33:05] WARNING |   Nav error: Page.goto: net::ERR_HTTP2_PROTOCOL_ERROR at https://www.justdial.com/All-Cities/Dr+S+K+Gupta-Hospital/nct-11109123
Call log:
  - navigating to "https://www.justdial.com/All-Cities/Dr+S+K+Gupta-Hospital/nct-11109123", waiting until "domcontentloaded"
 (attempt 1/2)
[2026-07-27 20:33:07] WARNING |   Nav error: Page.goto: net::ERR_HTTP2_PROTOCOL_ERROR at https://www.justdial.com/All-Cities/Dr+S+K+Gupta-Hospital/nct-11109123
Call log:
  - navigating to "https://www.justdial.com/All-Cities/Dr+S+K+Gupta-Hospital/nct-11109123", waiting until "domcontentloaded"
 (attempt 2/2)
[2026-07-27 20:33:09] INFO | Phase 1 [494/1083]: BH SALVAS HOSPITAL
[2026-07-27 20:33:19] WARNING |   Nav error: Page.goto: net::ERR_HTTP2_PROTOCOL_ERROR at https://www.justdial.com/All-Cities/BH+SALVAS+HOSPITAL-Hospital/nct-11109123
Call log:
  - navigating to "https://www.justdial.com/All-Cities/BH+SALVAS+HOSPITAL-Hospital/nct-11109123", waiting until "domcontentloaded"
 (attempt 1/2)
[2026-07-27 20:33:21] WARNING |   Nav error: Page.goto: net::ERR_HTTP2_PROTOCOL_ERROR at https://www.justdial.com/All-Cities/BH+SALVAS+HOSPITAL-Hospital/nct-11109123
Call log:
  - navigating to "https://www.justdial.com/All-Cities/BH+SALVAS+HOSPITAL-Hospital/nct-11109123", waiting until "domcontentloaded"
 (attempt 2/2)
[2026-07-27 20:33:23] INFO | Phase 1 [495/1083]: Life Care Hospital
[2026-07-27 20:33:33] WARNING |   Nav error: Page.goto: net::ERR_HTTP2_PROTOCOL_ERROR at https://www.justdial.com/All-Cities/Life+Care+Hospital-Hospital/nct-11109123
Call log:
  - navigating to "https://www.justdial.com/All-Cities/Life+Care+Hospital-Hospital/nct-11109123", waiting until "domcontentloaded"
 (attempt 1/2)
[2026-07-27 20:33:35] WARNING |   Nav error: Page.goto: net::ERR_HTTP2_PROTOCOL_ERROR at https://www.justdial.com/All-Cities/Life+Care+Hospital-Hospital/nct-11109123
Call log:
  - navigating to "https://www.justdial.com/All-Cities/Life+Care+Hospital-Hospital/nct-11109123", waiting until "domcontentloaded"
 (attempt 2/2)
[2026-07-27 20:33:37] INFO | Phase 1 [496/1083]: Shri Sanjivani Hospital
[2026-07-27 20:33:47] WARNING |   Nav error: Page.goto: net::ERR_HTTP2_PROTOCOL_ERROR at https://www.justdial.com/All-Cities/Shri+Sanjivani+Hospital-Hospital/nct-11109123
Call log:
  - navigating to "https://www.justdial.com/All-Cities/Shri+Sanjivani+Hospital-Hospital/nct-11109123", waiting until "domcontentloaded"
 (attempt 1/2)
[2026-07-27 20:33:49] WARNING |   Nav error: Page.goto: net::ERR_HTTP2_PROTOCOL_ERROR at https://www.justdial.com/All-Cities/Shri+Sanjivani+Hospital-Hospital/nct-11109123
Call log:
  - navigating to "https://www.justdial.com/All-Cities/Shri+Sanjivani+Hospital-Hospital/nct-11109123", waiting until "domcontentloaded"
 (attempt 2/2)
[2026-07-27 20:33:51] INFO | Phase 1 [497/1083]: Hospital Section RHTC Najafgarh
[2026-07-27 20:34:01] WARNING |   Nav error: Page.goto: net::ERR_HTTP2_PROTOCOL_ERROR at https://www.justdial.com/All-Cities/Hospital+Section+RHTC+Najafgarh-Hospital/nct-11109123
Call log:
  - navigating to "https://www.justdial.com/All-Cities/Hospital+Section+RHTC+Najafgarh-Hospital/nct-11109123", waiting until "domcontentloaded"
 (attempt 1/2)
[2026-07-27 20:34:03] WARNING |   Nav error: Page.goto: net::ERR_HTTP2_PROTOCOL_ERROR at https://www.justdial.com/All-Cities/Hospital+Section+RHTC+Najafgarh-Hospital/nct-11109123
Call log:
  - navigating to "https://www.justdial.com/All-Cities/Hospital+Section+RHTC+Najafgarh-Hospital/nct-11109123", waiting until "domcontentloaded"
 (attempt 2/2)
[2026-07-27 20:34:05] INFO | Phase 1 [498/1083]: Kalyani Hospital
[2026-07-27 20:34:13] WARNING |   Nav error: Page.goto: net::ERR_HTTP2_PROTOCOL_ERROR at https://www.justdial.com/All-Cities/Kalyani+Hospital-Hospital/nct-11109123
Call log:
  - navigating to "https://www.justdial.com/All-Cities/Kalyani+Hospital-Hospital/nct-11109123", waiting until "domcontentloaded"
 (attempt 1/2)
[2026-07-27 20:34:16] WARNING |   Nav error: Page.goto: net::ERR_HTTP2_PROTOCOL_ERROR at https://www.justdial.com/All-Cities/Kalyani+Hospital-Hospital/nct-11109123
Call log:
  - navigating to "https://www.justdial.com/All-Cities/Kalyani+Hospital-Hospital/nct-11109123", waiting until "domcontentloaded"
 (attempt 2/2)
[2026-07-27 20:34:18] INFO | Phase 1 [499/1083]: Jay Hospital
[2026-07-27 20:34:28] WARNING |   Nav error: Page.goto: net::ERR_HTTP2_PROTOCOL_ERROR at https://www.justdial.com/All-Cities/Jay+Hospital-Hospital/nct-11109123
Call log:
  - navigating to "https://www.justdial.com/All-Cities/Jay+Hospital-Hospital/nct-11109123", waiting until "domcontentloaded"
 (attempt 1/2)
[2026-07-27 20:34:30] WARNING |   Nav error: Page.goto: net::ERR_HTTP2_PROTOCOL_ERROR at https://www.justdial.com/All-Cities/Jay+Hospital-Hospital/nct-11109123
Call log:
  - navigating to "https://www.justdial.com/All-Cities/Jay+Hospital-Hospital/nct-11109123", waiting until "domcontentloaded"
 (attempt 2/2)
[2026-07-27 20:34:32] INFO | Phase 1 [500/1083]: Jyoti Memorial Jain Hospital
[2026-07-27 20:34:41] WARNING |   Nav error: Page.goto: net::ERR_HTTP2_PROTOCOL_ERROR at https://www.justdial.com/All-Cities/Jyoti+Memorial+Jain+Hospital-Hospital/nct-11109123
Call log:
  - navigating to "https://www.justdial.com/All-Cities/Jyoti+Memorial+Jain+Hospital-Hospital/nct-11109123", waiting until "domcontentloaded"
 (attempt 1/2)
[2026-07-27 20:34:43] WARNING |   Nav error: Page.goto: net::ERR_HTTP2_PROTOCOL_ERROR at https://www.justdial.com/All-Cities/Jyoti+Memorial+Jain+Hospital-Hospital/nct-11109123
Call log:
  - navigating to "https://www.justdial.com/All-Cities/Jyoti+Memorial+Jain+Hospital-Hospital/nct-11109123", waiting until "domcontentloaded"
 (attempt 2/2)
[2026-07-27 20:34:45] INFO | Phase 1 [501/1083]: Swasthik Hospital
[2026-07-27 20:34:54] WARNING |   Nav error: Page.goto: net::ERR_HTTP2_PROTOCOL_ERROR at https://www.justdial.com/All-Cities/Swasthik+Hospital-Hospital/nct-11109123
Call log:
  - navigating to "https://www.justdial.com/All-Cities/Swasthik+Hospital-Hospital/nct-11109123", waiting until "domcontentloaded"
 (attempt 1/2)
[2026-07-27 20:34:56] WARNING |   Nav error: Page.goto: net::ERR_HTTP2_PROTOCOL_ERROR at https://www.justdial.com/All-Cities/Swasthik+Hospital-Hospital/nct-11109123
Call log:
  - navigating to "https://www.justdial.com/All-Cities/Swasthik+Hospital-Hospital/nct-11109123", waiting until "domcontentloaded"
 (attempt 2/2)
[2026-07-27 20:34:58] INFO | Phase 1 [502/1083]: Balaji Hospital Najafgarh
[2026-07-27 20:35:08] WARNING |   Nav error: Page.goto: net::ERR_HTTP2_PROTOCOL_ERROR at https://www.justdial.com/All-Cities/Balaji+Hospital+Najafgarh-Hospital/nct-11109123
Call log:
  - navigating to "https://www.justdial.com/All-Cities/Balaji+Hospital+Najafgarh-Hospital/nct-11109123", waiting until "domcontentloaded"
 (attempt 1/2)
[2026-07-27 20:35:10] WARNING |   Nav error: Page.goto: net::ERR_HTTP2_PROTOCOL_ERROR at https://www.justdial.com/All-Cities/Balaji+Hospital+Najafgarh-Hospital/nct-11109123
Call log:
  - navigating to "https://www.justdial.com/All-Cities/Balaji+Hospital+Najafgarh-Hospital/nct-11109123", waiting until "domcontentloaded"
 (attempt 2/2)
[2026-07-27 20:35:12] INFO | Phase 1 [503/1083]: Daivik Hospital
[2026-07-27 20:35:21] WARNING |   Nav error: Page.goto: net::ERR_HTTP2_PROTOCOL_ERROR at https://www.justdial.com/All-Cities/Daivik+Hospital-Hospital/nct-11109123
Call log:
  - navigating to "https://www.justdial.com/All-Cities/Daivik+Hospital-Hospital/nct-11109123", waiting until "domcontentloaded"
 (attempt 1/2)
[2026-07-27 20:35:23] WARNING |   Nav error: Page.goto: net::ERR_HTTP2_PROTOCOL_ERROR at https://www.justdial.com/All-Cities/Daivik+Hospital-Hospital/nct-11109123
Call log:
  - navigating to "https://www.justdial.com/All-Cities/Daivik+Hospital-Hospital/nct-11109123", waiting until "domcontentloaded"
 (attempt 2/2)
[2026-07-27 20:35:25] INFO | Phase 1 [504/1083]: Rosewood Hospital
[2026-07-27 20:35:34] WARNING |   Nav error: Page.goto: net::ERR_HTTP2_PROTOCOL_ERROR at https://www.justdial.com/All-Cities/Rosewood+Hospital-Hospital/nct-11109123
Call log:
  - navigating to "https://www.justdial.com/All-Cities/Rosewood+Hospital-Hospital/nct-11109123", waiting until "domcontentloaded"
 (attempt 1/2)
[2026-07-27 20:35:37] WARNING |   Nav error: Page.goto: net::ERR_HTTP2_PROTOCOL_ERROR at https://www.justdial.com/All-Cities/Rosewood+Hospital-Hospital/nct-11109123
Call log:
  - navigating to "https://www.justdial.com/All-Cities/Rosewood+Hospital-Hospital/nct-11109123", waiting until "domcontentloaded"
 (attempt 2/2)
[2026-07-27 20:35:39] INFO | Phase 1 [505/1083]: Janki Hospital Pvt Ltd
[2026-07-27 20:35:49] WARNING |   Nav error: Page.goto: net::ERR_HTTP2_PROTOCOL_ERROR at https://www.justdial.com/All-Cities/Janki+Hospital+Pvt+Ltd-Hospital/nct-11109123
Call log:
  - navigating to "https://www.justdial.com/All-Cities/Janki+Hospital+Pvt+Ltd-Hospital/nct-11109123", waiting until "domcontentloaded"
 (attempt 1/2)
[2026-07-27 20:35:51] WARNING |   Nav error: Page.goto: net::ERR_HTTP2_PROTOCOL_ERROR at https://www.justdial.com/All-Cities/Janki+Hospital+Pvt+Ltd-Hospital/nct-11109123
Call log:
  - navigating to "https://www.justdial.com/All-Cities/Janki+Hospital+Pvt+Ltd-Hospital/nct-11109123", waiting until "domcontentloaded"
 (attempt 2/2)
[2026-07-27 20:35:53] INFO | Phase 1 [506/1083]: Vikas Hospital Private Limited
[2026-07-27 20:36:03] WARNING |   Nav error: Page.goto: net::ERR_HTTP2_PROTOCOL_ERROR at https://www.justdial.com/All-Cities/Vikas+Hospital+Private+Limited-Hospital/nct-11109123
Call log:
  - navigating to "https://www.justdial.com/All-Cities/Vikas+Hospital+Private+Limited-Hospital/nct-11109123", waiting until "domcontentloaded"
 (attempt 1/2)
[2026-07-27 20:36:05] WARNING |   Nav error: Page.goto: net::ERR_HTTP2_PROTOCOL_ERROR at https://www.justdial.com/All-Cities/Vikas+Hospital+Private+Limited-Hospital/nct-11109123
Call log:
  - navigating to "https://www.justdial.com/All-Cities/Vikas+Hospital+Private+Limited-Hospital/nct-11109123", waiting until "domcontentloaded"
 (attempt 2/2)
[2026-07-27 20:36:06] INFO | Phase 1 [507/1083]: Shokeen Hospital
[2026-07-27 20:36:15] WARNING |   Nav error: Page.goto: net::ERR_HTTP2_PROTOCOL_ERROR at https://www.justdial.com/All-Cities/Shokeen+Hospital-Hospital/nct-11109123
Call log:
  - navigating to "https://www.justdial.com/All-Cities/Shokeen+Hospital-Hospital/nct-11109123", waiting until "domcontentloaded"
 (attempt 1/2)
[2026-07-27 20:36:17] WARNING |   Nav error: Page.goto: net::ERR_HTTP2_PROTOCOL_ERROR at https://www.justdial.com/All-Cities/Shokeen+Hospital-Hospital/nct-11109123
Call log:
  - navigating to "https://www.justdial.com/All-Cities/Shokeen+Hospital-Hospital/nct-11109123", waiting until "domcontentloaded"
 (attempt 2/2)
[2026-07-27 20:36:19] INFO | Phase 1 [508/1083]: Surya Kiran Hospital
[2026-07-27 20:36:30] WARNING |   Nav error: Page.goto: net::ERR_HTTP2_PROTOCOL_ERROR at https://www.justdial.com/All-Cities/Surya+Kiran+Hospital-Hospital/nct-11109123
Call log:
  - navigating to "https://www.justdial.com/All-Cities/Surya+Kiran+Hospital-Hospital/nct-11109123", waiting until "domcontentloaded"
 (attempt 1/2)
[2026-07-27 20:36:32] WARNING |   Nav error: Page.goto: net::ERR_HTTP2_PROTOCOL_ERROR at https://www.justdial.com/All-Cities/Surya+Kiran+Hospital-Hospital/nct-11109123
Call log:
  - navigating to "https://www.justdial.com/All-Cities/Surya+Kiran+Hospital-Hospital/nct-11109123", waiting until "domcontentloaded"
 (attempt 2/2)
[2026-07-27 20:36:35] INFO | Phase 1 [509/1083]: Indus Valley Hospitals General Hospital Eye centre and Maternity centre CGHS
[2026-07-27 20:36:44] WARNING |   Nav error: Page.goto: net::ERR_HTTP2_PROTOCOL_ERROR at https://www.justdial.com/All-Cities/Indus+Valley+Hospitals+General+Hospital+Eye+centre+and+Maternity+centre+CGHS-Hospital/nct-11109123
Call log:
  - navigating to "https://www.justdial.com/All-Cities/Indus+Valley+Hospitals+General+Hospital+Eye+centre+and+Maternity+centre+CGHS-Hospital/nct-11109123", waiting until "domcontentloaded"
 (attempt 1/2)
[2026-07-27 20:36:46] WARNING |   Nav error: Page.goto: net::ERR_HTTP2_PROTOCOL_ERROR at https://www.justdial.com/All-Cities/Indus+Valley+Hospitals+General+Hospital+Eye+centre+and+Maternity+centre+CGHS-Hospital/nct-11109123
Call log:
  - navigating to "https://www.justdial.com/All-Cities/Indus+Valley+Hospitals+General+Hospital+Eye+centre+and+Maternity+centre+CGHS-Hospital/nct-11109123", waiting until "domcontentloaded"
 (attempt 2/2)
[2026-07-27 20:36:48] INFO | Phase 1 [510/1083]: Dr. Baba Saheb Ambedkar Hospital
[2026-07-27 20:36:57] WARNING |   Nav error: Page.goto: net::ERR_HTTP2_PROTOCOL_ERROR at https://www.justdial.com/All-Cities/Dr.+Baba+Saheb+Ambedkar+Hospital-Hospital/nct-11109123
Call log:
  - navigating to "https://www.justdial.com/All-Cities/Dr.+Baba+Saheb+Ambedkar+Hospital-Hospital/nct-11109123", waiting until "domcontentloaded"
 (attempt 1/2)
[2026-07-27 20:36:59] WARNING |   Nav error: Page.goto: net::ERR_HTTP2_PROTOCOL_ERROR at https://www.justdial.com/All-Cities/Dr.+Baba+Saheb+Ambedkar+Hospital-Hospital/nct-11109123
Call log:
  - navigating to "https://www.justdial.com/All-Cities/Dr.+Baba+Saheb+Ambedkar+Hospital-Hospital/nct-11109123", waiting until "domcontentloaded"
 (attempt 2/2)
[2026-07-27 20:37:01] INFO | Phase 1 [511/1083]: Medlife Hospital
[2026-07-27 20:37:11] WARNING |   Nav error: Page.goto: net::ERR_HTTP2_PROTOCOL_ERROR at https://www.justdial.com/All-Cities/Medlife+Hospital-Hospital/nct-11109123
Call log:
  - navigating to "https://www.justdial.com/All-Cities/Medlife+Hospital-Hospital/nct-11109123", waiting until "domcontentloaded"
 (attempt 1/2)
[2026-07-27 20:37:13] WARNING |   Nav error: Page.goto: net::ERR_HTTP2_PROTOCOL_ERROR at https://www.justdial.com/All-Cities/Medlife+Hospital-Hospital/nct-11109123
Call log:
  - navigating to "https://www.justdial.com/All-Cities/Medlife+Hospital-Hospital/nct-11109123", waiting until "domcontentloaded"
 (attempt 2/2)
[2026-07-27 20:37:15] INFO | Phase 1 [512/1083]: Bhagwan Mahavir Super Speciality Hospital Rohini
[2026-07-27 20:37:27] WARNING |   Nav error: Page.goto: net::ERR_HTTP2_PROTOCOL_ERROR at https://www.justdial.com/All-Cities/Bhagwan+Mahavir+Super+Speciality+Hospital+Rohini-Hospital/nct-11109123
Call log:
  - navigating to "https://www.justdial.com/All-Cities/Bhagwan+Mahavir+Super+Speciality+Hospital+Rohini-Hospital/nct-11109123", waiting until "domcontentloaded"
 (attempt 1/2)
[2026-07-27 20:37:29] WARNING |   Nav error: Page.goto: net::ERR_HTTP2_PROTOCOL_ERROR at https://www.justdial.com/All-Cities/Bhagwan+Mahavir+Super+Speciality+Hospital+Rohini-Hospital/nct-11109123
Call log:
  - navigating to "https://www.justdial.com/All-Cities/Bhagwan+Mahavir+Super+Speciality+Hospital+Rohini-Hospital/nct-11109123", waiting until "domcontentloaded"
 (attempt 2/2)
[2026-07-27 20:37:31] INFO | Phase 1 [513/1083]: Jyoti Medicos
[2026-07-27 20:37:41] WARNING |   Nav error: Page.goto: net::ERR_HTTP2_PROTOCOL_ERROR at https://www.justdial.com/All-Cities/Jyoti+Medicos-Hospital/nct-11109123
Call log:
  - navigating to "https://www.justdial.com/All-Cities/Jyoti+Medicos-Hospital/nct-11109123", waiting until "domcontentloaded"
 (attempt 1/2)
[2026-07-27 20:37:43] WARNING |   Nav error: Page.goto: net::ERR_HTTP2_PROTOCOL_ERROR at https://www.justdial.com/All-Cities/Jyoti+Medicos-Hospital/nct-11109123
Call log:
  - navigating to "https://www.justdial.com/All-Cities/Jyoti+Medicos-Hospital/nct-11109123", waiting until "domcontentloaded"
 (attempt 2/2)
[2026-07-27 20:37:45] INFO | Phase 1 [514/1083]: Shri Vardhman Jain Hospital
[2026-07-27 20:37:54] WARNING |   Nav error: Page.goto: net::ERR_HTTP2_PROTOCOL_ERROR at https://www.justdial.com/All-Cities/Shri+Vardhman+Jain+Hospital-Hospital/nct-11109123
Call log:
  - navigating to "https://www.justdial.com/All-Cities/Shri+Vardhman+Jain+Hospital-Hospital/nct-11109123", waiting until "domcontentloaded"
 (attempt 1/2)
[2026-07-27 20:37:56] WARNING |   Nav error: Page.goto: net::ERR_HTTP2_PROTOCOL_ERROR at https://www.justdial.com/All-Cities/Shri+Vardhman+Jain+Hospital-Hospital/nct-11109123
Call log:
  - navigating to "https://www.justdial.com/All-Cities/Shri+Vardhman+Jain+Hospital-Hospital/nct-11109123", waiting until "domcontentloaded"
 (attempt 2/2)
[2026-07-27 20:37:58] INFO | Phase 1 [515/1083]: GTK HOSPITAL
[2026-07-27 20:38:08] WARNING |   Nav error: Page.goto: net::ERR_HTTP2_PROTOCOL_ERROR at https://www.justdial.com/All-Cities/GTK+HOSPITAL-Hospital/nct-11109123
Call log:
  - navigating to "https://www.justdial.com/All-Cities/GTK+HOSPITAL-Hospital/nct-11109123", waiting until "domcontentloaded"
 (attempt 1/2)
[2026-07-27 20:38:11] WARNING |   Nav error: Page.goto: net::ERR_HTTP2_PROTOCOL_ERROR at https://www.justdial.com/All-Cities/GTK+HOSPITAL-Hospital/nct-11109123
Call log:
  - navigating to "https://www.justdial.com/All-Cities/GTK+HOSPITAL-Hospital/nct-11109123", waiting until "domcontentloaded"
 (attempt 2/2)
[2026-07-27 20:38:13] INFO | Phase 1 [516/1083]: Satyam Hospital
[2026-07-27 20:38:22] WARNING |   Nav error: Page.goto: net::ERR_HTTP2_PROTOCOL_ERROR at https://www.justdial.com/All-Cities/Satyam+Hospital-Hospital/nct-11109123
Call log:
  - navigating to "https://www.justdial.com/All-Cities/Satyam+Hospital-Hospital/nct-11109123", waiting until "domcontentloaded"
 (attempt 1/2)
[2026-07-27 20:38:24] WARNING |   Nav error: Page.goto: net::ERR_HTTP2_PROTOCOL_ERROR at https://www.justdial.com/All-Cities/Satyam+Hospital-Hospital/nct-11109123
Call log:
  - navigating to "https://www.justdial.com/All-Cities/Satyam+Hospital-Hospital/nct-11109123", waiting until "domcontentloaded"
 (attempt 2/2)
[2026-07-27 20:38:26] INFO | Phase 1 [517/1083]: Lotus hospital and maternity centre
[2026-07-27 20:38:35] WARNING |   Nav error: Page.goto: net::ERR_HTTP2_PROTOCOL_ERROR at https://www.justdial.com/All-Cities/Lotus+hospital+and+maternity+centre-Hospital/nct-11109123
Call log:
  - navigating to "https://www.justdial.com/All-Cities/Lotus+hospital+and+maternity+centre-Hospital/nct-11109123", waiting until "domcontentloaded"
 (attempt 1/2)
[2026-07-27 20:38:37] WARNING |   Nav error: Page.goto: net::ERR_HTTP2_PROTOCOL_ERROR at https://www.justdial.com/All-Cities/Lotus+hospital+and+maternity+centre-Hospital/nct-11109123
Call log:
  - navigating to "https://www.justdial.com/All-Cities/Lotus+hospital+and+maternity+centre-Hospital/nct-11109123", waiting until "domcontentloaded"
 (attempt 2/2)
[2026-07-27 20:38:40] INFO | Phase 1 [518/1083]: ESIC Hospital
[2026-07-27 20:38:48] WARNING |   Nav error: Page.goto: net::ERR_HTTP2_PROTOCOL_ERROR at https://www.justdial.com/All-Cities/ESIC+Hospital-Hospital/nct-11109123
Call log:
  - navigating to "https://www.justdial.com/All-Cities/ESIC+Hospital-Hospital/nct-11109123", waiting until "domcontentloaded"
 (attempt 1/2)
[2026-07-27 20:38:50] WARNING |   Nav error: Page.goto: net::ERR_HTTP2_PROTOCOL_ERROR at https://www.justdial.com/All-Cities/ESIC+Hospital-Hospital/nct-11109123
Call log:
  - navigating to "https://www.justdial.com/All-Cities/ESIC+Hospital-Hospital/nct-11109123", waiting until "domcontentloaded"
 (attempt 2/2)
[2026-07-27 20:38:52] INFO | Phase 1 [519/1083]: Care and Cure Hospital
[2026-07-27 20:39:02] WARNING |   Nav error: Page.goto: net::ERR_HTTP2_PROTOCOL_ERROR at https://www.justdial.com/All-Cities/Care+and+Cure+Hospital-Hospital/nct-11109123
Call log:
  - navigating to "https://www.justdial.com/All-Cities/Care+and+Cure+Hospital-Hospital/nct-11109123", waiting until "domcontentloaded"
 (attempt 1/2)
[2026-07-27 20:39:04] WARNING |   Nav error: Page.goto: net::ERR_HTTP2_PROTOCOL_ERROR at https://www.justdial.com/All-Cities/Care+and+Cure+Hospital-Hospital/nct-11109123
Call log:
  - navigating to "https://www.justdial.com/All-Cities/Care+and+Cure+Hospital-Hospital/nct-11109123", waiting until "domcontentloaded"
 (attempt 2/2)
[2026-07-27 20:39:05] INFO | Phase 1 [520/1083]: %u092E%u0948%u0921 %u0939%u0949%u0938%u094D%u092A%u093F%u091F%u0932
[2026-07-27 20:39:14] WARNING |   Nav error: Page.goto: net::ERR_HTTP2_PROTOCOL_ERROR at https://www.justdial.com/All-Cities/%25u092E%25u0948%25u0921+%25u0939%25u0949%25u0938%25u094D%25u092A%25u093F%25u091F%25u0932-Hospital/nct-11109123
Call log:
  - navigating to "https://www.justdial.com/All-Cities/%25u092E%25u0948%25u0921+%25u0939%25u0949%25u0938%25u094D%25u092A%25u093F%25u091F%25u0932-Hospital/nct-11109123", waiting until "domcontentloaded"
 (attempt 1/2)
[2026-07-27 20:39:16] WARNING |   Nav error: Page.goto: net::ERR_HTTP2_PROTOCOL_ERROR at https://www.justdial.com/All-Cities/%25u092E%25u0948%25u0921+%25u0939%25u0949%25u0938%25u094D%25u092A%25u093F%25u091F%25u0932-Hospital/nct-11109123
Call log:
  - navigating to "https://www.justdial.com/All-Cities/%25u092E%25u0948%25u0921+%25u0939%25u0949%25u0938%25u094D%25u092A%25u093F%25u091F%25u0932-Hospital/nct-11109123", waiting until "domcontentloaded"
 (attempt 2/2)
[2026-07-27 20:39:18] INFO | Phase 1 [521/1083]: Burari Hospital
[2026-07-27 20:39:28] WARNING |   Nav error: Page.goto: net::ERR_HTTP2_PROTOCOL_ERROR at https://www.justdial.com/All-Cities/Burari+Hospital-Hospital/nct-11109123
Call log:
  - navigating to "https://www.justdial.com/All-Cities/Burari+Hospital-Hospital/nct-11109123", waiting until "domcontentloaded"
 (attempt 1/2)
[2026-07-27 20:39:30] WARNING |   Nav error: Page.goto: net::ERR_HTTP2_PROTOCOL_ERROR at https://www.justdial.com/All-Cities/Burari+Hospital-Hospital/nct-11109123
Call log:
  - navigating to "https://www.justdial.com/All-Cities/Burari+Hospital-Hospital/nct-11109123", waiting until "domcontentloaded"
 (attempt 2/2)
[2026-07-27 20:39:32] INFO | Phase 1 [522/1083]: Sunrise Hospital
[2026-07-27 20:39:41] WARNING |   Nav error: Page.goto: net::ERR_HTTP2_PROTOCOL_ERROR at https://www.justdial.com/All-Cities/Sunrise+Hospital-Hospital/nct-11109123
Call log:
  - navigating to "https://www.justdial.com/All-Cities/Sunrise+Hospital-Hospital/nct-11109123", waiting until "domcontentloaded"
 (attempt 1/2)
[2026-07-27 20:39:43] WARNING |   Nav error: Page.goto: net::ERR_HTTP2_PROTOCOL_ERROR at https://www.justdial.com/All-Cities/Sunrise+Hospital-Hospital/nct-11109123
Call log:
  - navigating to "https://www.justdial.com/All-Cities/Sunrise+Hospital-Hospital/nct-11109123", waiting until "domcontentloaded"
 (attempt 2/2)
[2026-07-27 20:39:44] INFO | Phase 1 [523/1083]: Saroj Medical Institute
[2026-07-27 20:39:54] WARNING |   Nav error: Page.goto: net::ERR_HTTP2_PROTOCOL_ERROR at https://www.justdial.com/All-Cities/Saroj+Medical+Institute-Hospital/nct-11109123
Call log:
  - navigating to "https://www.justdial.com/All-Cities/Saroj+Medical+Institute-Hospital/nct-11109123", waiting until "domcontentloaded"
 (attempt 1/2)
[2026-07-27 20:39:56] WARNING |   Nav error: Page.goto: net::ERR_HTTP2_PROTOCOL_ERROR at https://www.justdial.com/All-Cities/Saroj+Medical+Institute-Hospital/nct-11109123
Call log:
  - navigating to "https://www.justdial.com/All-Cities/Saroj+Medical+Institute-Hospital/nct-11109123", waiting until "domcontentloaded"
 (attempt 2/2)
[2026-07-27 20:39:58] INFO | Phase 1 [524/1083]: Ayu Health Hospitals
[2026-07-27 20:40:08] WARNING |   Nav error: Page.goto: net::ERR_HTTP2_PROTOCOL_ERROR at https://www.justdial.com/All-Cities/Ayu+Health+Hospitals-Hospital/nct-11109123
Call log:
  - navigating to "https://www.justdial.com/All-Cities/Ayu+Health+Hospitals-Hospital/nct-11109123", waiting until "domcontentloaded"
 (attempt 1/2)
[2026-07-27 20:40:10] WARNING |   Nav error: Page.goto: net::ERR_HTTP2_PROTOCOL_ERROR at https://www.justdial.com/All-Cities/Ayu+Health+Hospitals-Hospital/nct-11109123
Call log:
  - navigating to "https://www.justdial.com/All-Cities/Ayu+Health+Hospitals-Hospital/nct-11109123", waiting until "domcontentloaded"
 (attempt 2/2)
[2026-07-27 20:40:12] INFO | Phase 1 [525/1083]: Kapil Multispeciality Hospital
[2026-07-27 20:40:24] WARNING |   Nav error: Page.goto: net::ERR_HTTP2_PROTOCOL_ERROR at https://www.justdial.com/All-Cities/Kapil+Multispeciality+Hospital-Hospital/nct-11109123
Call log:
  - navigating to "https://www.justdial.com/All-Cities/Kapil+Multispeciality+Hospital-Hospital/nct-11109123", waiting until "domcontentloaded"
 (attempt 1/2)
[2026-07-27 20:40:26] WARNING |   Nav error: Page.goto: net::ERR_HTTP2_PROTOCOL_ERROR at https://www.justdial.com/All-Cities/Kapil+Multispeciality+Hospital-Hospital/nct-11109123
Call log:
  - navigating to "https://www.justdial.com/All-Cities/Kapil+Multispeciality+Hospital-Hospital/nct-11109123", waiting until "domcontentloaded"
 (attempt 2/2)
[2026-07-27 20:40:28] INFO | Phase 1 [526/1083]: Patliputra Nursing Home
[2026-07-27 20:40:37] WARNING |   Nav error: Page.goto: net::ERR_HTTP2_PROTOCOL_ERROR at https://www.justdial.com/All-Cities/Patliputra+Nursing+Home-Hospital/nct-11109123
Call log:
  - navigating to "https://www.justdial.com/All-Cities/Patliputra+Nursing+Home-Hospital/nct-11109123", waiting until "domcontentloaded"
 (attempt 1/2)
[2026-07-27 20:40:39] WARNING |   Nav error: Page.goto: net::ERR_HTTP2_PROTOCOL_ERROR at https://www.justdial.com/All-Cities/Patliputra+Nursing+Home-Hospital/nct-11109123
Call log:
  - navigating to "https://www.justdial.com/All-Cities/Patliputra+Nursing+Home-Hospital/nct-11109123", waiting until "domcontentloaded"
 (attempt 2/2)
[2026-07-27 20:40:41] INFO | Phase 1 [527/1083]: DELHI GLOBAL HOSPITAL - Best child hospital in Delhi Best Child Hospital in South Delhi Paediatric doctor in Delhi
[2026-07-27 20:40:50] WARNING |   Nav error: Page.goto: net::ERR_HTTP2_PROTOCOL_ERROR at https://www.justdial.com/All-Cities/DELHI+GLOBAL+HOSPITAL+-+Best+child+hospital+in+Delhi+Best+Child+Hospital+in+South+Delhi+Paediatric+doctor+in+Delhi-Hospital/nct-11109123
Call log:
  - navigating to "https://www.justdial.com/All-Cities/DELHI+GLOBAL+HOSPITAL+-+Best+child+hospital+in+Delhi+Best+Child+Hospital+in+South+Delhi+Paediatric+doctor+in+Delhi-Hospital/nct-11109123", waiting until "domcontentloaded"
 (attempt 1/2)
[2026-07-27 20:40:52] WARNING |   Nav error: Page.goto: net::ERR_HTTP2_PROTOCOL_ERROR at https://www.justdial.com/All-Cities/DELHI+GLOBAL+HOSPITAL+-+Best+child+hospital+in+Delhi+Best+Child+Hospital+in+South+Delhi+Paediatric+doctor+in+Delhi-Hospital/nct-11109123
Call log:
  - navigating to "https://www.justdial.com/All-Cities/DELHI+GLOBAL+HOSPITAL+-+Best+child+hospital+in+Delhi+Best+Child+Hospital+in+South+Delhi+Paediatric+doctor+in+Delhi-Hospital/nct-11109123", waiting until "domcontentloaded"
 (attempt 2/2)
[2026-07-27 20:40:55] INFO | Phase 1 [528/1083]: Govt Eye Hospital
[2026-07-27 20:41:04] WARNING |   Nav error: Page.goto: net::ERR_HTTP2_PROTOCOL_ERROR at https://www.justdial.com/All-Cities/Govt+Eye+Hospital-Hospital/nct-11109123
Call log:
  - navigating to "https://www.justdial.com/All-Cities/Govt+Eye+Hospital-Hospital/nct-11109123", waiting until "domcontentloaded"
 (attempt 1/2)
[2026-07-27 20:41:06] WARNING |   Nav error: Page.goto: net::ERR_HTTP2_PROTOCOL_ERROR at https://www.justdial.com/All-Cities/Govt+Eye+Hospital-Hospital/nct-11109123
Call log:
  - navigating to "https://www.justdial.com/All-Cities/Govt+Eye+Hospital-Hospital/nct-11109123", waiting until "domcontentloaded"
 (attempt 2/2)
[2026-07-27 20:41:08] INFO | Phase 1 [529/1083]: Goyal Hospital
[2026-07-27 20:41:17] WARNING |   Nav error: Page.goto: net::ERR_HTTP2_PROTOCOL_ERROR at https://www.justdial.com/All-Cities/Goyal+Hospital-Hospital/nct-11109123
Call log:
  - navigating to "https://www.justdial.com/All-Cities/Goyal+Hospital-Hospital/nct-11109123", waiting until "domcontentloaded"
 (attempt 1/2)
[2026-07-27 20:41:20] WARNING |   Nav error: Page.goto: net::ERR_HTTP2_PROTOCOL_ERROR at https://www.justdial.com/All-Cities/Goyal+Hospital-Hospital/nct-11109123
Call log:
  - navigating to "https://www.justdial.com/All-Cities/Goyal+Hospital-Hospital/nct-11109123", waiting until "domcontentloaded"
 (attempt 2/2)
[2026-07-27 20:41:21] INFO | Phase 1 [530/1083]: PHERO HOSPITAL
[2026-07-27 20:41:30] WARNING |   Nav error: Page.goto: net::ERR_HTTP2_PROTOCOL_ERROR at https://www.justdial.com/All-Cities/PHERO+HOSPITAL-Hospital/nct-11109123
Call log:
  - navigating to "https://www.justdial.com/All-Cities/PHERO+HOSPITAL-Hospital/nct-11109123", waiting until "domcontentloaded"
 (attempt 1/2)
[2026-07-27 20:41:32] WARNING |   Nav error: Page.goto: net::ERR_HTTP2_PROTOCOL_ERROR at https://www.justdial.com/All-Cities/PHERO+HOSPITAL-Hospital/nct-11109123
Call log:
  - navigating to "https://www.justdial.com/All-Cities/PHERO+HOSPITAL-Hospital/nct-11109123", waiting until "domcontentloaded"
 (attempt 2/2)
[2026-07-27 20:41:34] INFO | Phase 1 [531/1083]: Dr. Balwan singh Hospital
[2026-07-27 20:41:44] WARNING |   Nav error: Page.goto: net::ERR_HTTP2_PROTOCOL_ERROR at https://www.justdial.com/All-Cities/Dr.+Balwan+singh+Hospital-Hospital/nct-11109123
Call log:
  - navigating to "https://www.justdial.com/All-Cities/Dr.+Balwan+singh+Hospital-Hospital/nct-11109123", waiting until "domcontentloaded"
 (attempt 1/2)
[2026-07-27 20:41:46] WARNING |   Nav error: Page.goto: net::ERR_HTTP2_PROTOCOL_ERROR at https://www.justdial.com/All-Cities/Dr.+Balwan+singh+Hospital-Hospital/nct-11109123
Call log:
  - navigating to "https://www.justdial.com/All-Cities/Dr.+Balwan+singh+Hospital-Hospital/nct-11109123", waiting until "domcontentloaded"
 (attempt 2/2)
[2026-07-27 20:41:48] INFO | Phase 1 [532/1083]: Rathi Hospital
[2026-07-27 20:41:58] WARNING |   Nav error: Page.goto: net::ERR_HTTP2_PROTOCOL_ERROR at https://www.justdial.com/All-Cities/Rathi+Hospital-Hospital/nct-11109123
Call log:
  - navigating to "https://www.justdial.com/All-Cities/Rathi+Hospital-Hospital/nct-11109123", waiting until "domcontentloaded"
 (attempt 1/2)
[2026-07-27 20:42:00] WARNING |   Nav error: Page.goto: net::ERR_HTTP2_PROTOCOL_ERROR at https://www.justdial.com/All-Cities/Rathi+Hospital-Hospital/nct-11109123
Call log:
  - navigating to "https://www.justdial.com/All-Cities/Rathi+Hospital-Hospital/nct-11109123", waiting until "domcontentloaded"
 (attempt 2/2)
[2026-07-27 20:42:02] INFO | Phase 1 [533/1083]: PT. R.R.M HOSPITAL
[2026-07-27 20:42:11] WARNING |   Nav error: Page.goto: net::ERR_HTTP2_PROTOCOL_ERROR at https://www.justdial.com/All-Cities/PT.+R.R.M+HOSPITAL-Hospital/nct-11109123
Call log:
  - navigating to "https://www.justdial.com/All-Cities/PT.+R.R.M+HOSPITAL-Hospital/nct-11109123", waiting until "domcontentloaded"
 (attempt 1/2)
[2026-07-27 20:42:14] WARNING |   Nav error: Page.goto: net::ERR_HTTP2_PROTOCOL_ERROR at https://www.justdial.com/All-Cities/PT.+R.R.M+HOSPITAL-Hospital/nct-11109123
Call log:
  - navigating to "https://www.justdial.com/All-Cities/PT.+R.R.M+HOSPITAL-Hospital/nct-11109123", waiting until "domcontentloaded"
 (attempt 2/2)
[2026-07-27 20:42:15] INFO | Phase 1 [534/1083]: Satyawati Medical Centre
[2026-07-27 20:42:24] WARNING |   Nav error: Page.goto: net::ERR_HTTP2_PROTOCOL_ERROR at https://www.justdial.com/All-Cities/Satyawati+Medical+Centre-Hospital/nct-11109123
Call log:
  - navigating to "https://www.justdial.com/All-Cities/Satyawati+Medical+Centre-Hospital/nct-11109123", waiting until "domcontentloaded"
 (attempt 1/2)
[2026-07-27 20:42:26] WARNING |   Nav error: Page.goto: net::ERR_HTTP2_PROTOCOL_ERROR at https://www.justdial.com/All-Cities/Satyawati+Medical+Centre-Hospital/nct-11109123
Call log:
  - navigating to "https://www.justdial.com/All-Cities/Satyawati+Medical+Centre-Hospital/nct-11109123", waiting until "domcontentloaded"
 (attempt 2/2)
[2026-07-27 20:42:29] INFO | Phase 1 [535/1083]: C D Global Hospital
[2026-07-27 20:42:39] WARNING |   Nav error: Page.goto: net::ERR_HTTP2_PROTOCOL_ERROR at https://www.justdial.com/All-Cities/C+D+Global+Hospital-Hospital/nct-11109123
Call log:
  - navigating to "https://www.justdial.com/All-Cities/C+D+Global+Hospital-Hospital/nct-11109123", waiting until "domcontentloaded"
 (attempt 1/2)
[2026-07-27 20:42:41] WARNING |   Nav error: Page.goto: net::ERR_HTTP2_PROTOCOL_ERROR at https://www.justdial.com/All-Cities/C+D+Global+Hospital-Hospital/nct-11109123
Call log:
  - navigating to "https://www.justdial.com/All-Cities/C+D+Global+Hospital-Hospital/nct-11109123", waiting until "domcontentloaded"
 (attempt 2/2)
[2026-07-27 20:42:43] INFO | Phase 1 [536/1083]: Karuna Sindhu Charitable Hospital | Delhi
[2026-07-27 20:42:52] WARNING |   Nav error: Page.goto: net::ERR_HTTP2_PROTOCOL_ERROR at https://www.justdial.com/All-Cities/Karuna+Sindhu+Charitable+Hospital+%7C+Delhi-Hospital/nct-11109123
Call log:
  - navigating to "https://www.justdial.com/All-Cities/Karuna+Sindhu+Charitable+Hospital+%7C+Delhi-Hospital/nct-11109123", waiting until "domcontentloaded"
 (attempt 1/2)
[2026-07-27 20:42:54] WARNING |   Nav error: Page.goto: net::ERR_HTTP2_PROTOCOL_ERROR at https://www.justdial.com/All-Cities/Karuna+Sindhu+Charitable+Hospital+%7C+Delhi-Hospital/nct-11109123
Call log:
  - navigating to "https://www.justdial.com/All-Cities/Karuna+Sindhu+Charitable+Hospital+%7C+Delhi-Hospital/nct-11109123", waiting until "domcontentloaded"
 (attempt 2/2)
[2026-07-27 20:42:55] INFO | Phase 1 [537/1083]: Esi Hospital
[2026-07-27 20:43:05] WARNING |   Nav error: Page.goto: net::ERR_HTTP2_PROTOCOL_ERROR at https://www.justdial.com/All-Cities/Esi+Hospital-Hospital/nct-11109123
Call log:
  - navigating to "https://www.justdial.com/All-Cities/Esi+Hospital-Hospital/nct-11109123", waiting until "domcontentloaded"
 (attempt 1/2)
[2026-07-27 20:43:07] WARNING |   Nav error: Page.goto: net::ERR_HTTP2_PROTOCOL_ERROR at https://www.justdial.com/All-Cities/Esi+Hospital-Hospital/nct-11109123
Call log:
  - navigating to "https://www.justdial.com/All-Cities/Esi+Hospital-Hospital/nct-11109123", waiting until "domcontentloaded"
 (attempt 2/2)
[2026-07-27 20:43:10] INFO | Phase 1 [538/1083]: Rao Raghubir Hospital
[2026-07-27 20:43:20] WARNING |   Nav error: Page.goto: net::ERR_HTTP2_PROTOCOL_ERROR at https://www.justdial.com/All-Cities/Rao+Raghubir+Hospital-Hospital/nct-11109123
Call log:
  - navigating to "https://www.justdial.com/All-Cities/Rao+Raghubir+Hospital-Hospital/nct-11109123", waiting until "domcontentloaded"
 (attempt 1/2)
[2026-07-27 20:43:22] WARNING |   Nav error: Page.goto: net::ERR_HTTP2_PROTOCOL_ERROR at https://www.justdial.com/All-Cities/Rao+Raghubir+Hospital-Hospital/nct-11109123
Call log:
  - navigating to "https://www.justdial.com/All-Cities/Rao+Raghubir+Hospital-Hospital/nct-11109123", waiting until "domcontentloaded"
 (attempt 2/2)
[2026-07-27 20:43:24] INFO | Phase 1 [539/1083]: Modern clinic
[2026-07-27 20:43:33] WARNING |   Nav error: Page.goto: net::ERR_HTTP2_PROTOCOL_ERROR at https://www.justdial.com/All-Cities/Modern+clinic-Hospital/nct-11109123
Call log:
  - navigating to "https://www.justdial.com/All-Cities/Modern+clinic-Hospital/nct-11109123", waiting until "domcontentloaded"
 (attempt 1/2)
[2026-07-27 20:43:35] WARNING |   Nav error: Page.goto: net::ERR_HTTP2_PROTOCOL_ERROR at https://www.justdial.com/All-Cities/Modern+clinic-Hospital/nct-11109123
Call log:
  - navigating to "https://www.justdial.com/All-Cities/Modern+clinic-Hospital/nct-11109123", waiting until "domcontentloaded"
 (attempt 2/2)
[2026-07-27 20:43:36] INFO | Phase 1 [540/1083]: Vidya Charitable Hospital
[2026-07-27 20:43:46] WARNING |   Nav error: Page.goto: net::ERR_HTTP2_PROTOCOL_ERROR at https://www.justdial.com/All-Cities/Vidya+Charitable+Hospital-Hospital/nct-11109123
Call log:
  - navigating to "https://www.justdial.com/All-Cities/Vidya+Charitable+Hospital-Hospital/nct-11109123", waiting until "domcontentloaded"
 (attempt 1/2)
[2026-07-27 20:43:48] WARNING |   Nav error: Page.goto: net::ERR_HTTP2_PROTOCOL_ERROR at https://www.justdial.com/All-Cities/Vidya+Charitable+Hospital-Hospital/nct-11109123
Call log:
  - navigating to "https://www.justdial.com/All-Cities/Vidya+Charitable+Hospital-Hospital/nct-11109123", waiting until "domcontentloaded"
 (attempt 2/2)
[2026-07-27 20:43:50] INFO | Phase 1 [541/1083]: Bimal Hospital
[2026-07-27 20:43:59] WARNING |   Nav error: Page.goto: net::ERR_HTTP2_PROTOCOL_ERROR at https://www.justdial.com/All-Cities/Bimal+Hospital-Hospital/nct-11109123
Call log:
  - navigating to "https://www.justdial.com/All-Cities/Bimal+Hospital-Hospital/nct-11109123", waiting until "domcontentloaded"
 (attempt 1/2)
[2026-07-27 20:44:02] WARNING |   Nav error: Page.goto: net::ERR_HTTP2_PROTOCOL_ERROR at https://www.justdial.com/All-Cities/Bimal+Hospital-Hospital/nct-11109123
Call log:
  - navigating to "https://www.justdial.com/All-Cities/Bimal+Hospital-Hospital/nct-11109123", waiting until "domcontentloaded"
 (attempt 2/2)
[2026-07-27 20:44:04] INFO | Phase 1 [542/1083]: Bansal Hospital
[2026-07-27 20:44:13] WARNING |   Nav error: Page.goto: net::ERR_HTTP2_PROTOCOL_ERROR at https://www.justdial.com/All-Cities/Bansal+Hospital-Hospital/nct-11109123
Call log:
  - navigating to "https://www.justdial.com/All-Cities/Bansal+Hospital-Hospital/nct-11109123", waiting until "domcontentloaded"
 (attempt 1/2)
[2026-07-27 20:44:15] WARNING |   Nav error: Page.goto: net::ERR_HTTP2_PROTOCOL_ERROR at https://www.justdial.com/All-Cities/Bansal+Hospital-Hospital/nct-11109123
Call log:
  - navigating to "https://www.justdial.com/All-Cities/Bansal+Hospital-Hospital/nct-11109123", waiting until "domcontentloaded"
 (attempt 2/2)
[2026-07-27 20:44:17] INFO | Phase 1 [543/1083]: SGS Multispeciality Hospital
[2026-07-27 20:44:26] WARNING |   Nav error: Page.goto: net::ERR_HTTP2_PROTOCOL_ERROR at https://www.justdial.com/All-Cities/SGS+Multispeciality+Hospital-Hospital/nct-11109123
Call log:
  - navigating to "https://www.justdial.com/All-Cities/SGS+Multispeciality+Hospital-Hospital/nct-11109123", waiting until "domcontentloaded"
 (attempt 1/2)
[2026-07-27 20:44:28] WARNING |   Nav error: Page.goto: net::ERR_HTTP2_PROTOCOL_ERROR at https://www.justdial.com/All-Cities/SGS+Multispeciality+Hospital-Hospital/nct-11109123
Call log:
  - navigating to "https://www.justdial.com/All-Cities/SGS+Multispeciality+Hospital-Hospital/nct-11109123", waiting until "domcontentloaded"
 (attempt 2/2)
[2026-07-27 20:44:30] INFO | Phase 1 [544/1083]: R.P. Memorial Hospital
[2026-07-27 20:44:39] WARNING |   Nav error: Page.goto: net::ERR_HTTP2_PROTOCOL_ERROR at https://www.justdial.com/All-Cities/R.P.+Memorial+Hospital-Hospital/nct-11109123
Call log:
  - navigating to "https://www.justdial.com/All-Cities/R.P.+Memorial+Hospital-Hospital/nct-11109123", waiting until "domcontentloaded"
 (attempt 1/2)
[2026-07-27 20:44:41] WARNING |   Nav error: Page.goto: net::ERR_HTTP2_PROTOCOL_ERROR at https://www.justdial.com/All-Cities/R.P.+Memorial+Hospital-Hospital/nct-11109123
Call log:
  - navigating to "https://www.justdial.com/All-Cities/R.P.+Memorial+Hospital-Hospital/nct-11109123", waiting until "domcontentloaded"
 (attempt 2/2)
[2026-07-27 20:44:43] INFO | Phase 1 [545/1083]: Rathi hospital
[2026-07-27 20:44:53] WARNING |   Nav error: Page.goto: net::ERR_HTTP2_PROTOCOL_ERROR at https://www.justdial.com/All-Cities/Rathi+hospital-Hospital/nct-11109123
Call log:
  - navigating to "https://www.justdial.com/All-Cities/Rathi+hospital-Hospital/nct-11109123", waiting until "domcontentloaded"
 (attempt 1/2)
[2026-07-27 20:44:55] WARNING |   Nav error: Page.goto: net::ERR_HTTP2_PROTOCOL_ERROR at https://www.justdial.com/All-Cities/Rathi+hospital-Hospital/nct-11109123
Call log:
  - navigating to "https://www.justdial.com/All-Cities/Rathi+hospital-Hospital/nct-11109123", waiting until "domcontentloaded"
 (attempt 2/2)
[2026-07-27 20:44:56] INFO | Phase 1 [546/1083]: SANTOSH HOSPITAL
[2026-07-27 20:45:06] WARNING |   Nav error: Page.goto: net::ERR_HTTP2_PROTOCOL_ERROR at https://www.justdial.com/All-Cities/SANTOSH+HOSPITAL-Hospital/nct-11109123
Call log:
  - navigating to "https://www.justdial.com/All-Cities/SANTOSH+HOSPITAL-Hospital/nct-11109123", waiting until "domcontentloaded"
 (attempt 1/2)
[2026-07-27 20:45:08] WARNING |   Nav error: Page.goto: net::ERR_HTTP2_PROTOCOL_ERROR at https://www.justdial.com/All-Cities/SANTOSH+HOSPITAL-Hospital/nct-11109123
Call log:
  - navigating to "https://www.justdial.com/All-Cities/SANTOSH+HOSPITAL-Hospital/nct-11109123", waiting until "domcontentloaded"
 (attempt 2/2)
[2026-07-27 20:45:10] INFO | Phase 1 [547/1083]: J M Khera Hospital
[2026-07-27 20:45:19] WARNING |   Nav error: Page.goto: net::ERR_HTTP2_PROTOCOL_ERROR at https://www.justdial.com/All-Cities/J+M+Khera+Hospital-Hospital/nct-11109123
Call log:
  - navigating to "https://www.justdial.com/All-Cities/J+M+Khera+Hospital-Hospital/nct-11109123", waiting until "domcontentloaded"
 (attempt 1/2)
[2026-07-27 20:45:22] WARNING |   Nav error: Page.goto: net::ERR_HTTP2_PROTOCOL_ERROR at https://www.justdial.com/All-Cities/J+M+Khera+Hospital-Hospital/nct-11109123
Call log:
  - navigating to "https://www.justdial.com/All-Cities/J+M+Khera+Hospital-Hospital/nct-11109123", waiting until "domcontentloaded"
 (attempt 2/2)
[2026-07-27 20:45:23] INFO | Phase 1 [548/1083]: Satyabhama Hospital Private Limited
[2026-07-27 20:45:34] WARNING |   Nav error: Page.goto: net::ERR_HTTP2_PROTOCOL_ERROR at https://www.justdial.com/All-Cities/Satyabhama+Hospital+Private+Limited-Hospital/nct-11109123
Call log:
  - navigating to "https://www.justdial.com/All-Cities/Satyabhama+Hospital+Private+Limited-Hospital/nct-11109123", waiting until "domcontentloaded"
 (attempt 1/2)
[2026-07-27 20:45:36] WARNING |   Nav error: Page.goto: net::ERR_HTTP2_PROTOCOL_ERROR at https://www.justdial.com/All-Cities/Satyabhama+Hospital+Private+Limited-Hospital/nct-11109123
Call log:
  - navigating to "https://www.justdial.com/All-Cities/Satyabhama+Hospital+Private+Limited-Hospital/nct-11109123", waiting until "domcontentloaded"
 (attempt 2/2)
[2026-07-27 20:45:38] INFO | Phase 1 [549/1083]: DGD Bhorgarh
[2026-07-27 20:45:47] WARNING |   Nav error: Page.goto: net::ERR_HTTP2_PROTOCOL_ERROR at https://www.justdial.com/All-Cities/DGD+Bhorgarh-Hospital/nct-11109123
Call log:
  - navigating to "https://www.justdial.com/All-Cities/DGD+Bhorgarh-Hospital/nct-11109123", waiting until "domcontentloaded"
 (attempt 1/2)
[2026-07-27 20:45:49] WARNING |   Nav error: Page.goto: net::ERR_HTTP2_PROTOCOL_ERROR at https://www.justdial.com/All-Cities/DGD+Bhorgarh-Hospital/nct-11109123
Call log:
  - navigating to "https://www.justdial.com/All-Cities/DGD+Bhorgarh-Hospital/nct-11109123", waiting until "domcontentloaded"
 (attempt 2/2)
[2026-07-27 20:45:52] INFO | Phase 1 [550/1083]: City Healthcare
[2026-07-27 20:46:01] WARNING |   Nav error: Page.goto: net::ERR_HTTP2_PROTOCOL_ERROR at https://www.justdial.com/All-Cities/City+Healthcare-Hospital/nct-11109123
Call log:
  - navigating to "https://www.justdial.com/All-Cities/City+Healthcare-Hospital/nct-11109123", waiting until "domcontentloaded"
 (attempt 1/2)
[2026-07-27 20:46:03] WARNING |   Nav error: Page.goto: net::ERR_HTTP2_PROTOCOL_ERROR at https://www.justdial.com/All-Cities/City+Healthcare-Hospital/nct-11109123
Call log:
  - navigating to "https://www.justdial.com/All-Cities/City+Healthcare-Hospital/nct-11109123", waiting until "domcontentloaded"
 (attempt 2/2)
[2026-07-27 20:46:04] INFO | Phase 1 [551/1083]: RK CITY HOSPITAL
[2026-07-27 20:46:13] WARNING |   Nav error: Page.goto: net::ERR_HTTP2_PROTOCOL_ERROR at https://www.justdial.com/All-Cities/RK+CITY+HOSPITAL-Hospital/nct-11109123
Call log:
  - navigating to "https://www.justdial.com/All-Cities/RK+CITY+HOSPITAL-Hospital/nct-11109123", waiting until "domcontentloaded"
 (attempt 1/2)
[2026-07-27 20:46:15] WARNING |   Nav error: Page.goto: net::ERR_HTTP2_PROTOCOL_ERROR at https://www.justdial.com/All-Cities/RK+CITY+HOSPITAL-Hospital/nct-11109123
Call log:
  - navigating to "https://www.justdial.com/All-Cities/RK+CITY+HOSPITAL-Hospital/nct-11109123", waiting until "domcontentloaded"
 (attempt 2/2)
[2026-07-27 20:46:17] INFO | Phase 1 [552/1083]: Jan Kalyan Charitable Clinic
[2026-07-27 20:46:26] WARNING |   Nav error: Page.goto: net::ERR_HTTP2_PROTOCOL_ERROR at https://www.justdial.com/All-Cities/Jan+Kalyan+Charitable+Clinic-Hospital/nct-11109123
Call log:
  - navigating to "https://www.justdial.com/All-Cities/Jan+Kalyan+Charitable+Clinic-Hospital/nct-11109123", waiting until "domcontentloaded"
 (attempt 1/2)
[2026-07-27 20:46:29] WARNING |   Nav error: Page.goto: net::ERR_HTTP2_PROTOCOL_ERROR at https://www.justdial.com/All-Cities/Jan+Kalyan+Charitable+Clinic-Hospital/nct-11109123
Call log:
  - navigating to "https://www.justdial.com/All-Cities/Jan+Kalyan+Charitable+Clinic-Hospital/nct-11109123", waiting until "domcontentloaded"
 (attempt 2/2)
[2026-07-27 20:46:30] INFO | Phase 1 [553/1083]: M&CW Centre Narela-2
[2026-07-27 20:46:39] WARNING |   Nav error: Page.goto: net::ERR_HTTP2_PROTOCOL_ERROR at https://www.justdial.com/All-Cities/M%26CW+Centre+Narela-2-Hospital/nct-11109123
Call log:
  - navigating to "https://www.justdial.com/All-Cities/M%26CW+Centre+Narela-2-Hospital/nct-11109123", waiting until "domcontentloaded"
 (attempt 1/2)
[2026-07-27 20:46:41] WARNING |   Nav error: Page.goto: net::ERR_HTTP2_PROTOCOL_ERROR at https://www.justdial.com/All-Cities/M%26CW+Centre+Narela-2-Hospital/nct-11109123
Call log:
  - navigating to "https://www.justdial.com/All-Cities/M%26CW+Centre+Narela-2-Hospital/nct-11109123", waiting until "domcontentloaded"
 (attempt 2/2)
[2026-07-27 20:46:44] INFO | Phase 1 [554/1083]: P K GUPTA NURSING HOME
[2026-07-27 20:46:55] WARNING |   Nav error: Page.goto: net::ERR_HTTP2_PROTOCOL_ERROR at https://www.justdial.com/All-Cities/P+K+GUPTA+NURSING+HOME-Hospital/nct-11109123
Call log:
  - navigating to "https://www.justdial.com/All-Cities/P+K+GUPTA+NURSING+HOME-Hospital/nct-11109123", waiting until "domcontentloaded"
 (attempt 1/2)
[2026-07-27 20:46:57] WARNING |   Nav error: Page.goto: net::ERR_HTTP2_PROTOCOL_ERROR at https://www.justdial.com/All-Cities/P+K+GUPTA+NURSING+HOME-Hospital/nct-11109123
Call log:
  - navigating to "https://www.justdial.com/All-Cities/P+K+GUPTA+NURSING+HOME-Hospital/nct-11109123", waiting until "domcontentloaded"
 (attempt 2/2)
[2026-07-27 20:46:59] INFO | Phase 1 [555/1083]: Dr verma nd health clinic
[2026-07-27 20:47:08] WARNING |   Nav error: Page.goto: net::ERR_HTTP2_PROTOCOL_ERROR at https://www.justdial.com/All-Cities/Dr+verma+nd+health+clinic-Hospital/nct-11109123
Call log:
  - navigating to "https://www.justdial.com/All-Cities/Dr+verma+nd+health+clinic-Hospital/nct-11109123", waiting until "domcontentloaded"
 (attempt 1/2)
[2026-07-27 20:47:10] WARNING |   Nav error: Page.goto: net::ERR_HTTP2_PROTOCOL_ERROR at https://www.justdial.com/All-Cities/Dr+verma+nd+health+clinic-Hospital/nct-11109123
Call log:
  - navigating to "https://www.justdial.com/All-Cities/Dr+verma+nd+health+clinic-Hospital/nct-11109123", waiting until "domcontentloaded"
 (attempt 2/2)
[2026-07-27 20:47:11] INFO | Phase 1 [556/1083]: Dr. Rakesh Multispeciality Hospital
[2026-07-27 20:47:21] WARNING |   Nav error: Page.goto: net::ERR_HTTP2_PROTOCOL_ERROR at https://www.justdial.com/All-Cities/Dr.+Rakesh+Multispeciality+Hospital-Hospital/nct-11109123
Call log:
  - navigating to "https://www.justdial.com/All-Cities/Dr.+Rakesh+Multispeciality+Hospital-Hospital/nct-11109123", waiting until "domcontentloaded"
 (attempt 1/2)
[2026-07-27 20:47:23] WARNING |   Nav error: Page.goto: net::ERR_HTTP2_PROTOCOL_ERROR at https://www.justdial.com/All-Cities/Dr.+Rakesh+Multispeciality+Hospital-Hospital/nct-11109123
Call log:
  - navigating to "https://www.justdial.com/All-Cities/Dr.+Rakesh+Multispeciality+Hospital-Hospital/nct-11109123", waiting until "domcontentloaded"
 (attempt 2/2)
[2026-07-27 20:47:25] INFO | Phase 1 [557/1083]: Dr Rakesh Global Hospital
[2026-07-27 20:47:34] WARNING |   Nav error: Page.goto: net::ERR_HTTP2_PROTOCOL_ERROR at https://www.justdial.com/All-Cities/Dr+Rakesh+Global+Hospital-Hospital/nct-11109123
Call log:
  - navigating to "https://www.justdial.com/All-Cities/Dr+Rakesh+Global+Hospital-Hospital/nct-11109123", waiting until "domcontentloaded"
 (attempt 1/2)
[2026-07-27 20:47:36] WARNING |   Nav error: Page.goto: net::ERR_HTTP2_PROTOCOL_ERROR at https://www.justdial.com/All-Cities/Dr+Rakesh+Global+Hospital-Hospital/nct-11109123
Call log:
  - navigating to "https://www.justdial.com/All-Cities/Dr+Rakesh+Global+Hospital-Hospital/nct-11109123", waiting until "domcontentloaded"
 (attempt 2/2)
[2026-07-27 20:47:38] INFO | Phase 1 [558/1083]: Khan clinic
[2026-07-27 20:47:48] WARNING |   Nav error: Page.goto: net::ERR_HTTP2_PROTOCOL_ERROR at https://www.justdial.com/All-Cities/Khan+clinic-Hospital/nct-11109123
Call log:
  - navigating to "https://www.justdial.com/All-Cities/Khan+clinic-Hospital/nct-11109123", waiting until "domcontentloaded"
 (attempt 1/2)
[2026-07-27 20:47:50] WARNING |   Nav error: Page.goto: net::ERR_HTTP2_PROTOCOL_ERROR at https://www.justdial.com/All-Cities/Khan+clinic-Hospital/nct-11109123
Call log:
  - navigating to "https://www.justdial.com/All-Cities/Khan+clinic-Hospital/nct-11109123", waiting until "domcontentloaded"
 (attempt 2/2)
[2026-07-27 20:47:52] INFO | Phase 1 [559/1083]: Verma Diabetes & Health Care Hospital
[2026-07-27 20:48:02] WARNING |   Nav error: Page.goto: net::ERR_HTTP2_PROTOCOL_ERROR at https://www.justdial.com/All-Cities/Verma+Diabetes+%26+Health+Care+Hospital-Hospital/nct-11109123
Call log:
  - navigating to "https://www.justdial.com/All-Cities/Verma+Diabetes+%26+Health+Care+Hospital-Hospital/nct-11109123", waiting until "domcontentloaded"
 (attempt 1/2)
[2026-07-27 20:48:04] WARNING |   Nav error: Page.goto: net::ERR_HTTP2_PROTOCOL_ERROR at https://www.justdial.com/All-Cities/Verma+Diabetes+%26+Health+Care+Hospital-Hospital/nct-11109123
Call log:
  - navigating to "https://www.justdial.com/All-Cities/Verma+Diabetes+%26+Health+Care+Hospital-Hospital/nct-11109123", waiting until "domcontentloaded"
 (attempt 2/2)
[2026-07-27 20:48:06] INFO | Phase 1 [560/1083]: Sushila Hospital
[2026-07-27 20:48:16] WARNING |   Nav error: Page.goto: net::ERR_HTTP2_PROTOCOL_ERROR at https://www.justdial.com/All-Cities/Sushila+Hospital-Hospital/nct-11109123
Call log:
  - navigating to "https://www.justdial.com/All-Cities/Sushila+Hospital-Hospital/nct-11109123", waiting until "domcontentloaded"
 (attempt 1/2)
[2026-07-27 20:48:18] WARNING |   Nav error: Page.goto: net::ERR_HTTP2_PROTOCOL_ERROR at https://www.justdial.com/All-Cities/Sushila+Hospital-Hospital/nct-11109123
Call log:
  - navigating to "https://www.justdial.com/All-Cities/Sushila+Hospital-Hospital/nct-11109123", waiting until "domcontentloaded"
 (attempt 2/2)
[2026-07-27 20:48:20] INFO | Phase 1 [561/1083]: Shanti Mohan Hospital
[2026-07-27 20:48:30] WARNING |   Nav error: Page.goto: net::ERR_HTTP2_PROTOCOL_ERROR at https://www.justdial.com/All-Cities/Shanti+Mohan+Hospital-Hospital/nct-11109123
Call log:
  - navigating to "https://www.justdial.com/All-Cities/Shanti+Mohan+Hospital-Hospital/nct-11109123", waiting until "domcontentloaded"
 (attempt 1/2)
[2026-07-27 20:48:33] WARNING |   Nav error: Page.goto: net::ERR_HTTP2_PROTOCOL_ERROR at https://www.justdial.com/All-Cities/Shanti+Mohan+Hospital-Hospital/nct-11109123
Call log:
  - navigating to "https://www.justdial.com/All-Cities/Shanti+Mohan+Hospital-Hospital/nct-11109123", waiting until "domcontentloaded"
 (attempt 2/2)
[2026-07-27 20:48:35] INFO | Phase 1 [562/1083]: Raja Harish Chandra hospital
[2026-07-27 20:48:44] WARNING |   Nav error: Page.goto: net::ERR_HTTP2_PROTOCOL_ERROR at https://www.justdial.com/All-Cities/Raja+Harish+Chandra+hospital-Hospital/nct-11109123
Call log:
  - navigating to "https://www.justdial.com/All-Cities/Raja+Harish+Chandra+hospital-Hospital/nct-11109123", waiting until "domcontentloaded"
 (attempt 1/2)
[2026-07-27 20:48:47] WARNING |   Nav error: Page.goto: net::ERR_HTTP2_PROTOCOL_ERROR at https://www.justdial.com/All-Cities/Raja+Harish+Chandra+hospital-Hospital/nct-11109123
Call log:
  - navigating to "https://www.justdial.com/All-Cities/Raja+Harish+Chandra+hospital-Hospital/nct-11109123", waiting until "domcontentloaded"
 (attempt 2/2)
[2026-07-27 20:48:48] INFO | Phase 1 [563/1083]: K R Gangwal Memorial Hospital
[2026-07-27 20:48:57] WARNING |   Nav error: Page.goto: net::ERR_HTTP2_PROTOCOL_ERROR at https://www.justdial.com/All-Cities/K+R+Gangwal+Memorial+Hospital-Hospital/nct-11109123
Call log:
  - navigating to "https://www.justdial.com/All-Cities/K+R+Gangwal+Memorial+Hospital-Hospital/nct-11109123", waiting until "domcontentloaded"
 (attempt 1/2)
[2026-07-27 20:48:59] WARNING |   Nav error: Page.goto: net::ERR_HTTP2_PROTOCOL_ERROR at https://www.justdial.com/All-Cities/K+R+Gangwal+Memorial+Hospital-Hospital/nct-11109123
Call log:
  - navigating to "https://www.justdial.com/All-Cities/K+R+Gangwal+Memorial+Hospital-Hospital/nct-11109123", waiting until "domcontentloaded"
 (attempt 2/2)
[2026-07-27 20:49:01] INFO | Phase 1 [564/1083]: Rathi Hospital Narela
[2026-07-27 20:49:11] WARNING |   Nav error: Page.goto: net::ERR_HTTP2_PROTOCOL_ERROR at https://www.justdial.com/All-Cities/Rathi+Hospital+Narela-Hospital/nct-11109123
Call log:
  - navigating to "https://www.justdial.com/All-Cities/Rathi+Hospital+Narela-Hospital/nct-11109123", waiting until "domcontentloaded"
 (attempt 1/2)
[2026-07-27 20:49:13] WARNING |   Nav error: Page.goto: net::ERR_HTTP2_PROTOCOL_ERROR at https://www.justdial.com/All-Cities/Rathi+Hospital+Narela-Hospital/nct-11109123
Call log:
  - navigating to "https://www.justdial.com/All-Cities/Rathi+Hospital+Narela-Hospital/nct-11109123", waiting until "domcontentloaded"
 (attempt 2/2)
[2026-07-27 20:49:14] INFO | Phase 1 [565/1083]: Prerna Diagnostic Centre
[2026-07-27 20:49:23] WARNING |   Nav error: Page.goto: net::ERR_HTTP2_PROTOCOL_ERROR at https://www.justdial.com/All-Cities/Prerna+Diagnostic+Centre-Hospital/nct-11109123
Call log:
  - navigating to "https://www.justdial.com/All-Cities/Prerna+Diagnostic+Centre-Hospital/nct-11109123", waiting until "domcontentloaded"
 (attempt 1/2)
[2026-07-27 20:49:26] WARNING |   Nav error: Page.goto: net::ERR_HTTP2_PROTOCOL_ERROR at https://www.justdial.com/All-Cities/Prerna+Diagnostic+Centre-Hospital/nct-11109123
Call log:
  - navigating to "https://www.justdial.com/All-Cities/Prerna+Diagnostic+Centre-Hospital/nct-11109123", waiting until "domcontentloaded"
 (attempt 2/2)
[2026-07-27 20:49:28] INFO | Phase 1 [566/1083]: Sudarshan Hospital
[2026-07-27 20:49:37] WARNING |   Nav error: Page.goto: net::ERR_HTTP2_PROTOCOL_ERROR at https://www.justdial.com/All-Cities/Sudarshan+Hospital-Hospital/nct-11109123
Call log:
  - navigating to "https://www.justdial.com/All-Cities/Sudarshan+Hospital-Hospital/nct-11109123", waiting until "domcontentloaded"
 (attempt 1/2)
[2026-07-27 20:49:40] WARNING |   Nav error: Page.goto: net::ERR_HTTP2_PROTOCOL_ERROR at https://www.justdial.com/All-Cities/Sudarshan+Hospital-Hospital/nct-11109123
Call log:
  - navigating to "https://www.justdial.com/All-Cities/Sudarshan+Hospital-Hospital/nct-11109123", waiting until "domcontentloaded"
 (attempt 2/2)
[2026-07-27 20:49:42] INFO | Phase 1 [567/1083]: Eva Hospital
[2026-07-27 20:49:51] WARNING |   Nav error: Page.goto: net::ERR_HTTP2_PROTOCOL_ERROR at https://www.justdial.com/All-Cities/Eva+Hospital-Hospital/nct-11109123
Call log:
  - navigating to "https://www.justdial.com/All-Cities/Eva+Hospital-Hospital/nct-11109123", waiting until "domcontentloaded"
 (attempt 1/2)
[2026-07-27 20:49:54] WARNING |   Nav error: Page.goto: net::ERR_HTTP2_PROTOCOL_ERROR at https://www.justdial.com/All-Cities/Eva+Hospital-Hospital/nct-11109123
Call log:
  - navigating to "https://www.justdial.com/All-Cities/Eva+Hospital-Hospital/nct-11109123", waiting until "domcontentloaded"
 (attempt 2/2)
[2026-07-27 20:49:56] INFO | Phase 1 [568/1083]: Shri Siddhi Vinayak Multi Speciality Hospital
[2026-07-27 20:50:05] WARNING |   Nav error: Page.goto: net::ERR_HTTP2_PROTOCOL_ERROR at https://www.justdial.com/All-Cities/Shri+Siddhi+Vinayak+Multi+Speciality+Hospital-Hospital/nct-11109123
Call log:
  - navigating to "https://www.justdial.com/All-Cities/Shri+Siddhi+Vinayak+Multi+Speciality+Hospital-Hospital/nct-11109123", waiting until "domcontentloaded"
 (attempt 1/2)
[2026-07-27 20:50:08] WARNING |   Nav error: Page.goto: net::ERR_HTTP2_PROTOCOL_ERROR at https://www.justdial.com/All-Cities/Shri+Siddhi+Vinayak+Multi+Speciality+Hospital-Hospital/nct-11109123
Call log:
  - navigating to "https://www.justdial.com/All-Cities/Shri+Siddhi+Vinayak+Multi+Speciality+Hospital-Hospital/nct-11109123", waiting until "domcontentloaded"
 (attempt 2/2)
[2026-07-27 20:50:09] INFO | Phase 1 [569/1083]: Arur bassi road
[2026-07-27 20:50:19] WARNING |   Nav error: Page.goto: net::ERR_HTTP2_PROTOCOL_ERROR at https://www.justdial.com/All-Cities/Arur+bassi+road-Hospital/nct-11109123
Call log:
  - navigating to "https://www.justdial.com/All-Cities/Arur+bassi+road-Hospital/nct-11109123", waiting until "domcontentloaded"
 (attempt 1/2)
[2026-07-27 20:50:21] WARNING |   Nav error: Page.goto: net::ERR_HTTP2_PROTOCOL_ERROR at https://www.justdial.com/All-Cities/Arur+bassi+road-Hospital/nct-11109123
Call log:
  - navigating to "https://www.justdial.com/All-Cities/Arur+bassi+road-Hospital/nct-11109123", waiting until "domcontentloaded"
 (attempt 2/2)
[2026-07-27 20:50:23] INFO | Phase 1 [570/1083]: Gaurav Nursing Home
[2026-07-27 20:50:33] WARNING |   Nav error: Page.goto: net::ERR_HTTP2_PROTOCOL_ERROR at https://www.justdial.com/All-Cities/Gaurav+Nursing+Home-Hospital/nct-11109123
Call log:
  - navigating to "https://www.justdial.com/All-Cities/Gaurav+Nursing+Home-Hospital/nct-11109123", waiting until "domcontentloaded"
 (attempt 1/2)
[2026-07-27 20:50:35] WARNING |   Nav error: Page.goto: net::ERR_HTTP2_PROTOCOL_ERROR at https://www.justdial.com/All-Cities/Gaurav+Nursing+Home-Hospital/nct-11109123
Call log:
  - navigating to "https://www.justdial.com/All-Cities/Gaurav+Nursing+Home-Hospital/nct-11109123", waiting until "domcontentloaded"
 (attempt 2/2)
[2026-07-27 20:50:37] INFO | Phase 1 [571/1083]: Devansh Hospital
[2026-07-27 20:50:47] WARNING |   Nav error: Page.goto: net::ERR_HTTP2_PROTOCOL_ERROR at https://www.justdial.com/All-Cities/Devansh+Hospital-Hospital/nct-11109123
Call log:
  - navigating to "https://www.justdial.com/All-Cities/Devansh+Hospital-Hospital/nct-11109123", waiting until "domcontentloaded"
 (attempt 1/2)
[2026-07-27 20:50:50] WARNING |   Nav error: Page.goto: net::ERR_HTTP2_PROTOCOL_ERROR at https://www.justdial.com/All-Cities/Devansh+Hospital-Hospital/nct-11109123
Call log:
  - navigating to "https://www.justdial.com/All-Cities/Devansh+Hospital-Hospital/nct-11109123", waiting until "domcontentloaded"
 (attempt 2/2)
[2026-07-27 20:50:51] INFO | Phase 1 [572/1083]: Physicotheraphy hospitals
[2026-07-27 20:51:01] WARNING |   Nav error: Page.goto: net::ERR_HTTP2_PROTOCOL_ERROR at https://www.justdial.com/All-Cities/Physicotheraphy+hospitals-Hospital/nct-11109123
Call log:
  - navigating to "https://www.justdial.com/All-Cities/Physicotheraphy+hospitals-Hospital/nct-11109123", waiting until "domcontentloaded"
 (attempt 1/2)
[2026-07-27 20:51:03] WARNING |   Nav error: Page.goto: net::ERR_HTTP2_PROTOCOL_ERROR at https://www.justdial.com/All-Cities/Physicotheraphy+hospitals-Hospital/nct-11109123
Call log:
  - navigating to "https://www.justdial.com/All-Cities/Physicotheraphy+hospitals-Hospital/nct-11109123", waiting until "domcontentloaded"
 (attempt 2/2)
[2026-07-27 20:51:05] INFO | Phase 1 [573/1083]: Janvi Refrigeration & Bangali clinic
[2026-07-27 20:51:15] WARNING |   Nav error: Page.goto: net::ERR_HTTP2_PROTOCOL_ERROR at https://www.justdial.com/All-Cities/Janvi+Refrigeration+%26+Bangali+clinic-Hospital/nct-11109123
Call log:
  - navigating to "https://www.justdial.com/All-Cities/Janvi+Refrigeration+%26+Bangali+clinic-Hospital/nct-11109123", waiting until "domcontentloaded"
 (attempt 1/2)
[2026-07-27 20:51:17] WARNING |   Nav error: Page.goto: net::ERR_HTTP2_PROTOCOL_ERROR at https://www.justdial.com/All-Cities/Janvi+Refrigeration+%26+Bangali+clinic-Hospital/nct-11109123
Call log:
  - navigating to "https://www.justdial.com/All-Cities/Janvi+Refrigeration+%26+Bangali+clinic-Hospital/nct-11109123", waiting until "domcontentloaded"
 (attempt 2/2)
[2026-07-27 20:51:19] INFO | Phase 1 [574/1083]: Deewanchand Hospital
[2026-07-27 20:51:29] WARNING |   Nav error: Page.goto: net::ERR_HTTP2_PROTOCOL_ERROR at https://www.justdial.com/All-Cities/Deewanchand+Hospital-Hospital/nct-11109123
Call log:
  - navigating to "https://www.justdial.com/All-Cities/Deewanchand+Hospital-Hospital/nct-11109123", waiting until "domcontentloaded"
 (attempt 1/2)
[2026-07-27 20:51:31] WARNING |   Nav error: Page.goto: net::ERR_HTTP2_PROTOCOL_ERROR at https://www.justdial.com/All-Cities/Deewanchand+Hospital-Hospital/nct-11109123
Call log:
  - navigating to "https://www.justdial.com/All-Cities/Deewanchand+Hospital-Hospital/nct-11109123", waiting until "domcontentloaded"
 (attempt 2/2)
[2026-07-27 20:51:33] INFO | Phase 1 [575/1083]: Maharaja Agrasen Hospital
[2026-07-27 20:51:43] WARNING |   Nav error: Page.goto: net::ERR_HTTP2_PROTOCOL_ERROR at https://www.justdial.com/All-Cities/Maharaja+Agrasen+Hospital-Hospital/nct-11109123
Call log:
  - navigating to "https://www.justdial.com/All-Cities/Maharaja+Agrasen+Hospital-Hospital/nct-11109123", waiting until "domcontentloaded"
 (attempt 1/2)
[2026-07-27 20:51:45] WARNING |   Nav error: Page.goto: net::ERR_HTTP2_PROTOCOL_ERROR at https://www.justdial.com/All-Cities/Maharaja+Agrasen+Hospital-Hospital/nct-11109123
Call log:
  - navigating to "https://www.justdial.com/All-Cities/Maharaja+Agrasen+Hospital-Hospital/nct-11109123", waiting until "domcontentloaded"
 (attempt 2/2)
[2026-07-27 20:51:47] INFO | Phase 1 [576/1083]: Maharishi Valmiki Hospital
[2026-07-27 20:51:57] WARNING |   Nav error: Page.goto: net::ERR_HTTP2_PROTOCOL_ERROR at https://www.justdial.com/All-Cities/Maharishi+Valmiki+Hospital-Hospital/nct-11109123
Call log:
  - navigating to "https://www.justdial.com/All-Cities/Maharishi+Valmiki+Hospital-Hospital/nct-11109123", waiting until "domcontentloaded"
 (attempt 1/2)
[2026-07-27 20:51:59] WARNING |   Nav error: Page.goto: net::ERR_HTTP2_PROTOCOL_ERROR at https://www.justdial.com/All-Cities/Maharishi+Valmiki+Hospital-Hospital/nct-11109123
Call log:
  - navigating to "https://www.justdial.com/All-Cities/Maharishi+Valmiki+Hospital-Hospital/nct-11109123", waiting until "domcontentloaded"
 (attempt 2/2)
[2026-07-27 20:52:02] INFO | Phase 1 [577/1083]: Sandhyashi Hospital
[2026-07-27 20:52:11] WARNING |   Nav error: Page.goto: net::ERR_HTTP2_PROTOCOL_ERROR at https://www.justdial.com/All-Cities/Sandhyashi+Hospital-Hospital/nct-11109123
Call log:
  - navigating to "https://www.justdial.com/All-Cities/Sandhyashi+Hospital-Hospital/nct-11109123", waiting until "domcontentloaded"
 (attempt 1/2)
[2026-07-27 20:52:13] WARNING |   Nav error: Page.goto: net::ERR_HTTP2_PROTOCOL_ERROR at https://www.justdial.com/All-Cities/Sandhyashi+Hospital-Hospital/nct-11109123
Call log:
  - navigating to "https://www.justdial.com/All-Cities/Sandhyashi+Hospital-Hospital/nct-11109123", waiting until "domcontentloaded"
 (attempt 2/2)
[2026-07-27 20:52:16] INFO | Phase 1 [578/1083]: Dr. Indra Hospital
[2026-07-27 20:52:25] WARNING |   Nav error: Page.goto: net::ERR_HTTP2_PROTOCOL_ERROR at https://www.justdial.com/All-Cities/Dr.+Indra+Hospital-Hospital/nct-11109123
Call log:
  - navigating to "https://www.justdial.com/All-Cities/Dr.+Indra+Hospital-Hospital/nct-11109123", waiting until "domcontentloaded"
 (attempt 1/2)
[2026-07-27 20:52:27] WARNING |   Nav error: Page.goto: net::ERR_HTTP2_PROTOCOL_ERROR at https://www.justdial.com/All-Cities/Dr.+Indra+Hospital-Hospital/nct-11109123
Call log:
  - navigating to "https://www.justdial.com/All-Cities/Dr.+Indra+Hospital-Hospital/nct-11109123", waiting until "domcontentloaded"
 (attempt 2/2)
[2026-07-27 20:52:28] INFO | Phase 1 [579/1083]: DR GUDDU JEEVAN HOSPITAL BAWANA
[2026-07-27 20:52:37] WARNING |   Nav error: Page.goto: net::ERR_HTTP2_PROTOCOL_ERROR at https://www.justdial.com/All-Cities/DR+GUDDU+JEEVAN+HOSPITAL+BAWANA-Hospital/nct-11109123
Call log:
  - navigating to "https://www.justdial.com/All-Cities/DR+GUDDU+JEEVAN+HOSPITAL+BAWANA-Hospital/nct-11109123", waiting until "domcontentloaded"
 (attempt 1/2)
[2026-07-27 20:52:40] WARNING |   Nav error: Page.goto: net::ERR_HTTP2_PROTOCOL_ERROR at https://www.justdial.com/All-Cities/DR+GUDDU+JEEVAN+HOSPITAL+BAWANA-Hospital/nct-11109123
Call log:
  - navigating to "https://www.justdial.com/All-Cities/DR+GUDDU+JEEVAN+HOSPITAL+BAWANA-Hospital/nct-11109123", waiting until "domcontentloaded"
 (attempt 2/2)
[2026-07-27 20:52:41] INFO | Phase 1 [580/1083]: Mangalam Medical and surgical center
[2026-07-27 20:52:51] WARNING |   Nav error: Page.goto: net::ERR_HTTP2_PROTOCOL_ERROR at https://www.justdial.com/All-Cities/Mangalam+Medical+and+surgical+center-Hospital/nct-11109123
Call log:
  - navigating to "https://www.justdial.com/All-Cities/Mangalam+Medical+and+surgical+center-Hospital/nct-11109123", waiting until "domcontentloaded"
 (attempt 1/2)
[2026-07-27 20:52:53] WARNING |   Nav error: Page.goto: net::ERR_HTTP2_PROTOCOL_ERROR at https://www.justdial.com/All-Cities/Mangalam+Medical+and+surgical+center-Hospital/nct-11109123
Call log:
  - navigating to "https://www.justdial.com/All-Cities/Mangalam+Medical+and+surgical+center-Hospital/nct-11109123", waiting until "domcontentloaded"
 (attempt 2/2)
[2026-07-27 20:52:55] INFO | Phase 1 [581/1083]: Siddharth Hospital
[2026-07-27 20:53:04] WARNING |   Nav error: Page.goto: net::ERR_HTTP2_PROTOCOL_ERROR at https://www.justdial.com/All-Cities/Siddharth+Hospital-Hospital/nct-11109123
Call log:
  - navigating to "https://www.justdial.com/All-Cities/Siddharth+Hospital-Hospital/nct-11109123", waiting until "domcontentloaded"
 (attempt 1/2)
[2026-07-27 20:53:06] WARNING |   Nav error: Page.goto: net::ERR_HTTP2_PROTOCOL_ERROR at https://www.justdial.com/All-Cities/Siddharth+Hospital-Hospital/nct-11109123
Call log:
  - navigating to "https://www.justdial.com/All-Cities/Siddharth+Hospital-Hospital/nct-11109123", waiting until "domcontentloaded"
 (attempt 2/2)
[2026-07-27 20:53:09] INFO | Phase 1 [582/1083]: Sant Soham Hospital
[2026-07-27 20:53:19] WARNING |   Nav error: Page.goto: net::ERR_HTTP2_PROTOCOL_ERROR at https://www.justdial.com/All-Cities/Sant+Soham+Hospital-Hospital/nct-11109123
Call log:
  - navigating to "https://www.justdial.com/All-Cities/Sant+Soham+Hospital-Hospital/nct-11109123", waiting until "domcontentloaded"
 (attempt 1/2)
[2026-07-27 20:53:21] WARNING |   Nav error: Page.goto: net::ERR_HTTP2_PROTOCOL_ERROR at https://www.justdial.com/All-Cities/Sant+Soham+Hospital-Hospital/nct-11109123
Call log:
  - navigating to "https://www.justdial.com/All-Cities/Sant+Soham+Hospital-Hospital/nct-11109123", waiting until "domcontentloaded"
 (attempt 2/2)
[2026-07-27 20:53:23] INFO | Phase 1 [583/1083]: Gupta Multispeciality Hospital
[2026-07-27 20:53:33] WARNING |   Nav error: Page.goto: net::ERR_HTTP2_PROTOCOL_ERROR at https://www.justdial.com/All-Cities/Gupta+Multispeciality+Hospital-Hospital/nct-11109123
Call log:
  - navigating to "https://www.justdial.com/All-Cities/Gupta+Multispeciality+Hospital-Hospital/nct-11109123", waiting until "domcontentloaded"
 (attempt 1/2)
[2026-07-27 20:53:35] WARNING |   Nav error: Page.goto: net::ERR_HTTP2_PROTOCOL_ERROR at https://www.justdial.com/All-Cities/Gupta+Multispeciality+Hospital-Hospital/nct-11109123
Call log:
  - navigating to "https://www.justdial.com/All-Cities/Gupta+Multispeciality+Hospital-Hospital/nct-11109123", waiting until "domcontentloaded"
 (attempt 2/2)
[2026-07-27 20:53:37] INFO | Phase 1 [584/1083]: Aslam shah
[2026-07-27 20:53:46] WARNING |   Nav error: Page.goto: net::ERR_HTTP2_PROTOCOL_ERROR at https://www.justdial.com/All-Cities/Aslam+shah-Hospital/nct-11109123
Call log:
  - navigating to "https://www.justdial.com/All-Cities/Aslam+shah-Hospital/nct-11109123", waiting until "domcontentloaded"
 (attempt 1/2)
[2026-07-27 20:53:48] WARNING |   Nav error: Page.goto: net::ERR_HTTP2_PROTOCOL_ERROR at https://www.justdial.com/All-Cities/Aslam+shah-Hospital/nct-11109123
Call log:
  - navigating to "https://www.justdial.com/All-Cities/Aslam+shah-Hospital/nct-11109123", waiting until "domcontentloaded"
 (attempt 2/2)
[2026-07-27 20:53:50] INFO | Phase 1 [585/1083]: Rural Community Health Center OPD SERVICES
[2026-07-27 20:53:59] WARNING |   Nav error: Page.goto: net::ERR_HTTP2_PROTOCOL_ERROR at https://www.justdial.com/All-Cities/Rural+Community+Health+Center+OPD+SERVICES-Hospital/nct-11109123
Call log:
  - navigating to "https://www.justdial.com/All-Cities/Rural+Community+Health+Center+OPD+SERVICES-Hospital/nct-11109123", waiting until "domcontentloaded"
 (attempt 1/2)
[2026-07-27 20:54:01] WARNING |   Nav error: Page.goto: net::ERR_HTTP2_PROTOCOL_ERROR at https://www.justdial.com/All-Cities/Rural+Community+Health+Center+OPD+SERVICES-Hospital/nct-11109123
Call log:
  - navigating to "https://www.justdial.com/All-Cities/Rural+Community+Health+Center+OPD+SERVICES-Hospital/nct-11109123", waiting until "domcontentloaded"
 (attempt 2/2)
[2026-07-27 20:54:04] INFO | Phase 1 [586/1083]: Om Hospital
[2026-07-27 20:54:14] WARNING |   Nav error: Page.goto: net::ERR_HTTP2_PROTOCOL_ERROR at https://www.justdial.com/All-Cities/Om+Hospital-Hospital/nct-11109123
Call log:
  - navigating to "https://www.justdial.com/All-Cities/Om+Hospital-Hospital/nct-11109123", waiting until "domcontentloaded"
 (attempt 1/2)
[2026-07-27 20:54:16] WARNING |   Nav error: Page.goto: net::ERR_HTTP2_PROTOCOL_ERROR at https://www.justdial.com/All-Cities/Om+Hospital-Hospital/nct-11109123
Call log:
  - navigating to "https://www.justdial.com/All-Cities/Om+Hospital-Hospital/nct-11109123", waiting until "domcontentloaded"
 (attempt 2/2)
[2026-07-27 20:54:17] INFO | Phase 1 [587/1083]: Nestiva Medical Center
[2026-07-27 20:54:26] WARNING |   Nav error: Page.goto: net::ERR_HTTP2_PROTOCOL_ERROR at https://www.justdial.com/All-Cities/Nestiva+Medical+Center-Hospital/nct-11109123
Call log:
  - navigating to "https://www.justdial.com/All-Cities/Nestiva+Medical+Center-Hospital/nct-11109123", waiting until "domcontentloaded"
 (attempt 1/2)
[2026-07-27 20:54:28] WARNING |   Nav error: Page.goto: net::ERR_HTTP2_PROTOCOL_ERROR at https://www.justdial.com/All-Cities/Nestiva+Medical+Center-Hospital/nct-11109123
Call log:
  - navigating to "https://www.justdial.com/All-Cities/Nestiva+Medical+Center-Hospital/nct-11109123", waiting until "domcontentloaded"
 (attempt 2/2)
[2026-07-27 20:54:31] INFO | Phase 1 [588/1083]: Aatman Hospital ( Medical & Diagnostic Centre)
[2026-07-27 20:54:40] WARNING |   Nav error: Page.goto: net::ERR_HTTP2_PROTOCOL_ERROR at https://www.justdial.com/All-Cities/Aatman+Hospital+%28+Medical+%26+Diagnostic+Centre%29-Hospital/nct-11109123
Call log:
  - navigating to "https://www.justdial.com/All-Cities/Aatman+Hospital+%28+Medical+%26+Diagnostic+Centre%29-Hospital/nct-11109123", waiting until "domcontentloaded"
 (attempt 1/2)
[2026-07-27 20:54:42] WARNING |   Nav error: Page.goto: net::ERR_HTTP2_PROTOCOL_ERROR at https://www.justdial.com/All-Cities/Aatman+Hospital+%28+Medical+%26+Diagnostic+Centre%29-Hospital/nct-11109123
Call log:
  - navigating to "https://www.justdial.com/All-Cities/Aatman+Hospital+%28+Medical+%26+Diagnostic+Centre%29-Hospital/nct-11109123", waiting until "domcontentloaded"
 (attempt 2/2)
[2026-07-27 20:54:44] INFO | Phase 1 [589/1083]: SHUBH MULTI-SPECIALITY HOSPITAL
[2026-07-27 20:54:53] WARNING |   Nav error: Page.goto: net::ERR_HTTP2_PROTOCOL_ERROR at https://www.justdial.com/All-Cities/SHUBH+MULTI-SPECIALITY+HOSPITAL-Hospital/nct-11109123
Call log:
  - navigating to "https://www.justdial.com/All-Cities/SHUBH+MULTI-SPECIALITY+HOSPITAL-Hospital/nct-11109123", waiting until "domcontentloaded"
 (attempt 1/2)
[2026-07-27 20:54:55] WARNING |   Nav error: Page.goto: net::ERR_HTTP2_PROTOCOL_ERROR at https://www.justdial.com/All-Cities/SHUBH+MULTI-SPECIALITY+HOSPITAL-Hospital/nct-11109123
Call log:
  - navigating to "https://www.justdial.com/All-Cities/SHUBH+MULTI-SPECIALITY+HOSPITAL-Hospital/nct-11109123", waiting until "domcontentloaded"
 (attempt 2/2)
[2026-07-27 20:54:58] INFO | Phase 1 [590/1083]: Janata Medical Hall
[2026-07-27 20:55:07] WARNING |   Nav error: Page.goto: net::ERR_HTTP2_PROTOCOL_ERROR at https://www.justdial.com/All-Cities/Janata+Medical+Hall-Hospital/nct-11109123
Call log:
  - navigating to "https://www.justdial.com/All-Cities/Janata+Medical+Hall-Hospital/nct-11109123", waiting until "domcontentloaded"
 (attempt 1/2)
[2026-07-27 20:55:09] WARNING |   Nav error: Page.goto: net::ERR_HTTP2_PROTOCOL_ERROR at https://www.justdial.com/All-Cities/Janata+Medical+Hall-Hospital/nct-11109123
Call log:
  - navigating to "https://www.justdial.com/All-Cities/Janata+Medical+Hall-Hospital/nct-11109123", waiting until "domcontentloaded"
 (attempt 2/2)
[2026-07-27 20:55:10] INFO | Phase 1 [591/1083]: Ashray Nursing Home
[2026-07-27 20:55:20] WARNING |   Nav error: Page.goto: net::ERR_HTTP2_PROTOCOL_ERROR at https://www.justdial.com/All-Cities/Ashray+Nursing+Home-Hospital/nct-11109123
Call log:
  - navigating to "https://www.justdial.com/All-Cities/Ashray+Nursing+Home-Hospital/nct-11109123", waiting until "domcontentloaded"
 (attempt 1/2)
[2026-07-27 20:55:22] WARNING |   Nav error: Page.goto: net::ERR_HTTP2_PROTOCOL_ERROR at https://www.justdial.com/All-Cities/Ashray+Nursing+Home-Hospital/nct-11109123
Call log:
  - navigating to "https://www.justdial.com/All-Cities/Ashray+Nursing+Home-Hospital/nct-11109123", waiting until "domcontentloaded"
 (attempt 2/2)
[2026-07-27 20:55:24] INFO | Phase 1 [592/1083]: AROGYA HOSPITAL
[2026-07-27 20:55:34] WARNING |   Nav error: Page.goto: net::ERR_HTTP2_PROTOCOL_ERROR at https://www.justdial.com/All-Cities/AROGYA+HOSPITAL-Hospital/nct-11109123
Call log:
  - navigating to "https://www.justdial.com/All-Cities/AROGYA+HOSPITAL-Hospital/nct-11109123", waiting until "domcontentloaded"
 (attempt 1/2)
[2026-07-27 20:55:36] WARNING |   Nav error: Page.goto: net::ERR_HTTP2_PROTOCOL_ERROR at https://www.justdial.com/All-Cities/AROGYA+HOSPITAL-Hospital/nct-11109123
Call log:
  - navigating to "https://www.justdial.com/All-Cities/AROGYA+HOSPITAL-Hospital/nct-11109123", waiting until "domcontentloaded"
 (attempt 2/2)
[2026-07-27 20:55:38] INFO | Phase 1 [593/1083]: Shradha Clinic
[2026-07-27 20:55:47] WARNING |   Nav error: Page.goto: net::ERR_HTTP2_PROTOCOL_ERROR at https://www.justdial.com/All-Cities/Shradha+Clinic-Hospital/nct-11109123
Call log:
  - navigating to "https://www.justdial.com/All-Cities/Shradha+Clinic-Hospital/nct-11109123", waiting until "domcontentloaded"
 (attempt 1/2)
[2026-07-27 20:55:49] WARNING |   Nav error: Page.goto: net::ERR_HTTP2_PROTOCOL_ERROR at https://www.justdial.com/All-Cities/Shradha+Clinic-Hospital/nct-11109123
Call log:
  - navigating to "https://www.justdial.com/All-Cities/Shradha+Clinic-Hospital/nct-11109123", waiting until "domcontentloaded"
 (attempt 2/2)
[2026-07-27 20:55:51] INFO | Phase 1 [594/1083]: Airmid Hospital
[2026-07-27 20:56:01] WARNING |   Nav error: Page.goto: net::ERR_HTTP2_PROTOCOL_ERROR at https://www.justdial.com/All-Cities/Airmid+Hospital-Hospital/nct-11109123
Call log:
  - navigating to "https://www.justdial.com/All-Cities/Airmid+Hospital-Hospital/nct-11109123", waiting until "domcontentloaded"
 (attempt 1/2)
[2026-07-27 20:56:03] WARNING |   Nav error: Page.goto: net::ERR_HTTP2_PROTOCOL_ERROR at https://www.justdial.com/All-Cities/Airmid+Hospital-Hospital/nct-11109123
Call log:
  - navigating to "https://www.justdial.com/All-Cities/Airmid+Hospital-Hospital/nct-11109123", waiting until "domcontentloaded"
 (attempt 2/2)
[2026-07-27 20:56:05] INFO | Phase 1 [595/1083]: Saini hospital
[2026-07-27 20:56:15] WARNING |   Nav error: Page.goto: net::ERR_HTTP2_PROTOCOL_ERROR at https://www.justdial.com/All-Cities/Saini+hospital-Hospital/nct-11109123
Call log:
  - navigating to "https://www.justdial.com/All-Cities/Saini+hospital-Hospital/nct-11109123", waiting until "domcontentloaded"
 (attempt 1/2)
[2026-07-27 20:56:17] WARNING |   Nav error: Page.goto: net::ERR_HTTP2_PROTOCOL_ERROR at https://www.justdial.com/All-Cities/Saini+hospital-Hospital/nct-11109123
Call log:
  - navigating to "https://www.justdial.com/All-Cities/Saini+hospital-Hospital/nct-11109123", waiting until "domcontentloaded"
 (attempt 2/2)
[2026-07-27 20:56:19] INFO | Phase 1 [596/1083]: Chauhan Hospital
[2026-07-27 20:56:31] WARNING |   Nav error: Page.goto: net::ERR_HTTP2_PROTOCOL_ERROR at https://www.justdial.com/All-Cities/Chauhan+Hospital-Hospital/nct-11109123
Call log:
  - navigating to "https://www.justdial.com/All-Cities/Chauhan+Hospital-Hospital/nct-11109123", waiting until "domcontentloaded"
 (attempt 1/2)
[2026-07-27 20:56:33] WARNING |   Nav error: Page.goto: net::ERR_HTTP2_PROTOCOL_ERROR at https://www.justdial.com/All-Cities/Chauhan+Hospital-Hospital/nct-11109123
Call log:
  - navigating to "https://www.justdial.com/All-Cities/Chauhan+Hospital-Hospital/nct-11109123", waiting until "domcontentloaded"
 (attempt 2/2)
[2026-07-27 20:56:35] INFO | Phase 1 [597/1083]: Chodhri Hospital
[2026-07-27 20:56:44] WARNING |   Nav error: Page.goto: net::ERR_HTTP2_PROTOCOL_ERROR at https://www.justdial.com/All-Cities/Chodhri+Hospital-Hospital/nct-11109123
Call log:
  - navigating to "https://www.justdial.com/All-Cities/Chodhri+Hospital-Hospital/nct-11109123", waiting until "domcontentloaded"
 (attempt 1/2)
[2026-07-27 20:56:46] WARNING |   Nav error: Page.goto: net::ERR_HTTP2_PROTOCOL_ERROR at https://www.justdial.com/All-Cities/Chodhri+Hospital-Hospital/nct-11109123
Call log:
  - navigating to "https://www.justdial.com/All-Cities/Chodhri+Hospital-Hospital/nct-11109123", waiting until "domcontentloaded"
 (attempt 2/2)
[2026-07-27 20:56:49] INFO | Phase 1 [598/1083]: Anjuman Medical Centre
[2026-07-27 20:56:58] WARNING |   Nav error: Page.goto: net::ERR_HTTP2_PROTOCOL_ERROR at https://www.justdial.com/All-Cities/Anjuman+Medical+Centre-Hospital/nct-11109123
Call log:
  - navigating to "https://www.justdial.com/All-Cities/Anjuman+Medical+Centre-Hospital/nct-11109123", waiting until "domcontentloaded"
 (attempt 1/2)
[2026-07-27 20:57:00] WARNING |   Nav error: Page.goto: net::ERR_HTTP2_PROTOCOL_ERROR at https://www.justdial.com/All-Cities/Anjuman+Medical+Centre-Hospital/nct-11109123
Call log:
  - navigating to "https://www.justdial.com/All-Cities/Anjuman+Medical+Centre-Hospital/nct-11109123", waiting until "domcontentloaded"
 (attempt 2/2)
[2026-07-27 20:57:02] INFO | Phase 1 [599/1083]: Newlife Hospital And Research Centre Private Limited
[2026-07-27 20:57:11] WARNING |   Nav error: Page.goto: net::ERR_HTTP2_PROTOCOL_ERROR at https://www.justdial.com/All-Cities/Newlife+Hospital+And+Research+Centre+Private+Limited-Hospital/nct-11109123
Call log:
  - navigating to "https://www.justdial.com/All-Cities/Newlife+Hospital+And+Research+Centre+Private+Limited-Hospital/nct-11109123", waiting until "domcontentloaded"
 (attempt 1/2)
[2026-07-27 20:57:13] WARNING |   Nav error: Page.goto: net::ERR_HTTP2_PROTOCOL_ERROR at https://www.justdial.com/All-Cities/Newlife+Hospital+And+Research+Centre+Private+Limited-Hospital/nct-11109123
Call log:
  - navigating to "https://www.justdial.com/All-Cities/Newlife+Hospital+And+Research+Centre+Private+Limited-Hospital/nct-11109123", waiting until "domcontentloaded"
 (attempt 2/2)
[2026-07-27 20:57:15] INFO | Phase 1 [600/1083]: Delhi govt. Dispensary
[2026-07-27 20:57:25] WARNING |   Nav error: Page.goto: net::ERR_HTTP2_PROTOCOL_ERROR at https://www.justdial.com/All-Cities/Delhi+govt.+Dispensary-Hospital/nct-11109123
Call log:
  - navigating to "https://www.justdial.com/All-Cities/Delhi+govt.+Dispensary-Hospital/nct-11109123", waiting until "domcontentloaded"
 (attempt 1/2)
[2026-07-27 20:57:27] WARNING |   Nav error: Page.goto: net::ERR_HTTP2_PROTOCOL_ERROR at https://www.justdial.com/All-Cities/Delhi+govt.+Dispensary-Hospital/nct-11109123
Call log:
  - navigating to "https://www.justdial.com/All-Cities/Delhi+govt.+Dispensary-Hospital/nct-11109123", waiting until "domcontentloaded"
 (attempt 2/2)
[2026-07-27 20:57:28] INFO | Phase 1 [601/1083]: Dr BD Attam Hospital and Medical Research Centre
[2026-07-27 20:57:37] WARNING |   Nav error: Page.goto: net::ERR_HTTP2_PROTOCOL_ERROR at https://www.justdial.com/All-Cities/Dr+BD+Attam+Hospital+and+Medical+Research+Centre-Hospital/nct-11109123
Call log:
  - navigating to "https://www.justdial.com/All-Cities/Dr+BD+Attam+Hospital+and+Medical+Research+Centre-Hospital/nct-11109123", waiting until "domcontentloaded"
 (attempt 1/2)
[2026-07-27 20:57:39] WARNING |   Nav error: Page.goto: net::ERR_HTTP2_PROTOCOL_ERROR at https://www.justdial.com/All-Cities/Dr+BD+Attam+Hospital+and+Medical+Research+Centre-Hospital/nct-11109123
Call log:
  - navigating to "https://www.justdial.com/All-Cities/Dr+BD+Attam+Hospital+and+Medical+Research+Centre-Hospital/nct-11109123", waiting until "domcontentloaded"
 (attempt 2/2)
[2026-07-27 20:57:42] INFO | Phase 1 [602/1083]: ESI Dispensary
[2026-07-27 20:57:52] WARNING |   Nav error: Page.goto: net::ERR_HTTP2_PROTOCOL_ERROR at https://www.justdial.com/All-Cities/ESI+Dispensary-Hospital/nct-11109123
Call log:
  - navigating to "https://www.justdial.com/All-Cities/ESI+Dispensary-Hospital/nct-11109123", waiting until "domcontentloaded"
 (attempt 1/2)
[2026-07-27 20:57:54] WARNING |   Nav error: Page.goto: net::ERR_HTTP2_PROTOCOL_ERROR at https://www.justdial.com/All-Cities/ESI+Dispensary-Hospital/nct-11109123
Call log:
  - navigating to "https://www.justdial.com/All-Cities/ESI+Dispensary-Hospital/nct-11109123", waiting until "domcontentloaded"
 (attempt 2/2)
[2026-07-27 20:57:56] INFO | Phase 1 [603/1083]: Citizen Hospital
[2026-07-27 20:58:06] WARNING |   Nav error: Page.goto: net::ERR_HTTP2_PROTOCOL_ERROR at https://www.justdial.com/All-Cities/Citizen+Hospital-Hospital/nct-11109123
Call log:
  - navigating to "https://www.justdial.com/All-Cities/Citizen+Hospital-Hospital/nct-11109123", waiting until "domcontentloaded"
 (attempt 1/2)
[2026-07-27 20:58:08] WARNING |   Nav error: Page.goto: net::ERR_HTTP2_PROTOCOL_ERROR at https://www.justdial.com/All-Cities/Citizen+Hospital-Hospital/nct-11109123
Call log:
  - navigating to "https://www.justdial.com/All-Cities/Citizen+Hospital-Hospital/nct-11109123", waiting until "domcontentloaded"
 (attempt 2/2)
[2026-07-27 20:58:09] INFO | Phase 1 [604/1083]: MCW Shakurpur
[2026-07-27 20:58:18] WARNING |   Nav error: Page.goto: net::ERR_HTTP2_PROTOCOL_ERROR at https://www.justdial.com/All-Cities/MCW+Shakurpur-Hospital/nct-11109123
Call log:
  - navigating to "https://www.justdial.com/All-Cities/MCW+Shakurpur-Hospital/nct-11109123", waiting until "domcontentloaded"
 (attempt 1/2)
[2026-07-27 20:58:21] WARNING |   Nav error: Page.goto: net::ERR_HTTP2_PROTOCOL_ERROR at https://www.justdial.com/All-Cities/MCW+Shakurpur-Hospital/nct-11109123
Call log:
  - navigating to "https://www.justdial.com/All-Cities/MCW+Shakurpur-Hospital/nct-11109123", waiting until "domcontentloaded"
 (attempt 2/2)
[2026-07-27 20:58:22] INFO | Phase 1 [605/1083]: Maharaja Agarsen Hospital Ashok Vihar
[2026-07-27 20:58:32] WARNING |   Nav error: Page.goto: net::ERR_HTTP2_PROTOCOL_ERROR at https://www.justdial.com/All-Cities/Maharaja+Agarsen+Hospital+Ashok+Vihar-Hospital/nct-11109123
Call log:
  - navigating to "https://www.justdial.com/All-Cities/Maharaja+Agarsen+Hospital+Ashok+Vihar-Hospital/nct-11109123", waiting until "domcontentloaded"
 (attempt 1/2)
[2026-07-27 20:58:34] WARNING |   Nav error: Page.goto: net::ERR_HTTP2_PROTOCOL_ERROR at https://www.justdial.com/All-Cities/Maharaja+Agarsen+Hospital+Ashok+Vihar-Hospital/nct-11109123
Call log:
  - navigating to "https://www.justdial.com/All-Cities/Maharaja+Agarsen+Hospital+Ashok+Vihar-Hospital/nct-11109123", waiting until "domcontentloaded"
 (attempt 2/2)
[2026-07-27 20:58:38] INFO | Phase 1 [606/1083]: Gupta Multispeciality Hospital
[2026-07-27 20:58:47] WARNING |   Nav error: Page.goto: net::ERR_HTTP2_PROTOCOL_ERROR at https://www.justdial.com/All-Cities/Gupta+Multispeciality+Hospital-Hospital/nct-11109123
Call log:
  - navigating to "https://www.justdial.com/All-Cities/Gupta+Multispeciality+Hospital-Hospital/nct-11109123", waiting until "domcontentloaded"
 (attempt 1/2)
[2026-07-27 20:58:49] WARNING |   Nav error: Page.goto: net::ERR_HTTP2_PROTOCOL_ERROR at https://www.justdial.com/All-Cities/Gupta+Multispeciality+Hospital-Hospital/nct-11109123
Call log:
  - navigating to "https://www.justdial.com/All-Cities/Gupta+Multispeciality+Hospital-Hospital/nct-11109123", waiting until "domcontentloaded"
 (attempt 2/2)
[2026-07-27 20:58:50] INFO | Phase 1 [607/1083]: Jai Maa Tara Hospital
[2026-07-27 20:58:59] WARNING |   Nav error: Page.goto: net::ERR_HTTP2_PROTOCOL_ERROR at https://www.justdial.com/All-Cities/Jai+Maa+Tara+Hospital-Hospital/nct-11109123
Call log:
  - navigating to "https://www.justdial.com/All-Cities/Jai+Maa+Tara+Hospital-Hospital/nct-11109123", waiting until "domcontentloaded"
 (attempt 1/2)
[2026-07-27 20:59:01] WARNING |   Nav error: Page.goto: net::ERR_HTTP2_PROTOCOL_ERROR at https://www.justdial.com/All-Cities/Jai+Maa+Tara+Hospital-Hospital/nct-11109123
Call log:
  - navigating to "https://www.justdial.com/All-Cities/Jai+Maa+Tara+Hospital-Hospital/nct-11109123", waiting until "domcontentloaded"
 (attempt 2/2)
[2026-07-27 20:59:04] INFO | Phase 1 [608/1083]: Jivodaya hospital
[2026-07-27 20:59:14] WARNING |   Nav error: Page.goto: net::ERR_HTTP2_PROTOCOL_ERROR at https://www.justdial.com/All-Cities/Jivodaya+hospital-Hospital/nct-11109123
Call log:
  - navigating to "https://www.justdial.com/All-Cities/Jivodaya+hospital-Hospital/nct-11109123", waiting until "domcontentloaded"
 (attempt 1/2)
[2026-07-27 20:59:16] WARNING |   Nav error: Page.goto: net::ERR_HTTP2_PROTOCOL_ERROR at https://www.justdial.com/All-Cities/Jivodaya+hospital-Hospital/nct-11109123
Call log:
  - navigating to "https://www.justdial.com/All-Cities/Jivodaya+hospital-Hospital/nct-11109123", waiting until "domcontentloaded"
 (attempt 2/2)
[2026-07-27 20:59:18] INFO | Phase 1 [609/1083]: Delhi Government Dispensary DGD Inderlok
[2026-07-27 20:59:28] WARNING |   Nav error: Page.goto: net::ERR_HTTP2_PROTOCOL_ERROR at https://www.justdial.com/All-Cities/Delhi+Government+Dispensary+DGD+Inderlok-Hospital/nct-11109123
Call log:
  - navigating to "https://www.justdial.com/All-Cities/Delhi+Government+Dispensary+DGD+Inderlok-Hospital/nct-11109123", waiting until "domcontentloaded"
 (attempt 1/2)
[2026-07-27 20:59:30] WARNING |   Nav error: Page.goto: net::ERR_HTTP2_PROTOCOL_ERROR at https://www.justdial.com/All-Cities/Delhi+Government+Dispensary+DGD+Inderlok-Hospital/nct-11109123
Call log:
  - navigating to "https://www.justdial.com/All-Cities/Delhi+Government+Dispensary+DGD+Inderlok-Hospital/nct-11109123", waiting until "domcontentloaded"
 (attempt 2/2)
[2026-07-27 20:59:32] INFO | Phase 1 [610/1083]: S R Handa Maternity Clinic
[2026-07-27 20:59:41] WARNING |   Nav error: Page.goto: net::ERR_HTTP2_PROTOCOL_ERROR at https://www.justdial.com/All-Cities/S+R+Handa+Maternity+Clinic-Hospital/nct-11109123
Call log:
  - navigating to "https://www.justdial.com/All-Cities/S+R+Handa+Maternity+Clinic-Hospital/nct-11109123", waiting until "domcontentloaded"
 (attempt 1/2)
[2026-07-27 20:59:43] WARNING |   Nav error: Page.goto: net::ERR_HTTP2_PROTOCOL_ERROR at https://www.justdial.com/All-Cities/S+R+Handa+Maternity+Clinic-Hospital/nct-11109123
Call log:
  - navigating to "https://www.justdial.com/All-Cities/S+R+Handa+Maternity+Clinic-Hospital/nct-11109123", waiting until "domcontentloaded"
 (attempt 2/2)
[2026-07-27 20:59:45] INFO | Phase 1 [611/1083]: Sharma Medical Center
[2026-07-27 20:59:56] WARNING |   Nav error: Page.goto: net::ERR_HTTP2_PROTOCOL_ERROR at https://www.justdial.com/All-Cities/Sharma+Medical+Center-Hospital/nct-11109123
Call log:
  - navigating to "https://www.justdial.com/All-Cities/Sharma+Medical+Center-Hospital/nct-11109123", waiting until "domcontentloaded"
 (attempt 1/2)
[2026-07-27 20:59:58] WARNING |   Nav error: Page.goto: net::ERR_HTTP2_PROTOCOL_ERROR at https://www.justdial.com/All-Cities/Sharma+Medical+Center-Hospital/nct-11109123
Call log:
  - navigating to "https://www.justdial.com/All-Cities/Sharma+Medical+Center-Hospital/nct-11109123", waiting until "domcontentloaded"
 (attempt 2/2)
[2026-07-27 21:00:00] INFO | Phase 1 [612/1083]: Bansal Doctor
[2026-07-27 21:00:09] WARNING |   Nav error: Page.goto: net::ERR_HTTP2_PROTOCOL_ERROR at https://www.justdial.com/All-Cities/Bansal+Doctor-Hospital/nct-11109123
Call log:
  - navigating to "https://www.justdial.com/All-Cities/Bansal+Doctor-Hospital/nct-11109123", waiting until "domcontentloaded"
 (attempt 1/2)
[2026-07-27 21:00:11] WARNING |   Nav error: Page.goto: net::ERR_HTTP2_PROTOCOL_ERROR at https://www.justdial.com/All-Cities/Bansal+Doctor-Hospital/nct-11109123
Call log:
  - navigating to "https://www.justdial.com/All-Cities/Bansal+Doctor-Hospital/nct-11109123", waiting until "domcontentloaded"
 (attempt 2/2)
[2026-07-27 21:00:13] INFO | Phase 1 [613/1083]: Agrawal Nursing Home
[2026-07-27 21:00:22] WARNING |   Nav error: Page.goto: net::ERR_HTTP2_PROTOCOL_ERROR at https://www.justdial.com/All-Cities/Agrawal+Nursing+Home-Hospital/nct-11109123
Call log:
  - navigating to "https://www.justdial.com/All-Cities/Agrawal+Nursing+Home-Hospital/nct-11109123", waiting until "domcontentloaded"
 (attempt 1/2)
[2026-07-27 21:00:24] WARNING |   Nav error: Page.goto: net::ERR_HTTP2_PROTOCOL_ERROR at https://www.justdial.com/All-Cities/Agrawal+Nursing+Home-Hospital/nct-11109123
Call log:
  - navigating to "https://www.justdial.com/All-Cities/Agrawal+Nursing+Home-Hospital/nct-11109123", waiting until "domcontentloaded"
 (attempt 2/2)
[2026-07-27 21:00:27] INFO | Phase 1 [614/1083]: Dr KC Memorial Clinic
[2026-07-27 21:00:37] WARNING |   Nav error: Page.goto: net::ERR_HTTP2_PROTOCOL_ERROR at https://www.justdial.com/All-Cities/Dr+KC+Memorial+Clinic-Hospital/nct-11109123
Call log:
  - navigating to "https://www.justdial.com/All-Cities/Dr+KC+Memorial+Clinic-Hospital/nct-11109123", waiting until "domcontentloaded"
 (attempt 1/2)
[2026-07-27 21:00:39] WARNING |   Nav error: Page.goto: net::ERR_HTTP2_PROTOCOL_ERROR at https://www.justdial.com/All-Cities/Dr+KC+Memorial+Clinic-Hospital/nct-11109123
Call log:
  - navigating to "https://www.justdial.com/All-Cities/Dr+KC+Memorial+Clinic-Hospital/nct-11109123", waiting until "domcontentloaded"
 (attempt 2/2)
[2026-07-27 21:00:41] INFO | Phase 1 [615/1083]: Navjeevan Hospital
[2026-07-27 21:00:50] WARNING |   Nav error: Page.goto: net::ERR_HTTP2_PROTOCOL_ERROR at https://www.justdial.com/All-Cities/Navjeevan+Hospital-Hospital/nct-11109123
Call log:
  - navigating to "https://www.justdial.com/All-Cities/Navjeevan+Hospital-Hospital/nct-11109123", waiting until "domcontentloaded"
 (attempt 1/2)
[2026-07-27 21:00:52] WARNING |   Nav error: Page.goto: net::ERR_HTTP2_PROTOCOL_ERROR at https://www.justdial.com/All-Cities/Navjeevan+Hospital-Hospital/nct-11109123
Call log:
  - navigating to "https://www.justdial.com/All-Cities/Navjeevan+Hospital-Hospital/nct-11109123", waiting until "domcontentloaded"
 (attempt 2/2)
[2026-07-27 21:00:53] INFO | Phase 1 [616/1083]: Sanjay Gandhi Memorial Hospital
[2026-07-27 21:01:03] WARNING |   Nav error: Page.goto: net::ERR_HTTP2_PROTOCOL_ERROR at https://www.justdial.com/All-Cities/Sanjay+Gandhi+Memorial+Hospital-Hospital/nct-11109123
Call log:
  - navigating to "https://www.justdial.com/All-Cities/Sanjay+Gandhi+Memorial+Hospital-Hospital/nct-11109123", waiting until "domcontentloaded"
 (attempt 1/2)
[2026-07-27 21:01:05] WARNING |   Nav error: Page.goto: net::ERR_HTTP2_PROTOCOL_ERROR at https://www.justdial.com/All-Cities/Sanjay+Gandhi+Memorial+Hospital-Hospital/nct-11109123
Call log:
  - navigating to "https://www.justdial.com/All-Cities/Sanjay+Gandhi+Memorial+Hospital-Hospital/nct-11109123", waiting until "domcontentloaded"
 (attempt 2/2)
[2026-07-27 21:01:07] INFO | Phase 1 [617/1083]: ECHS Polyclinic ShakurBasti
[2026-07-27 21:01:17] WARNING |   Nav error: Page.goto: net::ERR_HTTP2_PROTOCOL_ERROR at https://www.justdial.com/All-Cities/ECHS+Polyclinic+ShakurBasti-Hospital/nct-11109123
Call log:
  - navigating to "https://www.justdial.com/All-Cities/ECHS+Polyclinic+ShakurBasti-Hospital/nct-11109123", waiting until "domcontentloaded"
 (attempt 1/2)
[2026-07-27 21:01:19] WARNING |   Nav error: Page.goto: net::ERR_HTTP2_PROTOCOL_ERROR at https://www.justdial.com/All-Cities/ECHS+Polyclinic+ShakurBasti-Hospital/nct-11109123
Call log:
  - navigating to "https://www.justdial.com/All-Cities/ECHS+Polyclinic+ShakurBasti-Hospital/nct-11109123", waiting until "domcontentloaded"
 (attempt 2/2)
[2026-07-27 21:01:21] INFO | Phase 1 [618/1083]: Khosla Medical Institute & Research Society
[2026-07-27 21:01:31] WARNING |   Nav error: Page.goto: net::ERR_HTTP2_PROTOCOL_ERROR at https://www.justdial.com/All-Cities/Khosla+Medical+Institute+%26+Research+Society-Hospital/nct-11109123
Call log:
  - navigating to "https://www.justdial.com/All-Cities/Khosla+Medical+Institute+%26+Research+Society-Hospital/nct-11109123", waiting until "domcontentloaded"
 (attempt 1/2)
[2026-07-27 21:01:33] WARNING |   Nav error: Page.goto: net::ERR_HTTP2_PROTOCOL_ERROR at https://www.justdial.com/All-Cities/Khosla+Medical+Institute+%26+Research+Society-Hospital/nct-11109123
Call log:
  - navigating to "https://www.justdial.com/All-Cities/Khosla+Medical+Institute+%26+Research+Society-Hospital/nct-11109123", waiting until "domcontentloaded"
 (attempt 2/2)
[2026-07-27 21:01:35] INFO | Phase 1 [619/1083]: A One Hospital - Best hospital in Paschim Vihar
[2026-07-27 21:01:44] WARNING |   Nav error: Page.goto: net::ERR_HTTP2_PROTOCOL_ERROR at https://www.justdial.com/All-Cities/A+One+Hospital+-+Best+hospital+in+Paschim+Vihar-Hospital/nct-11109123
Call log:
  - navigating to "https://www.justdial.com/All-Cities/A+One+Hospital+-+Best+hospital+in+Paschim+Vihar-Hospital/nct-11109123", waiting until "domcontentloaded"
 (attempt 1/2)
[2026-07-27 21:01:47] WARNING |   Nav error: Page.goto: net::ERR_HTTP2_PROTOCOL_ERROR at https://www.justdial.com/All-Cities/A+One+Hospital+-+Best+hospital+in+Paschim+Vihar-Hospital/nct-11109123
Call log:
  - navigating to "https://www.justdial.com/All-Cities/A+One+Hospital+-+Best+hospital+in+Paschim+Vihar-Hospital/nct-11109123", waiting until "domcontentloaded"
 (attempt 2/2)
[2026-07-27 21:01:48] INFO | Phase 1 [620/1083]: Sehgal Neo Hospital
[2026-07-27 21:01:57] WARNING |   Nav error: Page.goto: net::ERR_HTTP2_PROTOCOL_ERROR at https://www.justdial.com/All-Cities/Sehgal+Neo+Hospital-Hospital/nct-11109123
Call log:
  - navigating to "https://www.justdial.com/All-Cities/Sehgal+Neo+Hospital-Hospital/nct-11109123", waiting until "domcontentloaded"
 (attempt 1/2)
[2026-07-27 21:02:00] WARNING |   Nav error: Page.goto: net::ERR_HTTP2_PROTOCOL_ERROR at https://www.justdial.com/All-Cities/Sehgal+Neo+Hospital-Hospital/nct-11109123
Call log:
  - navigating to "https://www.justdial.com/All-Cities/Sehgal+Neo+Hospital-Hospital/nct-11109123", waiting until "domcontentloaded"
 (attempt 2/2)
[2026-07-27 21:02:02] INFO | Phase 1 [621/1083]: Rathee hospital
[2026-07-27 21:02:12] WARNING |   Nav error: Page.goto: net::ERR_HTTP2_PROTOCOL_ERROR at https://www.justdial.com/All-Cities/Rathee+hospital-Hospital/nct-11109123
Call log:
  - navigating to "https://www.justdial.com/All-Cities/Rathee+hospital-Hospital/nct-11109123", waiting until "domcontentloaded"
 (attempt 1/2)
[2026-07-27 21:02:14] WARNING |   Nav error: Page.goto: net::ERR_HTTP2_PROTOCOL_ERROR at https://www.justdial.com/All-Cities/Rathee+hospital-Hospital/nct-11109123
Call log:
  - navigating to "https://www.justdial.com/All-Cities/Rathee+hospital-Hospital/nct-11109123", waiting until "domcontentloaded"
 (attempt 2/2)
[2026-07-27 21:02:15] INFO | Phase 1 [622/1083]: Jain Muni Roshanlal Charitable Hospital
[2026-07-27 21:02:25] WARNING |   Nav error: Page.goto: net::ERR_HTTP2_PROTOCOL_ERROR at https://www.justdial.com/All-Cities/Jain+Muni+Roshanlal+Charitable+Hospital-Hospital/nct-11109123
Call log:
  - navigating to "https://www.justdial.com/All-Cities/Jain+Muni+Roshanlal+Charitable+Hospital-Hospital/nct-11109123", waiting until "domcontentloaded"
 (attempt 1/2)
[2026-07-27 21:02:27] WARNING |   Nav error: Page.goto: net::ERR_HTTP2_PROTOCOL_ERROR at https://www.justdial.com/All-Cities/Jain+Muni+Roshanlal+Charitable+Hospital-Hospital/nct-11109123
Call log:
  - navigating to "https://www.justdial.com/All-Cities/Jain+Muni+Roshanlal+Charitable+Hospital-Hospital/nct-11109123", waiting until "domcontentloaded"
 (attempt 2/2)
[2026-07-27 21:02:30] INFO | Phase 1 [623/1083]: K K Hospital
[2026-07-27 21:02:39] WARNING |   Nav error: Page.goto: net::ERR_HTTP2_PROTOCOL_ERROR at https://www.justdial.com/All-Cities/K+K+Hospital-Hospital/nct-11109123
Call log:
  - navigating to "https://www.justdial.com/All-Cities/K+K+Hospital-Hospital/nct-11109123", waiting until "domcontentloaded"
 (attempt 1/2)
[2026-07-27 21:02:41] WARNING |   Nav error: Page.goto: net::ERR_HTTP2_PROTOCOL_ERROR at https://www.justdial.com/All-Cities/K+K+Hospital-Hospital/nct-11109123
Call log:
  - navigating to "https://www.justdial.com/All-Cities/K+K+Hospital-Hospital/nct-11109123", waiting until "domcontentloaded"
 (attempt 2/2)
[2026-07-27 21:02:43] INFO | Phase 1 [624/1083]: DELHI MULTI SPECIALITY HOSPITAL
[2026-07-27 21:02:52] WARNING |   Nav error: Page.goto: net::ERR_HTTP2_PROTOCOL_ERROR at https://www.justdial.com/All-Cities/DELHI+MULTI+SPECIALITY+HOSPITAL-Hospital/nct-11109123
Call log:
  - navigating to "https://www.justdial.com/All-Cities/DELHI+MULTI+SPECIALITY+HOSPITAL-Hospital/nct-11109123", waiting until "domcontentloaded"
 (attempt 1/2)
[2026-07-27 21:02:55] WARNING |   Nav error: Page.goto: net::ERR_HTTP2_PROTOCOL_ERROR at https://www.justdial.com/All-Cities/DELHI+MULTI+SPECIALITY+HOSPITAL-Hospital/nct-11109123
Call log:
  - navigating to "https://www.justdial.com/All-Cities/DELHI+MULTI+SPECIALITY+HOSPITAL-Hospital/nct-11109123", waiting until "domcontentloaded"
 (attempt 2/2)
[2026-07-27 21:02:57] INFO | Phase 1 [625/1083]: Shivam Hospital
[2026-07-27 21:03:07] WARNING |   Nav error: Page.goto: net::ERR_HTTP2_PROTOCOL_ERROR at https://www.justdial.com/All-Cities/Shivam+Hospital-Hospital/nct-11109123
Call log:
  - navigating to "https://www.justdial.com/All-Cities/Shivam+Hospital-Hospital/nct-11109123", waiting until "domcontentloaded"
 (attempt 1/2)
[2026-07-27 21:03:09] WARNING |   Nav error: Page.goto: net::ERR_HTTP2_PROTOCOL_ERROR at https://www.justdial.com/All-Cities/Shivam+Hospital-Hospital/nct-11109123
Call log:
  - navigating to "https://www.justdial.com/All-Cities/Shivam+Hospital-Hospital/nct-11109123", waiting until "domcontentloaded"
 (attempt 2/2)
[2026-07-27 21:03:10] INFO | Phase 1 [626/1083]: Ishan Hospital
[2026-07-27 21:03:20] WARNING |   Nav error: Page.goto: net::ERR_HTTP2_PROTOCOL_ERROR at https://www.justdial.com/All-Cities/Ishan+Hospital-Hospital/nct-11109123
Call log:
  - navigating to "https://www.justdial.com/All-Cities/Ishan+Hospital-Hospital/nct-11109123", waiting until "domcontentloaded"
 (attempt 1/2)
[2026-07-27 21:03:22] WARNING |   Nav error: Page.goto: net::ERR_HTTP2_PROTOCOL_ERROR at https://www.justdial.com/All-Cities/Ishan+Hospital-Hospital/nct-11109123
Call log:
  - navigating to "https://www.justdial.com/All-Cities/Ishan+Hospital-Hospital/nct-11109123", waiting until "domcontentloaded"
 (attempt 2/2)
[2026-07-27 21:03:25] INFO | Phase 1 [627/1083]: New Rohini Hospital
[2026-07-27 21:03:35] WARNING |   Nav error: Page.goto: net::ERR_HTTP2_PROTOCOL_ERROR at https://www.justdial.com/All-Cities/New+Rohini+Hospital-Hospital/nct-11109123
Call log:
  - navigating to "https://www.justdial.com/All-Cities/New+Rohini+Hospital-Hospital/nct-11109123", waiting until "domcontentloaded"
 (attempt 1/2)
[2026-07-27 21:03:37] WARNING |   Nav error: Page.goto: net::ERR_HTTP2_PROTOCOL_ERROR at https://www.justdial.com/All-Cities/New+Rohini+Hospital-Hospital/nct-11109123
Call log:
  - navigating to "https://www.justdial.com/All-Cities/New+Rohini+Hospital-Hospital/nct-11109123", waiting until "domcontentloaded"
 (attempt 2/2)
[2026-07-27 21:03:39] INFO | Phase 1 [628/1083]: Samyak Hospital
[2026-07-27 21:03:48] WARNING |   Nav error: Page.goto: net::ERR_HTTP2_PROTOCOL_ERROR at https://www.justdial.com/All-Cities/Samyak+Hospital-Hospital/nct-11109123
Call log:
  - navigating to "https://www.justdial.com/All-Cities/Samyak+Hospital-Hospital/nct-11109123", waiting until "domcontentloaded"
 (attempt 1/2)
[2026-07-27 21:03:51] WARNING |   Nav error: Page.goto: net::ERR_HTTP2_PROTOCOL_ERROR at https://www.justdial.com/All-Cities/Samyak+Hospital-Hospital/nct-11109123
Call log:
  - navigating to "https://www.justdial.com/All-Cities/Samyak+Hospital-Hospital/nct-11109123", waiting until "domcontentloaded"
 (attempt 2/2)
[2026-07-27 21:03:52] INFO | Phase 1 [629/1083]: Springdales Medical Centre
[2026-07-27 21:04:01] WARNING |   Nav error: Page.goto: net::ERR_HTTP2_PROTOCOL_ERROR at https://www.justdial.com/All-Cities/Springdales+Medical+Centre-Hospital/nct-11109123
Call log:
  - navigating to "https://www.justdial.com/All-Cities/Springdales+Medical+Centre-Hospital/nct-11109123", waiting until "domcontentloaded"
 (attempt 1/2)
[2026-07-27 21:04:03] WARNING |   Nav error: Page.goto: net::ERR_HTTP2_PROTOCOL_ERROR at https://www.justdial.com/All-Cities/Springdales+Medical+Centre-Hospital/nct-11109123
Call log:
  - navigating to "https://www.justdial.com/All-Cities/Springdales+Medical+Centre-Hospital/nct-11109123", waiting until "domcontentloaded"
 (attempt 2/2)
[2026-07-27 21:04:05] INFO | Phase 1 [630/1083]: Prashanti Nursing Home
[2026-07-27 21:04:14] WARNING |   Nav error: Page.goto: net::ERR_HTTP2_PROTOCOL_ERROR at https://www.justdial.com/All-Cities/Prashanti+Nursing+Home-Hospital/nct-11109123
Call log:
  - navigating to "https://www.justdial.com/All-Cities/Prashanti+Nursing+Home-Hospital/nct-11109123", waiting until "domcontentloaded"
 (attempt 1/2)
[2026-07-27 21:04:16] WARNING |   Nav error: Page.goto: net::ERR_HTTP2_PROTOCOL_ERROR at https://www.justdial.com/All-Cities/Prashanti+Nursing+Home-Hospital/nct-11109123
Call log:
  - navigating to "https://www.justdial.com/All-Cities/Prashanti+Nursing+Home-Hospital/nct-11109123", waiting until "domcontentloaded"
 (attempt 2/2)
[2026-07-27 21:04:18] INFO | Phase 1 [631/1083]: Pushpanjali Hospital (Peeragarhi)Paschim Vihar Delhi
[2026-07-27 21:04:27] WARNING |   Nav error: Page.goto: net::ERR_HTTP2_PROTOCOL_ERROR at https://www.justdial.com/All-Cities/Pushpanjali+Hospital+%28Peeragarhi%29Paschim+Vihar+Delhi-Hospital/nct-11109123
Call log:
  - navigating to "https://www.justdial.com/All-Cities/Pushpanjali+Hospital+%28Peeragarhi%29Paschim+Vihar+Delhi-Hospital/nct-11109123", waiting until "domcontentloaded"
 (attempt 1/2)
[2026-07-27 21:04:30] WARNING |   Nav error: Page.goto: net::ERR_HTTP2_PROTOCOL_ERROR at https://www.justdial.com/All-Cities/Pushpanjali+Hospital+%28Peeragarhi%29Paschim+Vihar+Delhi-Hospital/nct-11109123
Call log:
  - navigating to "https://www.justdial.com/All-Cities/Pushpanjali+Hospital+%28Peeragarhi%29Paschim+Vihar+Delhi-Hospital/nct-11109123", waiting until "domcontentloaded"
 (attempt 2/2)
[2026-07-27 21:04:33] INFO | Phase 1 [632/1083]: Prashant Hospital
[2026-07-27 21:04:42] WARNING |   Nav error: Page.goto: net::ERR_HTTP2_PROTOCOL_ERROR at https://www.justdial.com/All-Cities/Prashant+Hospital-Hospital/nct-11109123
Call log:
  - navigating to "https://www.justdial.com/All-Cities/Prashant+Hospital-Hospital/nct-11109123", waiting until "domcontentloaded"
 (attempt 1/2)
[2026-07-27 21:04:44] WARNING |   Nav error: Page.goto: net::ERR_HTTP2_PROTOCOL_ERROR at https://www.justdial.com/All-Cities/Prashant+Hospital-Hospital/nct-11109123
Call log:
  - navigating to "https://www.justdial.com/All-Cities/Prashant+Hospital-Hospital/nct-11109123", waiting until "domcontentloaded"
 (attempt 2/2)
[2026-07-27 21:04:47] INFO | Phase 1 [633/1083]: Neonest Hospital
[2026-07-27 21:04:55] WARNING |   Nav error: Page.goto: net::ERR_HTTP2_PROTOCOL_ERROR at https://www.justdial.com/All-Cities/Neonest+Hospital-Hospital/nct-11109123
Call log:
  - navigating to "https://www.justdial.com/All-Cities/Neonest+Hospital-Hospital/nct-11109123", waiting until "domcontentloaded"
 (attempt 1/2)
[2026-07-27 21:04:57] WARNING |   Nav error: Page.goto: net::ERR_HTTP2_PROTOCOL_ERROR at https://www.justdial.com/All-Cities/Neonest+Hospital-Hospital/nct-11109123
Call log:
  - navigating to "https://www.justdial.com/All-Cities/Neonest+Hospital-Hospital/nct-11109123", waiting until "domcontentloaded"
 (attempt 2/2)
[2026-07-27 21:04:59] INFO | Phase 1 [634/1083]: Bhagwati hospital
[2026-07-27 21:05:08] WARNING |   Nav error: Page.goto: net::ERR_HTTP2_PROTOCOL_ERROR at https://www.justdial.com/All-Cities/Bhagwati+hospital-Hospital/nct-11109123
Call log:
  - navigating to "https://www.justdial.com/All-Cities/Bhagwati+hospital-Hospital/nct-11109123", waiting until "domcontentloaded"
 (attempt 1/2)
[2026-07-27 21:05:11] WARNING |   Nav error: Page.goto: net::ERR_HTTP2_PROTOCOL_ERROR at https://www.justdial.com/All-Cities/Bhagwati+hospital-Hospital/nct-11109123
Call log:
  - navigating to "https://www.justdial.com/All-Cities/Bhagwati+hospital-Hospital/nct-11109123", waiting until "domcontentloaded"
 (attempt 2/2)
[2026-07-27 21:05:13] INFO | Phase 1 [635/1083]: Hitaishi Hospital
[2026-07-27 21:05:22] WARNING |   Nav error: Page.goto: net::ERR_HTTP2_PROTOCOL_ERROR at https://www.justdial.com/All-Cities/Hitaishi+Hospital-Hospital/nct-11109123
Call log:
  - navigating to "https://www.justdial.com/All-Cities/Hitaishi+Hospital-Hospital/nct-11109123", waiting until "domcontentloaded"
 (attempt 1/2)
[2026-07-27 21:05:25] WARNING |   Nav error: Page.goto: net::ERR_HTTP2_PROTOCOL_ERROR at https://www.justdial.com/All-Cities/Hitaishi+Hospital-Hospital/nct-11109123
Call log:
  - navigating to "https://www.justdial.com/All-Cities/Hitaishi+Hospital-Hospital/nct-11109123", waiting until "domcontentloaded"
 (attempt 2/2)
[2026-07-27 21:05:26] INFO | Phase 1 [636/1083]: JAIN SURGICAL & MATERNITY CENTRE
[2026-07-27 21:05:35] WARNING |   Nav error: Page.goto: net::ERR_HTTP2_PROTOCOL_ERROR at https://www.justdial.com/All-Cities/JAIN+SURGICAL+%26+MATERNITY+CENTRE-Hospital/nct-11109123
Call log:
  - navigating to "https://www.justdial.com/All-Cities/JAIN+SURGICAL+%26+MATERNITY+CENTRE-Hospital/nct-11109123", waiting until "domcontentloaded"
 (attempt 1/2)
[2026-07-27 21:05:37] WARNING |   Nav error: Page.goto: net::ERR_HTTP2_PROTOCOL_ERROR at https://www.justdial.com/All-Cities/JAIN+SURGICAL+%26+MATERNITY+CENTRE-Hospital/nct-11109123
Call log:
  - navigating to "https://www.justdial.com/All-Cities/JAIN+SURGICAL+%26+MATERNITY+CENTRE-Hospital/nct-11109123", waiting until "domcontentloaded"
 (attempt 2/2)
[2026-07-27 21:05:40] INFO | Phase 1 [637/1083]: Santom Hospital
[2026-07-27 21:05:49] WARNING |   Nav error: Page.goto: net::ERR_HTTP2_PROTOCOL_ERROR at https://www.justdial.com/All-Cities/Santom+Hospital-Hospital/nct-11109123
Call log:
  - navigating to "https://www.justdial.com/All-Cities/Santom+Hospital-Hospital/nct-11109123", waiting until "domcontentloaded"
 (attempt 1/2)
[2026-07-27 21:05:51] WARNING |   Nav error: Page.goto: net::ERR_HTTP2_PROTOCOL_ERROR at https://www.justdial.com/All-Cities/Santom+Hospital-Hospital/nct-11109123
Call log:
  - navigating to "https://www.justdial.com/All-Cities/Santom+Hospital-Hospital/nct-11109123", waiting until "domcontentloaded"
 (attempt 2/2)
[2026-07-27 21:05:53] INFO | Phase 1 [638/1083]: Divya Jyoti Charitable Hospital
[2026-07-27 21:06:03] WARNING |   Nav error: Page.goto: net::ERR_HTTP2_PROTOCOL_ERROR at https://www.justdial.com/All-Cities/Divya+Jyoti+Charitable+Hospital-Hospital/nct-11109123
Call log:
  - navigating to "https://www.justdial.com/All-Cities/Divya+Jyoti+Charitable+Hospital-Hospital/nct-11109123", waiting until "domcontentloaded"
 (attempt 1/2)
[2026-07-27 21:06:05] WARNING |   Nav error: Page.goto: net::ERR_HTTP2_PROTOCOL_ERROR at https://www.justdial.com/All-Cities/Divya+Jyoti+Charitable+Hospital-Hospital/nct-11109123
Call log:
  - navigating to "https://www.justdial.com/All-Cities/Divya+Jyoti+Charitable+Hospital-Hospital/nct-11109123", waiting until "domcontentloaded"
 (attempt 2/2)
[2026-07-27 21:06:07] INFO | Phase 1 [639/1083]: Divyashree Clinic
[2026-07-27 21:06:16] WARNING |   Nav error: Page.goto: net::ERR_HTTP2_PROTOCOL_ERROR at https://www.justdial.com/All-Cities/Divyashree+Clinic-Hospital/nct-11109123
Call log:
  - navigating to "https://www.justdial.com/All-Cities/Divyashree+Clinic-Hospital/nct-11109123", waiting until "domcontentloaded"
 (attempt 1/2)
[2026-07-27 21:06:18] WARNING |   Nav error: Page.goto: net::ERR_HTTP2_PROTOCOL_ERROR at https://www.justdial.com/All-Cities/Divyashree+Clinic-Hospital/nct-11109123
Call log:
  - navigating to "https://www.justdial.com/All-Cities/Divyashree+Clinic-Hospital/nct-11109123", waiting until "domcontentloaded"
 (attempt 2/2)
[2026-07-27 21:06:20] INFO | Phase 1 [640/1083]: Hospital Pitampura
[2026-07-27 21:06:30] WARNING |   Nav error: Page.goto: net::ERR_HTTP2_PROTOCOL_ERROR at https://www.justdial.com/All-Cities/Hospital+Pitampura-Hospital/nct-11109123
Call log:
  - navigating to "https://www.justdial.com/All-Cities/Hospital+Pitampura-Hospital/nct-11109123", waiting until "domcontentloaded"
 (attempt 1/2)
[2026-07-27 21:06:32] WARNING |   Nav error: Page.goto: net::ERR_HTTP2_PROTOCOL_ERROR at https://www.justdial.com/All-Cities/Hospital+Pitampura-Hospital/nct-11109123
Call log:
  - navigating to "https://www.justdial.com/All-Cities/Hospital+Pitampura-Hospital/nct-11109123", waiting until "domcontentloaded"
 (attempt 2/2)
[2026-07-27 21:06:35] INFO | Phase 1 [641/1083]: NEW LIFE MULTI-SPECIALITY HOSPITAL
[2026-07-27 21:06:44] WARNING |   Nav error: Page.goto: net::ERR_HTTP2_PROTOCOL_ERROR at https://www.justdial.com/All-Cities/NEW+LIFE+MULTI-SPECIALITY+HOSPITAL-Hospital/nct-11109123
Call log:
  - navigating to "https://www.justdial.com/All-Cities/NEW+LIFE+MULTI-SPECIALITY+HOSPITAL-Hospital/nct-11109123", waiting until "domcontentloaded"
 (attempt 1/2)
[2026-07-27 21:06:46] WARNING |   Nav error: Page.goto: net::ERR_HTTP2_PROTOCOL_ERROR at https://www.justdial.com/All-Cities/NEW+LIFE+MULTI-SPECIALITY+HOSPITAL-Hospital/nct-11109123
Call log:
  - navigating to "https://www.justdial.com/All-Cities/NEW+LIFE+MULTI-SPECIALITY+HOSPITAL-Hospital/nct-11109123", waiting until "domcontentloaded"
 (attempt 2/2)
[2026-07-27 21:06:48] INFO | Phase 1 [642/1083]: RG Stone Urology & Laparoscopy Hospital
[2026-07-27 21:06:57] WARNING |   Nav error: Page.goto: net::ERR_HTTP2_PROTOCOL_ERROR at https://www.justdial.com/All-Cities/RG+Stone+Urology+%26+Laparoscopy+Hospital-Hospital/nct-11109123
Call log:
  - navigating to "https://www.justdial.com/All-Cities/RG+Stone+Urology+%26+Laparoscopy+Hospital-Hospital/nct-11109123", waiting until "domcontentloaded"
 (attempt 1/2)
[2026-07-27 21:06:59] WARNING |   Nav error: Page.goto: net::ERR_HTTP2_PROTOCOL_ERROR at https://www.justdial.com/All-Cities/RG+Stone+Urology+%26+Laparoscopy+Hospital-Hospital/nct-11109123
Call log:
  - navigating to "https://www.justdial.com/All-Cities/RG+Stone+Urology+%26+Laparoscopy+Hospital-Hospital/nct-11109123", waiting until "domcontentloaded"
 (attempt 2/2)
[2026-07-27 21:07:01] INFO | Phase 1 [643/1083]: Navjeevan Hospital
[2026-07-27 21:07:10] WARNING |   Nav error: Page.goto: net::ERR_HTTP2_PROTOCOL_ERROR at https://www.justdial.com/All-Cities/Navjeevan+Hospital-Hospital/nct-11109123
Call log:
  - navigating to "https://www.justdial.com/All-Cities/Navjeevan+Hospital-Hospital/nct-11109123", waiting until "domcontentloaded"
 (attempt 1/2)
[2026-07-27 21:07:12] WARNING |   Nav error: Page.goto: net::ERR_HTTP2_PROTOCOL_ERROR at https://www.justdial.com/All-Cities/Navjeevan+Hospital-Hospital/nct-11109123
Call log:
  - navigating to "https://www.justdial.com/All-Cities/Navjeevan+Hospital-Hospital/nct-11109123", waiting until "domcontentloaded"
 (attempt 2/2)
[2026-07-27 21:07:14] INFO | Phase 1 [644/1083]: Maheshwari Hospital
[2026-07-27 21:07:24] WARNING |   Nav error: Page.goto: net::ERR_HTTP2_PROTOCOL_ERROR at https://www.justdial.com/All-Cities/Maheshwari+Hospital-Hospital/nct-11109123
Call log:
  - navigating to "https://www.justdial.com/All-Cities/Maheshwari+Hospital-Hospital/nct-11109123", waiting until "domcontentloaded"
 (attempt 1/2)
[2026-07-27 21:07:26] WARNING |   Nav error: Page.goto: net::ERR_HTTP2_PROTOCOL_ERROR at https://www.justdial.com/All-Cities/Maheshwari+Hospital-Hospital/nct-11109123
Call log:
  - navigating to "https://www.justdial.com/All-Cities/Maheshwari+Hospital-Hospital/nct-11109123", waiting until "domcontentloaded"
 (attempt 2/2)
[2026-07-27 21:07:29] INFO | Phase 1 [645/1083]: Genesis Hospital
[2026-07-27 21:07:38] WARNING |   Nav error: Page.goto: net::ERR_HTTP2_PROTOCOL_ERROR at https://www.justdial.com/All-Cities/Genesis+Hospital-Hospital/nct-11109123
Call log:
  - navigating to "https://www.justdial.com/All-Cities/Genesis+Hospital-Hospital/nct-11109123", waiting until "domcontentloaded"
 (attempt 1/2)
[2026-07-27 21:07:40] WARNING |   Nav error: Page.goto: net::ERR_HTTP2_PROTOCOL_ERROR at https://www.justdial.com/All-Cities/Genesis+Hospital-Hospital/nct-11109123
Call log:
  - navigating to "https://www.justdial.com/All-Cities/Genesis+Hospital-Hospital/nct-11109123", waiting until "domcontentloaded"
 (attempt 2/2)
[2026-07-27 21:07:42] INFO | Phase 1 [646/1083]: Krishna Hospital
[2026-07-27 21:07:51] WARNING |   Nav error: Page.goto: net::ERR_HTTP2_PROTOCOL_ERROR at https://www.justdial.com/All-Cities/Krishna+Hospital-Hospital/nct-11109123
Call log:
  - navigating to "https://www.justdial.com/All-Cities/Krishna+Hospital-Hospital/nct-11109123", waiting until "domcontentloaded"
 (attempt 1/2)
[2026-07-27 21:07:53] WARNING |   Nav error: Page.goto: net::ERR_HTTP2_PROTOCOL_ERROR at https://www.justdial.com/All-Cities/Krishna+Hospital-Hospital/nct-11109123
Call log:
  - navigating to "https://www.justdial.com/All-Cities/Krishna+Hospital-Hospital/nct-11109123", waiting until "domcontentloaded"
 (attempt 2/2)
[2026-07-27 21:07:55] INFO | Phase 1 [647/1083]: Kuber Hospital & Urology Centre - Best Hospital in pitampura | Gynaecologist in pitampura | urologist in pitampura
[2026-07-27 21:08:05] WARNING |   Nav error: Page.goto: net::ERR_HTTP2_PROTOCOL_ERROR at https://www.justdial.com/All-Cities/Kuber+Hospital+%26+Urology+Centre+-+Best+Hospital+in+pitampura+%7C+Gynaecologist+in+pitampura+%7C+urologist+in+pitampura-Hospital/nct-11109123
Call log:
  - navigating to "https://www.justdial.com/All-Cities/Kuber+Hospital+%26+Urology+Centre+-+Best+Hospital+in+pitampura+%7C+Gynaecologist+in+pitampura+%7C+urologist+in+pitampura-Hospital/nct-11109123", waiting until "domcontentloaded"
 (attempt 1/2)
[2026-07-27 21:08:07] WARNING |   Nav error: Page.goto: net::ERR_HTTP2_PROTOCOL_ERROR at https://www.justdial.com/All-Cities/Kuber+Hospital+%26+Urology+Centre+-+Best+Hospital+in+pitampura+%7C+Gynaecologist+in+pitampura+%7C+urologist+in+pitampura-Hospital/nct-11109123
Call log:
  - navigating to "https://www.justdial.com/All-Cities/Kuber+Hospital+%26+Urology+Centre+-+Best+Hospital+in+pitampura+%7C+Gynaecologist+in+pitampura+%7C+urologist+in+pitampura-Hospital/nct-11109123", waiting until "domcontentloaded"
 (attempt 2/2)
[2026-07-27 21:08:09] INFO | Phase 1 [648/1083]: Bhagwan Mahavir Hospital
[2026-07-27 21:08:19] WARNING |   Nav error: Page.goto: net::ERR_HTTP2_PROTOCOL_ERROR at https://www.justdial.com/All-Cities/Bhagwan+Mahavir+Hospital-Hospital/nct-11109123
Call log:
  - navigating to "https://www.justdial.com/All-Cities/Bhagwan+Mahavir+Hospital-Hospital/nct-11109123", waiting until "domcontentloaded"
 (attempt 1/2)
[2026-07-27 21:08:21] WARNING |   Nav error: Page.goto: net::ERR_HTTP2_PROTOCOL_ERROR at https://www.justdial.com/All-Cities/Bhagwan+Mahavir+Hospital-Hospital/nct-11109123
Call log:
  - navigating to "https://www.justdial.com/All-Cities/Bhagwan+Mahavir+Hospital-Hospital/nct-11109123", waiting until "domcontentloaded"
 (attempt 2/2)
[2026-07-27 21:08:24] INFO | Phase 1 [649/1083]: Hemraj Jain Hospital
[2026-07-27 21:08:33] WARNING |   Nav error: Page.goto: net::ERR_HTTP2_PROTOCOL_ERROR at https://www.justdial.com/All-Cities/Hemraj+Jain+Hospital-Hospital/nct-11109123
Call log:
  - navigating to "https://www.justdial.com/All-Cities/Hemraj+Jain+Hospital-Hospital/nct-11109123", waiting until "domcontentloaded"
 (attempt 1/2)
[2026-07-27 21:08:35] WARNING |   Nav error: Page.goto: net::ERR_HTTP2_PROTOCOL_ERROR at https://www.justdial.com/All-Cities/Hemraj+Jain+Hospital-Hospital/nct-11109123
Call log:
  - navigating to "https://www.justdial.com/All-Cities/Hemraj+Jain+Hospital-Hospital/nct-11109123", waiting until "domcontentloaded"
 (attempt 2/2)
[2026-07-27 21:08:37] INFO | Phase 1 [650/1083]: Rashmi Hospital
[2026-07-27 21:08:46] WARNING |   Nav error: Page.goto: net::ERR_HTTP2_PROTOCOL_ERROR at https://www.justdial.com/All-Cities/Rashmi+Hospital-Hospital/nct-11109123
Call log:
  - navigating to "https://www.justdial.com/All-Cities/Rashmi+Hospital-Hospital/nct-11109123", waiting until "domcontentloaded"
 (attempt 1/2)
[2026-07-27 21:08:48] WARNING |   Nav error: Page.goto: net::ERR_HTTP2_PROTOCOL_ERROR at https://www.justdial.com/All-Cities/Rashmi+Hospital-Hospital/nct-11109123
Call log:
  - navigating to "https://www.justdial.com/All-Cities/Rashmi+Hospital-Hospital/nct-11109123", waiting until "domcontentloaded"
 (attempt 2/2)
[2026-07-27 21:08:50] INFO | Phase 1 [651/1083]: Muni Maya Ram Jain Hospital
[2026-07-27 21:09:00] WARNING |   Nav error: Page.goto: net::ERR_HTTP2_PROTOCOL_ERROR at https://www.justdial.com/All-Cities/Muni+Maya+Ram+Jain+Hospital-Hospital/nct-11109123
Call log:
  - navigating to "https://www.justdial.com/All-Cities/Muni+Maya+Ram+Jain+Hospital-Hospital/nct-11109123", waiting until "domcontentloaded"
 (attempt 1/2)
[2026-07-27 21:09:02] WARNING |   Nav error: Page.goto: net::ERR_HTTP2_PROTOCOL_ERROR at https://www.justdial.com/All-Cities/Muni+Maya+Ram+Jain+Hospital-Hospital/nct-11109123
Call log:
  - navigating to "https://www.justdial.com/All-Cities/Muni+Maya+Ram+Jain+Hospital-Hospital/nct-11109123", waiting until "domcontentloaded"
 (attempt 2/2)
[2026-07-27 21:09:04] INFO | Phase 1 [652/1083]: MSS Hospital
[2026-07-27 21:09:14] WARNING |   Nav error: Page.goto: net::ERR_HTTP2_PROTOCOL_ERROR at https://www.justdial.com/All-Cities/MSS+Hospital-Hospital/nct-11109123
Call log:
  - navigating to "https://www.justdial.com/All-Cities/MSS+Hospital-Hospital/nct-11109123", waiting until "domcontentloaded"
 (attempt 1/2)
[2026-07-27 21:09:16] WARNING |   Nav error: Page.goto: net::ERR_HTTP2_PROTOCOL_ERROR at https://www.justdial.com/All-Cities/MSS+Hospital-Hospital/nct-11109123
Call log:
  - navigating to "https://www.justdial.com/All-Cities/MSS+Hospital-Hospital/nct-11109123", waiting until "domcontentloaded"
 (attempt 2/2)
[2026-07-27 21:09:17] INFO | Phase 1 [653/1083]: Adarsh Multispeciality Hospital
[2026-07-27 21:09:26] WARNING |   Nav error: Page.goto: net::ERR_HTTP2_PROTOCOL_ERROR at https://www.justdial.com/All-Cities/Adarsh+Multispeciality+Hospital-Hospital/nct-11109123
Call log:
  - navigating to "https://www.justdial.com/All-Cities/Adarsh+Multispeciality+Hospital-Hospital/nct-11109123", waiting until "domcontentloaded"
 (attempt 1/2)
[2026-07-27 21:09:28] WARNING |   Nav error: Page.goto: net::ERR_HTTP2_PROTOCOL_ERROR at https://www.justdial.com/All-Cities/Adarsh+Multispeciality+Hospital-Hospital/nct-11109123
Call log:
  - navigating to "https://www.justdial.com/All-Cities/Adarsh+Multispeciality+Hospital-Hospital/nct-11109123", waiting until "domcontentloaded"
 (attempt 2/2)
[2026-07-27 21:09:31] INFO | Phase 1 [654/1083]: Babu Ji Jeevan Ram Memorial Hospital Emergency Gate
[2026-07-27 21:09:41] WARNING |   Nav error: Page.goto: net::ERR_HTTP2_PROTOCOL_ERROR at https://www.justdial.com/All-Cities/Babu+Ji+Jeevan+Ram+Memorial+Hospital+Emergency+Gate-Hospital/nct-11109123
Call log:
  - navigating to "https://www.justdial.com/All-Cities/Babu+Ji+Jeevan+Ram+Memorial+Hospital+Emergency+Gate-Hospital/nct-11109123", waiting until "domcontentloaded"
 (attempt 1/2)
[2026-07-27 21:09:43] WARNING |   Nav error: Page.goto: net::ERR_HTTP2_PROTOCOL_ERROR at https://www.justdial.com/All-Cities/Babu+Ji+Jeevan+Ram+Memorial+Hospital+Emergency+Gate-Hospital/nct-11109123
Call log:
  - navigating to "https://www.justdial.com/All-Cities/Babu+Ji+Jeevan+Ram+Memorial+Hospital+Emergency+Gate-Hospital/nct-11109123", waiting until "domcontentloaded"
 (attempt 2/2)
[2026-07-27 21:09:44] INFO | Phase 1 [655/1083]: MD CITY Hospital
[2026-07-27 21:09:53] WARNING |   Nav error: Page.goto: net::ERR_HTTP2_PROTOCOL_ERROR at https://www.justdial.com/All-Cities/MD+CITY+Hospital-Hospital/nct-11109123
Call log:
  - navigating to "https://www.justdial.com/All-Cities/MD+CITY+Hospital-Hospital/nct-11109123", waiting until "domcontentloaded"
 (attempt 1/2)
[2026-07-27 21:09:56] WARNING |   Nav error: Page.goto: net::ERR_HTTP2_PROTOCOL_ERROR at https://www.justdial.com/All-Cities/MD+CITY+Hospital-Hospital/nct-11109123
Call log:
  - navigating to "https://www.justdial.com/All-Cities/MD+CITY+Hospital-Hospital/nct-11109123", waiting until "domcontentloaded"
 (attempt 2/2)
[2026-07-27 21:09:57] INFO | Phase 1 [656/1083]: Parnami Orthopaedic Hospital
[2026-07-27 21:10:07] WARNING |   Nav error: Page.goto: net::ERR_HTTP2_PROTOCOL_ERROR at https://www.justdial.com/All-Cities/Parnami+Orthopaedic+Hospital-Hospital/nct-11109123
Call log:
  - navigating to "https://www.justdial.com/All-Cities/Parnami+Orthopaedic+Hospital-Hospital/nct-11109123", waiting until "domcontentloaded"
 (attempt 1/2)
[2026-07-27 21:10:10] WARNING |   Nav error: Page.goto: net::ERR_HTTP2_PROTOCOL_ERROR at https://www.justdial.com/All-Cities/Parnami+Orthopaedic+Hospital-Hospital/nct-11109123
Call log:
  - navigating to "https://www.justdial.com/All-Cities/Parnami+Orthopaedic+Hospital-Hospital/nct-11109123", waiting until "domcontentloaded"
 (attempt 2/2)
[2026-07-27 21:10:11] INFO | Phase 1 [657/1083]: Bhatia Hospital
[2026-07-27 21:10:21] WARNING |   Nav error: Page.goto: net::ERR_HTTP2_PROTOCOL_ERROR at https://www.justdial.com/All-Cities/Bhatia+Hospital-Hospital/nct-11109123
Call log:
  - navigating to "https://www.justdial.com/All-Cities/Bhatia+Hospital-Hospital/nct-11109123", waiting until "domcontentloaded"
 (attempt 1/2)
[2026-07-27 21:10:23] WARNING |   Nav error: Page.goto: net::ERR_HTTP2_PROTOCOL_ERROR at https://www.justdial.com/All-Cities/Bhatia+Hospital-Hospital/nct-11109123
Call log:
  - navigating to "https://www.justdial.com/All-Cities/Bhatia+Hospital-Hospital/nct-11109123", waiting until "domcontentloaded"
 (attempt 2/2)
[2026-07-27 21:10:25] INFO | Phase 1 [658/1083]: Babu Jagjivan Ram Memorial Hospital
[2026-07-27 21:10:35] WARNING |   Nav error: Page.goto: net::ERR_HTTP2_PROTOCOL_ERROR at https://www.justdial.com/All-Cities/Babu+Jagjivan+Ram+Memorial+Hospital-Hospital/nct-11109123
Call log:
  - navigating to "https://www.justdial.com/All-Cities/Babu+Jagjivan+Ram+Memorial+Hospital-Hospital/nct-11109123", waiting until "domcontentloaded"
 (attempt 1/2)
[2026-07-27 21:10:37] WARNING |   Nav error: Page.goto: net::ERR_HTTP2_PROTOCOL_ERROR at https://www.justdial.com/All-Cities/Babu+Jagjivan+Ram+Memorial+Hospital-Hospital/nct-11109123
Call log:
  - navigating to "https://www.justdial.com/All-Cities/Babu+Jagjivan+Ram+Memorial+Hospital-Hospital/nct-11109123", waiting until "domcontentloaded"
 (attempt 2/2)
[2026-07-27 21:10:40] INFO | Phase 1 [659/1083]: New GTK Hospital Adarsh Nagar
[2026-07-27 21:10:50] WARNING |   Nav error: Page.goto: net::ERR_HTTP2_PROTOCOL_ERROR at https://www.justdial.com/All-Cities/New+GTK+Hospital+Adarsh+Nagar-Hospital/nct-11109123
Call log:
  - navigating to "https://www.justdial.com/All-Cities/New+GTK+Hospital+Adarsh+Nagar-Hospital/nct-11109123", waiting until "domcontentloaded"
 (attempt 1/2)
[2026-07-27 21:10:52] WARNING |   Nav error: Page.goto: net::ERR_HTTP2_PROTOCOL_ERROR at https://www.justdial.com/All-Cities/New+GTK+Hospital+Adarsh+Nagar-Hospital/nct-11109123
Call log:
  - navigating to "https://www.justdial.com/All-Cities/New+GTK+Hospital+Adarsh+Nagar-Hospital/nct-11109123", waiting until "domcontentloaded"
 (attempt 2/2)
[2026-07-27 21:10:54] INFO | Phase 1 [660/1083]: Sehgal Nursing Home | Maternity & Normal Delivery Hospital
[2026-07-27 21:11:04] WARNING |   Nav error: Page.goto: net::ERR_HTTP2_PROTOCOL_ERROR at https://www.justdial.com/All-Cities/Sehgal+Nursing+Home+%7C+Maternity+%26+Normal+Delivery+Hospital-Hospital/nct-11109123
Call log:
  - navigating to "https://www.justdial.com/All-Cities/Sehgal+Nursing+Home+%7C+Maternity+%26+Normal+Delivery+Hospital-Hospital/nct-11109123", waiting until "domcontentloaded"
 (attempt 1/2)
[2026-07-27 21:11:06] WARNING |   Nav error: Page.goto: net::ERR_HTTP2_PROTOCOL_ERROR at https://www.justdial.com/All-Cities/Sehgal+Nursing+Home+%7C+Maternity+%26+Normal+Delivery+Hospital-Hospital/nct-11109123
Call log:
  - navigating to "https://www.justdial.com/All-Cities/Sehgal+Nursing+Home+%7C+Maternity+%26+Normal+Delivery+Hospital-Hospital/nct-11109123", waiting until "domcontentloaded"
 (attempt 2/2)
[2026-07-27 21:11:07] INFO | Phase 1 [661/1083]: Vardayani Multi Specialty Charitable Hospital
[2026-07-27 21:11:16] WARNING |   Nav error: Page.goto: net::ERR_HTTP2_PROTOCOL_ERROR at https://www.justdial.com/All-Cities/Vardayani+Multi+Specialty+Charitable+Hospital-Hospital/nct-11109123
Call log:
  - navigating to "https://www.justdial.com/All-Cities/Vardayani+Multi+Specialty+Charitable+Hospital-Hospital/nct-11109123", waiting until "domcontentloaded"
 (attempt 1/2)
[2026-07-27 21:11:18] WARNING |   Nav error: Page.goto: net::ERR_HTTP2_PROTOCOL_ERROR at https://www.justdial.com/All-Cities/Vardayani+Multi+Specialty+Charitable+Hospital-Hospital/nct-11109123
Call log:
  - navigating to "https://www.justdial.com/All-Cities/Vardayani+Multi+Specialty+Charitable+Hospital-Hospital/nct-11109123", waiting until "domcontentloaded"
 (attempt 2/2)
[2026-07-27 21:11:19] INFO | Phase 1 [662/1083]: Anand Maya Multi-Speciality Hospital
[2026-07-27 21:11:28] WARNING |   Nav error: Page.goto: net::ERR_HTTP2_PROTOCOL_ERROR at https://www.justdial.com/All-Cities/Anand+Maya+Multi-Speciality+Hospital-Hospital/nct-11109123
Call log:
  - navigating to "https://www.justdial.com/All-Cities/Anand+Maya+Multi-Speciality+Hospital-Hospital/nct-11109123", waiting until "domcontentloaded"
 (attempt 1/2)
[2026-07-27 21:11:30] WARNING |   Nav error: Page.goto: net::ERR_HTTP2_PROTOCOL_ERROR at https://www.justdial.com/All-Cities/Anand+Maya+Multi-Speciality+Hospital-Hospital/nct-11109123
Call log:
  - navigating to "https://www.justdial.com/All-Cities/Anand+Maya+Multi-Speciality+Hospital-Hospital/nct-11109123", waiting until "domcontentloaded"
 (attempt 2/2)
[2026-07-27 21:11:32] INFO | Phase 1 [663/1083]: MRKDS Hospital
[2026-07-27 21:11:41] WARNING |   Nav error: Page.goto: net::ERR_HTTP2_PROTOCOL_ERROR at https://www.justdial.com/All-Cities/MRKDS+Hospital-Hospital/nct-11109123
Call log:
  - navigating to "https://www.justdial.com/All-Cities/MRKDS+Hospital-Hospital/nct-11109123", waiting until "domcontentloaded"
 (attempt 1/2)
[2026-07-27 21:11:43] WARNING |   Nav error: Page.goto: net::ERR_HTTP2_PROTOCOL_ERROR at https://www.justdial.com/All-Cities/MRKDS+Hospital-Hospital/nct-11109123
Call log:
  - navigating to "https://www.justdial.com/All-Cities/MRKDS+Hospital-Hospital/nct-11109123", waiting until "domcontentloaded"
 (attempt 2/2)
[2026-07-27 21:11:45] INFO | Phase 1 [664/1083]: MAHAJAN HOSPITAL
[2026-07-27 21:11:54] WARNING |   Nav error: Page.goto: net::ERR_HTTP2_PROTOCOL_ERROR at https://www.justdial.com/All-Cities/MAHAJAN+HOSPITAL-Hospital/nct-11109123
Call log:
  - navigating to "https://www.justdial.com/All-Cities/MAHAJAN+HOSPITAL-Hospital/nct-11109123", waiting until "domcontentloaded"
 (attempt 1/2)
[2026-07-27 21:11:56] WARNING |   Nav error: Page.goto: net::ERR_HTTP2_PROTOCOL_ERROR at https://www.justdial.com/All-Cities/MAHAJAN+HOSPITAL-Hospital/nct-11109123
Call log:
  - navigating to "https://www.justdial.com/All-Cities/MAHAJAN+HOSPITAL-Hospital/nct-11109123", waiting until "domcontentloaded"
 (attempt 2/2)
[2026-07-27 21:11:58] INFO | Phase 1 [665/1083]: Narula Hospital Yamuna Vihar
[2026-07-27 21:12:08] WARNING |   Nav error: Page.goto: net::ERR_HTTP2_PROTOCOL_ERROR at https://www.justdial.com/All-Cities/Narula+Hospital+Yamuna+Vihar-Hospital/nct-11109123
Call log:
  - navigating to "https://www.justdial.com/All-Cities/Narula+Hospital+Yamuna+Vihar-Hospital/nct-11109123", waiting until "domcontentloaded"
 (attempt 1/2)
[2026-07-27 21:12:10] WARNING |   Nav error: Page.goto: net::ERR_HTTP2_PROTOCOL_ERROR at https://www.justdial.com/All-Cities/Narula+Hospital+Yamuna+Vihar-Hospital/nct-11109123
Call log:
  - navigating to "https://www.justdial.com/All-Cities/Narula+Hospital+Yamuna+Vihar-Hospital/nct-11109123", waiting until "domcontentloaded"
 (attempt 2/2)
[2026-07-27 21:12:13] INFO | Phase 1 [666/1083]: Panchsheel Hospital Pvt. Ltd.
[2026-07-27 21:12:21] WARNING |   Nav error: Page.goto: net::ERR_HTTP2_PROTOCOL_ERROR at https://www.justdial.com/All-Cities/Panchsheel+Hospital+Pvt.+Ltd.-Hospital/nct-11109123
Call log:
  - navigating to "https://www.justdial.com/All-Cities/Panchsheel+Hospital+Pvt.+Ltd.-Hospital/nct-11109123", waiting until "domcontentloaded"
 (attempt 1/2)
[2026-07-27 21:12:24] WARNING |   Nav error: Page.goto: net::ERR_HTTP2_PROTOCOL_ERROR at https://www.justdial.com/All-Cities/Panchsheel+Hospital+Pvt.+Ltd.-Hospital/nct-11109123
Call log:
  - navigating to "https://www.justdial.com/All-Cities/Panchsheel+Hospital+Pvt.+Ltd.-Hospital/nct-11109123", waiting until "domcontentloaded"
 (attempt 2/2)
[2026-07-27 21:12:25] INFO | Phase 1 [667/1083]: NEW LIFE HOSPITAL
[2026-07-27 21:12:34] WARNING |   Nav error: Page.goto: net::ERR_HTTP2_PROTOCOL_ERROR at https://www.justdial.com/All-Cities/NEW+LIFE+HOSPITAL-Hospital/nct-11109123
Call log:
  - navigating to "https://www.justdial.com/All-Cities/NEW+LIFE+HOSPITAL-Hospital/nct-11109123", waiting until "domcontentloaded"
 (attempt 1/2)
[2026-07-27 21:12:36] WARNING |   Nav error: Page.goto: net::ERR_HTTP2_PROTOCOL_ERROR at https://www.justdial.com/All-Cities/NEW+LIFE+HOSPITAL-Hospital/nct-11109123
Call log:
  - navigating to "https://www.justdial.com/All-Cities/NEW+LIFE+HOSPITAL-Hospital/nct-11109123", waiting until "domcontentloaded"
 (attempt 2/2)
[2026-07-27 21:12:38] INFO | Phase 1 [668/1083]: Ahinsa Dham Bhagwan Mahavir Medical Centre
[2026-07-27 21:12:47] WARNING |   Nav error: Page.goto: net::ERR_HTTP2_PROTOCOL_ERROR at https://www.justdial.com/All-Cities/Ahinsa+Dham+Bhagwan+Mahavir+Medical+Centre-Hospital/nct-11109123
Call log:
  - navigating to "https://www.justdial.com/All-Cities/Ahinsa+Dham+Bhagwan+Mahavir+Medical+Centre-Hospital/nct-11109123", waiting until "domcontentloaded"
 (attempt 1/2)
[2026-07-27 21:12:49] WARNING |   Nav error: Page.goto: net::ERR_HTTP2_PROTOCOL_ERROR at https://www.justdial.com/All-Cities/Ahinsa+Dham+Bhagwan+Mahavir+Medical+Centre-Hospital/nct-11109123
Call log:
  - navigating to "https://www.justdial.com/All-Cities/Ahinsa+Dham+Bhagwan+Mahavir+Medical+Centre-Hospital/nct-11109123", waiting until "domcontentloaded"
 (attempt 2/2)
[2026-07-27 21:12:52] INFO | Phase 1 [669/1083]: Dr.Sharma Nursing Home
[2026-07-27 21:13:01] WARNING |   Nav error: Page.goto: net::ERR_HTTP2_PROTOCOL_ERROR at https://www.justdial.com/All-Cities/Dr.Sharma+Nursing+Home-Hospital/nct-11109123
Call log:
  - navigating to "https://www.justdial.com/All-Cities/Dr.Sharma+Nursing+Home-Hospital/nct-11109123", waiting until "domcontentloaded"
 (attempt 1/2)
[2026-07-27 21:13:04] WARNING |   Nav error: Page.goto: net::ERR_HTTP2_PROTOCOL_ERROR at https://www.justdial.com/All-Cities/Dr.Sharma+Nursing+Home-Hospital/nct-11109123
Call log:
  - navigating to "https://www.justdial.com/All-Cities/Dr.Sharma+Nursing+Home-Hospital/nct-11109123", waiting until "domcontentloaded"
 (attempt 2/2)
[2026-07-27 21:13:05] INFO | Phase 1 [670/1083]: Health Care Dr Mohd. Owais Qarni
[2026-07-27 21:13:14] WARNING |   Nav error: Page.goto: net::ERR_HTTP2_PROTOCOL_ERROR at https://www.justdial.com/All-Cities/Health+Care+Dr+Mohd.+Owais+Qarni-Hospital/nct-11109123
Call log:
  - navigating to "https://www.justdial.com/All-Cities/Health+Care+Dr+Mohd.+Owais+Qarni-Hospital/nct-11109123", waiting until "domcontentloaded"
 (attempt 1/2)
[2026-07-27 21:13:17] WARNING |   Nav error: Page.goto: net::ERR_HTTP2_PROTOCOL_ERROR at https://www.justdial.com/All-Cities/Health+Care+Dr+Mohd.+Owais+Qarni-Hospital/nct-11109123
Call log:
  - navigating to "https://www.justdial.com/All-Cities/Health+Care+Dr+Mohd.+Owais+Qarni-Hospital/nct-11109123", waiting until "domcontentloaded"
 (attempt 2/2)
[2026-07-27 21:13:18] INFO | Phase 1 [671/1083]: Chandiwala Hospital Shahdara
[2026-07-27 21:13:28] WARNING |   Nav error: Page.goto: net::ERR_HTTP2_PROTOCOL_ERROR at https://www.justdial.com/All-Cities/Chandiwala+Hospital+Shahdara-Hospital/nct-11109123
Call log:
  - navigating to "https://www.justdial.com/All-Cities/Chandiwala+Hospital+Shahdara-Hospital/nct-11109123", waiting until "domcontentloaded"
 (attempt 1/2)
[2026-07-27 21:13:30] WARNING |   Nav error: Page.goto: net::ERR_HTTP2_PROTOCOL_ERROR at https://www.justdial.com/All-Cities/Chandiwala+Hospital+Shahdara-Hospital/nct-11109123
Call log:
  - navigating to "https://www.justdial.com/All-Cities/Chandiwala+Hospital+Shahdara-Hospital/nct-11109123", waiting until "domcontentloaded"
 (attempt 2/2)
[2026-07-27 21:13:31] INFO | Phase 1 [672/1083]: Kosmos Superspeciality Hospital
[2026-07-27 21:13:41] WARNING |   Nav error: Page.goto: net::ERR_HTTP2_PROTOCOL_ERROR at https://www.justdial.com/All-Cities/Kosmos+Superspeciality+Hospital-Hospital/nct-11109123
Call log:
  - navigating to "https://www.justdial.com/All-Cities/Kosmos+Superspeciality+Hospital-Hospital/nct-11109123", waiting until "domcontentloaded"
 (attempt 1/2)
[2026-07-27 21:13:43] WARNING |   Nav error: Page.goto: net::ERR_HTTP2_PROTOCOL_ERROR at https://www.justdial.com/All-Cities/Kosmos+Superspeciality+Hospital-Hospital/nct-11109123
Call log:
  - navigating to "https://www.justdial.com/All-Cities/Kosmos+Superspeciality+Hospital-Hospital/nct-11109123", waiting until "domcontentloaded"
 (attempt 2/2)
[2026-07-27 21:13:45] INFO | Phase 1 [673/1083]: Shanti Nursing Home- Best Laparoscopy Maternity Ortho & Stone Centre in east delhi
[2026-07-27 21:13:55] WARNING |   Nav error: Page.goto: net::ERR_HTTP2_PROTOCOL_ERROR at https://www.justdial.com/All-Cities/Shanti+Nursing+Home-+Best+Laparoscopy+Maternity+Ortho+%26+Stone+Centre+in+east+delhi-Hospital/nct-11109123
Call log:
  - navigating to "https://www.justdial.com/All-Cities/Shanti+Nursing+Home-+Best+Laparoscopy+Maternity+Ortho+%26+Stone+Centre+in+east+delhi-Hospital/nct-11109123", waiting until "domcontentloaded"
 (attempt 1/2)
[2026-07-27 21:13:57] WARNING |   Nav error: Page.goto: net::ERR_HTTP2_PROTOCOL_ERROR at https://www.justdial.com/All-Cities/Shanti+Nursing+Home-+Best+Laparoscopy+Maternity+Ortho+%26+Stone+Centre+in+east+delhi-Hospital/nct-11109123
Call log:
  - navigating to "https://www.justdial.com/All-Cities/Shanti+Nursing+Home-+Best+Laparoscopy+Maternity+Ortho+%26+Stone+Centre+in+east+delhi-Hospital/nct-11109123", waiting until "domcontentloaded"
 (attempt 2/2)
[2026-07-27 21:14:00] INFO | Phase 1 [674/1083]: Som Datt Nursing Home
[2026-07-27 21:14:09] WARNING |   Nav error: Page.goto: net::ERR_HTTP2_PROTOCOL_ERROR at https://www.justdial.com/All-Cities/Som+Datt+Nursing+Home-Hospital/nct-11109123
Call log:
  - navigating to "https://www.justdial.com/All-Cities/Som+Datt+Nursing+Home-Hospital/nct-11109123", waiting until "domcontentloaded"
 (attempt 1/2)
[2026-07-27 21:14:12] WARNING |   Nav error: Page.goto: net::ERR_HTTP2_PROTOCOL_ERROR at https://www.justdial.com/All-Cities/Som+Datt+Nursing+Home-Hospital/nct-11109123
Call log:
  - navigating to "https://www.justdial.com/All-Cities/Som+Datt+Nursing+Home-Hospital/nct-11109123", waiting until "domcontentloaded"
 (attempt 2/2)
[2026-07-27 21:14:13] INFO | Phase 1 [675/1083]: Virmani Hospital
[2026-07-27 21:14:23] WARNING |   Nav error: Page.goto: net::ERR_HTTP2_PROTOCOL_ERROR at https://www.justdial.com/All-Cities/Virmani+Hospital-Hospital/nct-11109123
Call log:
  - navigating to "https://www.justdial.com/All-Cities/Virmani+Hospital-Hospital/nct-11109123", waiting until "domcontentloaded"
 (attempt 1/2)
[2026-07-27 21:14:25] WARNING |   Nav error: Page.goto: net::ERR_HTTP2_PROTOCOL_ERROR at https://www.justdial.com/All-Cities/Virmani+Hospital-Hospital/nct-11109123
Call log:
  - navigating to "https://www.justdial.com/All-Cities/Virmani+Hospital-Hospital/nct-11109123", waiting until "domcontentloaded"
 (attempt 2/2)
[2026-07-27 21:14:27] INFO | Phase 1 [676/1083]: JANTA Clinic
[2026-07-27 21:14:36] WARNING |   Nav error: Page.goto: net::ERR_HTTP2_PROTOCOL_ERROR at https://www.justdial.com/All-Cities/JANTA+Clinic-Hospital/nct-11109123
Call log:
  - navigating to "https://www.justdial.com/All-Cities/JANTA+Clinic-Hospital/nct-11109123", waiting until "domcontentloaded"
 (attempt 1/2)
[2026-07-27 21:14:39] WARNING |   Nav error: Page.goto: net::ERR_HTTP2_PROTOCOL_ERROR at https://www.justdial.com/All-Cities/JANTA+Clinic-Hospital/nct-11109123
Call log:
  - navigating to "https://www.justdial.com/All-Cities/JANTA+Clinic-Hospital/nct-11109123", waiting until "domcontentloaded"
 (attempt 2/2)
[2026-07-27 21:14:40] INFO | Phase 1 [677/1083]: Anand Hospital
[2026-07-27 21:14:49] WARNING |   Nav error: Page.goto: net::ERR_HTTP2_PROTOCOL_ERROR at https://www.justdial.com/All-Cities/Anand+Hospital-Hospital/nct-11109123
Call log:
  - navigating to "https://www.justdial.com/All-Cities/Anand+Hospital-Hospital/nct-11109123", waiting until "domcontentloaded"
 (attempt 1/2)
[2026-07-27 21:14:52] WARNING |   Nav error: Page.goto: net::ERR_HTTP2_PROTOCOL_ERROR at https://www.justdial.com/All-Cities/Anand+Hospital-Hospital/nct-11109123
Call log:
  - navigating to "https://www.justdial.com/All-Cities/Anand+Hospital-Hospital/nct-11109123", waiting until "domcontentloaded"
 (attempt 2/2)
[2026-07-27 21:14:54] INFO | Phase 1 [678/1083]: Dr s.k aggarwal
[2026-07-27 21:15:02] WARNING |   Nav error: Page.goto: net::ERR_HTTP2_PROTOCOL_ERROR at https://www.justdial.com/All-Cities/Dr+s.k+aggarwal-Hospital/nct-11109123
Call log:
  - navigating to "https://www.justdial.com/All-Cities/Dr+s.k+aggarwal-Hospital/nct-11109123", waiting until "domcontentloaded"
 (attempt 1/2)
[2026-07-27 21:15:05] WARNING |   Nav error: Page.goto: net::ERR_HTTP2_PROTOCOL_ERROR at https://www.justdial.com/All-Cities/Dr+s.k+aggarwal-Hospital/nct-11109123
Call log:
  - navigating to "https://www.justdial.com/All-Cities/Dr+s.k+aggarwal-Hospital/nct-11109123", waiting until "domcontentloaded"
 (attempt 2/2)
[2026-07-27 21:15:07] INFO | Phase 1 [679/1083]: Medical Tourism in Delhi
[2026-07-27 21:15:17] WARNING |   Nav error: Page.goto: net::ERR_HTTP2_PROTOCOL_ERROR at https://www.justdial.com/All-Cities/Medical+Tourism+in+Delhi-Hospital/nct-11109123
Call log:
  - navigating to "https://www.justdial.com/All-Cities/Medical+Tourism+in+Delhi-Hospital/nct-11109123", waiting until "domcontentloaded"
 (attempt 1/2)
[2026-07-27 21:15:19] WARNING |   Nav error: Page.goto: net::ERR_HTTP2_PROTOCOL_ERROR at https://www.justdial.com/All-Cities/Medical+Tourism+in+Delhi-Hospital/nct-11109123
Call log:
  - navigating to "https://www.justdial.com/All-Cities/Medical+Tourism+in+Delhi-Hospital/nct-11109123", waiting until "domcontentloaded"
 (attempt 2/2)
[2026-07-27 21:15:20] INFO | Phase 1 [680/1083]: awnish
[2026-07-27 21:15:30] WARNING |   Nav error: Page.goto: net::ERR_HTTP2_PROTOCOL_ERROR at https://www.justdial.com/All-Cities/awnish-Hospital/nct-11109123
Call log:
  - navigating to "https://www.justdial.com/All-Cities/awnish-Hospital/nct-11109123", waiting until "domcontentloaded"
 (attempt 1/2)
[2026-07-27 21:15:32] WARNING |   Nav error: Page.goto: net::ERR_HTTP2_PROTOCOL_ERROR at https://www.justdial.com/All-Cities/awnish-Hospital/nct-11109123
Call log:
  - navigating to "https://www.justdial.com/All-Cities/awnish-Hospital/nct-11109123", waiting until "domcontentloaded"
 (attempt 2/2)
[2026-07-27 21:15:34] INFO | Phase 1 [681/1083]: Garg Hospital
[2026-07-27 21:15:42] WARNING |   Nav error: Page.goto: net::ERR_HTTP2_PROTOCOL_ERROR at https://www.justdial.com/All-Cities/Garg+Hospital-Hospital/nct-11109123
Call log:
  - navigating to "https://www.justdial.com/All-Cities/Garg+Hospital-Hospital/nct-11109123", waiting until "domcontentloaded"
 (attempt 1/2)
[2026-07-27 21:15:44] WARNING |   Nav error: Page.goto: net::ERR_HTTP2_PROTOCOL_ERROR at https://www.justdial.com/All-Cities/Garg+Hospital-Hospital/nct-11109123
Call log:
  - navigating to "https://www.justdial.com/All-Cities/Garg+Hospital-Hospital/nct-11109123", waiting until "domcontentloaded"
 (attempt 2/2)
[2026-07-27 21:15:46] INFO | Phase 1 [682/1083]: Shanti Mukand Hospital
[2026-07-27 21:15:55] WARNING |   Nav error: Page.goto: net::ERR_HTTP2_PROTOCOL_ERROR at https://www.justdial.com/All-Cities/Shanti+Mukand+Hospital-Hospital/nct-11109123
Call log:
  - navigating to "https://www.justdial.com/All-Cities/Shanti+Mukand+Hospital-Hospital/nct-11109123", waiting until "domcontentloaded"
 (attempt 1/2)
[2026-07-27 21:15:58] WARNING |   Nav error: Page.goto: net::ERR_HTTP2_PROTOCOL_ERROR at https://www.justdial.com/All-Cities/Shanti+Mukand+Hospital-Hospital/nct-11109123
Call log:
  - navigating to "https://www.justdial.com/All-Cities/Shanti+Mukand+Hospital-Hospital/nct-11109123", waiting until "domcontentloaded"
 (attempt 2/2)
[2026-07-27 21:15:59] INFO | Phase 1 [683/1083]: Jag Pravesh Chandra Hospital
[2026-07-27 21:16:08] WARNING |   Nav error: Page.goto: net::ERR_HTTP2_PROTOCOL_ERROR at https://www.justdial.com/All-Cities/Jag+Pravesh+Chandra+Hospital-Hospital/nct-11109123
Call log:
  - navigating to "https://www.justdial.com/All-Cities/Jag+Pravesh+Chandra+Hospital-Hospital/nct-11109123", waiting until "domcontentloaded"
 (attempt 1/2)
[2026-07-27 21:16:11] WARNING |   Nav error: Page.goto: net::ERR_HTTP2_PROTOCOL_ERROR at https://www.justdial.com/All-Cities/Jag+Pravesh+Chandra+Hospital-Hospital/nct-11109123
Call log:
  - navigating to "https://www.justdial.com/All-Cities/Jag+Pravesh+Chandra+Hospital-Hospital/nct-11109123", waiting until "domcontentloaded"
 (attempt 2/2)
[2026-07-27 21:16:13] INFO | Phase 1 [684/1083]: Narendra Prakash Medical Center
[2026-07-27 21:16:23] WARNING |   Nav error: Page.goto: net::ERR_HTTP2_PROTOCOL_ERROR at https://www.justdial.com/All-Cities/Narendra+Prakash+Medical+Center-Hospital/nct-11109123
Call log:
  - navigating to "https://www.justdial.com/All-Cities/Narendra+Prakash+Medical+Center-Hospital/nct-11109123", waiting until "domcontentloaded"
 (attempt 1/2)
[2026-07-27 21:16:25] WARNING |   Nav error: Page.goto: net::ERR_HTTP2_PROTOCOL_ERROR at https://www.justdial.com/All-Cities/Narendra+Prakash+Medical+Center-Hospital/nct-11109123
Call log:
  - navigating to "https://www.justdial.com/All-Cities/Narendra+Prakash+Medical+Center-Hospital/nct-11109123", waiting until "domcontentloaded"
 (attempt 2/2)
[2026-07-27 21:16:26] INFO | Phase 1 [685/1083]: Shanti Medical Centre
[2026-07-27 21:16:35] WARNING |   Nav error: Page.goto: net::ERR_HTTP2_PROTOCOL_ERROR at https://www.justdial.com/All-Cities/Shanti+Medical+Centre-Hospital/nct-11109123
Call log:
  - navigating to "https://www.justdial.com/All-Cities/Shanti+Medical+Centre-Hospital/nct-11109123", waiting until "domcontentloaded"
 (attempt 1/2)
[2026-07-27 21:16:38] WARNING |   Nav error: Page.goto: net::ERR_HTTP2_PROTOCOL_ERROR at https://www.justdial.com/All-Cities/Shanti+Medical+Centre-Hospital/nct-11109123
Call log:
  - navigating to "https://www.justdial.com/All-Cities/Shanti+Medical+Centre-Hospital/nct-11109123", waiting until "domcontentloaded"
 (attempt 2/2)
[2026-07-27 21:16:39] INFO | Phase 1 [686/1083]: Kailash Deepak Hospital
[2026-07-27 21:16:49] WARNING |   Nav error: Page.goto: net::ERR_HTTP2_PROTOCOL_ERROR at https://www.justdial.com/All-Cities/Kailash+Deepak+Hospital-Hospital/nct-11109123
Call log:
  - navigating to "https://www.justdial.com/All-Cities/Kailash+Deepak+Hospital-Hospital/nct-11109123", waiting until "domcontentloaded"
 (attempt 1/2)
[2026-07-27 21:16:51] WARNING |   Nav error: Page.goto: net::ERR_HTTP2_PROTOCOL_ERROR at https://www.justdial.com/All-Cities/Kailash+Deepak+Hospital-Hospital/nct-11109123
Call log:
  - navigating to "https://www.justdial.com/All-Cities/Kailash+Deepak+Hospital-Hospital/nct-11109123", waiting until "domcontentloaded"
 (attempt 2/2)
[2026-07-27 21:16:53] INFO | Phase 1 [687/1083]: Acharya Vikramditya
[2026-07-27 21:17:02] WARNING |   Nav error: Page.goto: net::ERR_HTTP2_PROTOCOL_ERROR at https://www.justdial.com/All-Cities/Acharya+Vikramditya-Hospital/nct-11109123
Call log:
  - navigating to "https://www.justdial.com/All-Cities/Acharya+Vikramditya-Hospital/nct-11109123", waiting until "domcontentloaded"
 (attempt 1/2)
[2026-07-27 21:17:04] WARNING |   Nav error: Page.goto: net::ERR_HTTP2_PROTOCOL_ERROR at https://www.justdial.com/All-Cities/Acharya+Vikramditya-Hospital/nct-11109123
Call log:
  - navigating to "https://www.justdial.com/All-Cities/Acharya+Vikramditya-Hospital/nct-11109123", waiting until "domcontentloaded"
 (attempt 2/2)
[2026-07-27 21:17:06] INFO | Phase 1 [688/1083]: Lal Hospital
[2026-07-27 21:17:15] WARNING |   Nav error: Page.goto: net::ERR_HTTP2_PROTOCOL_ERROR at https://www.justdial.com/All-Cities/Lal+Hospital-Hospital/nct-11109123
Call log:
  - navigating to "https://www.justdial.com/All-Cities/Lal+Hospital-Hospital/nct-11109123", waiting until "domcontentloaded"
 (attempt 1/2)
[2026-07-27 21:17:17] WARNING |   Nav error: Page.goto: net::ERR_HTTP2_PROTOCOL_ERROR at https://www.justdial.com/All-Cities/Lal+Hospital-Hospital/nct-11109123
Call log:
  - navigating to "https://www.justdial.com/All-Cities/Lal+Hospital-Hospital/nct-11109123", waiting until "domcontentloaded"
 (attempt 2/2)
[2026-07-27 21:17:21] INFO | Phase 1 [689/1083]: Khandelwal Hospital And Urology Center
[2026-07-27 21:17:29] WARNING |   Nav error: Page.goto: net::ERR_HTTP2_PROTOCOL_ERROR at https://www.justdial.com/All-Cities/Khandelwal+Hospital+And+Urology+Center-Hospital/nct-11109123
Call log:
  - navigating to "https://www.justdial.com/All-Cities/Khandelwal+Hospital+And+Urology+Center-Hospital/nct-11109123", waiting until "domcontentloaded"
 (attempt 1/2)
[2026-07-27 21:17:31] WARNING |   Nav error: Page.goto: net::ERR_HTTP2_PROTOCOL_ERROR at https://www.justdial.com/All-Cities/Khandelwal+Hospital+And+Urology+Center-Hospital/nct-11109123
Call log:
  - navigating to "https://www.justdial.com/All-Cities/Khandelwal+Hospital+And+Urology+Center-Hospital/nct-11109123", waiting until "domcontentloaded"
 (attempt 2/2)
[2026-07-27 21:17:33] INFO | Phase 1 [690/1083]: Patel Hospital
[2026-07-27 21:17:43] WARNING |   Nav error: Page.goto: net::ERR_HTTP2_PROTOCOL_ERROR at https://www.justdial.com/All-Cities/Patel+Hospital-Hospital/nct-11109123
Call log:
  - navigating to "https://www.justdial.com/All-Cities/Patel+Hospital-Hospital/nct-11109123", waiting until "domcontentloaded"
 (attempt 1/2)
[2026-07-27 21:17:45] WARNING |   Nav error: Page.goto: net::ERR_HTTP2_PROTOCOL_ERROR at https://www.justdial.com/All-Cities/Patel+Hospital-Hospital/nct-11109123
Call log:
  - navigating to "https://www.justdial.com/All-Cities/Patel+Hospital-Hospital/nct-11109123", waiting until "domcontentloaded"
 (attempt 2/2)
[2026-07-27 21:17:47] INFO | Phase 1 [691/1083]: Employees State Insurance Dispensary
[2026-07-27 21:17:56] WARNING |   Nav error: Page.goto: net::ERR_HTTP2_PROTOCOL_ERROR at https://www.justdial.com/All-Cities/Employees+State+Insurance+Dispensary-Hospital/nct-11109123
Call log:
  - navigating to "https://www.justdial.com/All-Cities/Employees+State+Insurance+Dispensary-Hospital/nct-11109123", waiting until "domcontentloaded"
 (attempt 1/2)
[2026-07-27 21:17:59] WARNING |   Nav error: Page.goto: net::ERR_HTTP2_PROTOCOL_ERROR at https://www.justdial.com/All-Cities/Employees+State+Insurance+Dispensary-Hospital/nct-11109123
Call log:
  - navigating to "https://www.justdial.com/All-Cities/Employees+State+Insurance+Dispensary-Hospital/nct-11109123", waiting until "domcontentloaded"
 (attempt 2/2)
[2026-07-27 21:18:01] INFO | Phase 1 [692/1083]: Goyal Hospital & Urology Centre
[2026-07-27 21:18:09] WARNING |   Nav error: Page.goto: net::ERR_HTTP2_PROTOCOL_ERROR at https://www.justdial.com/All-Cities/Goyal+Hospital+%26+Urology+Centre-Hospital/nct-11109123
Call log:
  - navigating to "https://www.justdial.com/All-Cities/Goyal+Hospital+%26+Urology+Centre-Hospital/nct-11109123", waiting until "domcontentloaded"
 (attempt 1/2)
[2026-07-27 21:18:11] WARNING |   Nav error: Page.goto: net::ERR_HTTP2_PROTOCOL_ERROR at https://www.justdial.com/All-Cities/Goyal+Hospital+%26+Urology+Centre-Hospital/nct-11109123
Call log:
  - navigating to "https://www.justdial.com/All-Cities/Goyal+Hospital+%26+Urology+Centre-Hospital/nct-11109123", waiting until "domcontentloaded"
 (attempt 2/2)
[2026-07-27 21:18:13] INFO | Phase 1 [693/1083]: Monga Medical Centre
[2026-07-27 21:18:22] WARNING |   Nav error: Page.goto: net::ERR_HTTP2_PROTOCOL_ERROR at https://www.justdial.com/All-Cities/Monga+Medical+Centre-Hospital/nct-11109123
Call log:
  - navigating to "https://www.justdial.com/All-Cities/Monga+Medical+Centre-Hospital/nct-11109123", waiting until "domcontentloaded"
 (attempt 1/2)
[2026-07-27 21:18:25] WARNING |   Nav error: Page.goto: net::ERR_HTTP2_PROTOCOL_ERROR at https://www.justdial.com/All-Cities/Monga+Medical+Centre-Hospital/nct-11109123
Call log:
  - navigating to "https://www.justdial.com/All-Cities/Monga+Medical+Centre-Hospital/nct-11109123", waiting until "domcontentloaded"
 (attempt 2/2)
[2026-07-27 21:18:28] INFO | Phase 1 [694/1083]: Dilesis Hospiyal
[2026-07-27 21:18:37] WARNING |   Nav error: Page.goto: net::ERR_HTTP2_PROTOCOL_ERROR at https://www.justdial.com/All-Cities/Dilesis+Hospiyal-Hospital/nct-11109123
Call log:
  - navigating to "https://www.justdial.com/All-Cities/Dilesis+Hospiyal-Hospital/nct-11109123", waiting until "domcontentloaded"
 (attempt 1/2)
[2026-07-27 21:18:39] WARNING |   Nav error: Page.goto: net::ERR_HTTP2_PROTOCOL_ERROR at https://www.justdial.com/All-Cities/Dilesis+Hospiyal-Hospital/nct-11109123
Call log:
  - navigating to "https://www.justdial.com/All-Cities/Dilesis+Hospiyal-Hospital/nct-11109123", waiting until "domcontentloaded"
 (attempt 2/2)
[2026-07-27 21:18:41] INFO | Phase 1 [695/1083]: Ganesh Ortho Trauma & Medical Centre
[2026-07-27 21:18:50] WARNING |   Nav error: Page.goto: net::ERR_HTTP2_PROTOCOL_ERROR at https://www.justdial.com/All-Cities/Ganesh+Ortho+Trauma+%26+Medical+Centre-Hospital/nct-11109123
Call log:
  - navigating to "https://www.justdial.com/All-Cities/Ganesh+Ortho+Trauma+%26+Medical+Centre-Hospital/nct-11109123", waiting until "domcontentloaded"
 (attempt 1/2)
[2026-07-27 21:18:52] WARNING |   Nav error: Page.goto: net::ERR_HTTP2_PROTOCOL_ERROR at https://www.justdial.com/All-Cities/Ganesh+Ortho+Trauma+%26+Medical+Centre-Hospital/nct-11109123
Call log:
  - navigating to "https://www.justdial.com/All-Cities/Ganesh+Ortho+Trauma+%26+Medical+Centre-Hospital/nct-11109123", waiting until "domcontentloaded"
 (attempt 2/2)
[2026-07-27 21:18:54] INFO | Phase 1 [696/1083]: Shri Ram Singh Hospital
[2026-07-27 21:19:03] WARNING |   Nav error: Page.goto: net::ERR_HTTP2_PROTOCOL_ERROR at https://www.justdial.com/All-Cities/Shri+Ram+Singh+Hospital-Hospital/nct-11109123
Call log:
  - navigating to "https://www.justdial.com/All-Cities/Shri+Ram+Singh+Hospital-Hospital/nct-11109123", waiting until "domcontentloaded"
 (attempt 1/2)
[2026-07-27 21:19:05] WARNING |   Nav error: Page.goto: net::ERR_HTTP2_PROTOCOL_ERROR at https://www.justdial.com/All-Cities/Shri+Ram+Singh+Hospital-Hospital/nct-11109123
Call log:
  - navigating to "https://www.justdial.com/All-Cities/Shri+Ram+Singh+Hospital-Hospital/nct-11109123", waiting until "domcontentloaded"
 (attempt 2/2)
[2026-07-27 21:19:07] INFO | Phase 1 [697/1083]: Dr. Roshan Lal Hospital
[2026-07-27 21:19:17] WARNING |   Nav error: Page.goto: net::ERR_HTTP2_PROTOCOL_ERROR at https://www.justdial.com/All-Cities/Dr.+Roshan+Lal+Hospital-Hospital/nct-11109123
Call log:
  - navigating to "https://www.justdial.com/All-Cities/Dr.+Roshan+Lal+Hospital-Hospital/nct-11109123", waiting until "domcontentloaded"
 (attempt 1/2)
[2026-07-27 21:19:19] WARNING |   Nav error: Page.goto: net::ERR_HTTP2_PROTOCOL_ERROR at https://www.justdial.com/All-Cities/Dr.+Roshan+Lal+Hospital-Hospital/nct-11109123
Call log:
  - navigating to "https://www.justdial.com/All-Cities/Dr.+Roshan+Lal+Hospital-Hospital/nct-11109123", waiting until "domcontentloaded"
 (attempt 2/2)
[2026-07-27 21:19:21] INFO | Phase 1 [698/1083]: Kosmos Superspeciality Hospital & Diagnostic Centre
[2026-07-27 21:19:30] WARNING |   Nav error: Page.goto: net::ERR_HTTP2_PROTOCOL_ERROR at https://www.justdial.com/All-Cities/Kosmos+Superspeciality+Hospital+%26+Diagnostic+Centre-Hospital/nct-11109123
Call log:
  - navigating to "https://www.justdial.com/All-Cities/Kosmos+Superspeciality+Hospital+%26+Diagnostic+Centre-Hospital/nct-11109123", waiting until "domcontentloaded"
 (attempt 1/2)
[2026-07-27 21:19:32] WARNING |   Nav error: Page.goto: net::ERR_HTTP2_PROTOCOL_ERROR at https://www.justdial.com/All-Cities/Kosmos+Superspeciality+Hospital+%26+Diagnostic+Centre-Hospital/nct-11109123
Call log:
  - navigating to "https://www.justdial.com/All-Cities/Kosmos+Superspeciality+Hospital+%26+Diagnostic+Centre-Hospital/nct-11109123", waiting until "domcontentloaded"
 (attempt 2/2)
[2026-07-27 21:19:36] INFO | Phase 1 [699/1083]: GOYAL HOSPITAL
[2026-07-27 21:19:44] WARNING |   Nav error: Page.goto: net::ERR_HTTP2_PROTOCOL_ERROR at https://www.justdial.com/All-Cities/GOYAL+HOSPITAL-Hospital/nct-11109123
Call log:
  - navigating to "https://www.justdial.com/All-Cities/GOYAL+HOSPITAL-Hospital/nct-11109123", waiting until "domcontentloaded"
 (attempt 1/2)
[2026-07-27 21:19:46] WARNING |   Nav error: Page.goto: net::ERR_HTTP2_PROTOCOL_ERROR at https://www.justdial.com/All-Cities/GOYAL+HOSPITAL-Hospital/nct-11109123
Call log:
  - navigating to "https://www.justdial.com/All-Cities/GOYAL+HOSPITAL-Hospital/nct-11109123", waiting until "domcontentloaded"
 (attempt 2/2)
[2026-07-27 21:19:48] INFO | Phase 1 [700/1083]: J 4 NEAR ROSHAN LAL HOSPITAL
[2026-07-27 21:19:57] WARNING |   Nav error: Page.goto: net::ERR_HTTP2_PROTOCOL_ERROR at https://www.justdial.com/All-Cities/J+4+NEAR+ROSHAN+LAL+HOSPITAL-Hospital/nct-11109123
Call log:
  - navigating to "https://www.justdial.com/All-Cities/J+4+NEAR+ROSHAN+LAL+HOSPITAL-Hospital/nct-11109123", waiting until "domcontentloaded"
 (attempt 1/2)
[2026-07-27 21:19:59] WARNING |   Nav error: Page.goto: net::ERR_HTTP2_PROTOCOL_ERROR at https://www.justdial.com/All-Cities/J+4+NEAR+ROSHAN+LAL+HOSPITAL-Hospital/nct-11109123
Call log:
  - navigating to "https://www.justdial.com/All-Cities/J+4+NEAR+ROSHAN+LAL+HOSPITAL-Hospital/nct-11109123", waiting until "domcontentloaded"
 (attempt 2/2)
[2026-07-27 21:20:01] INFO | Phase 1 [701/1083]: Shivam Nursing Home
[2026-07-27 21:20:11] WARNING |   Nav error: Page.goto: net::ERR_HTTP2_PROTOCOL_ERROR at https://www.justdial.com/All-Cities/Shivam+Nursing+Home-Hospital/nct-11109123
Call log:
  - navigating to "https://www.justdial.com/All-Cities/Shivam+Nursing+Home-Hospital/nct-11109123", waiting until "domcontentloaded"
 (attempt 1/2)
[2026-07-27 21:20:13] WARNING |   Nav error: Page.goto: net::ERR_HTTP2_PROTOCOL_ERROR at https://www.justdial.com/All-Cities/Shivam+Nursing+Home-Hospital/nct-11109123
Call log:
  - navigating to "https://www.justdial.com/All-Cities/Shivam+Nursing+Home-Hospital/nct-11109123", waiting until "domcontentloaded"
 (attempt 2/2)
[2026-07-27 21:20:15] INFO | Phase 1 [702/1083]: RS Grover Hospital
[2026-07-27 21:20:24] WARNING |   Nav error: Page.goto: net::ERR_HTTP2_PROTOCOL_ERROR at https://www.justdial.com/All-Cities/RS+Grover+Hospital-Hospital/nct-11109123
Call log:
  - navigating to "https://www.justdial.com/All-Cities/RS+Grover+Hospital-Hospital/nct-11109123", waiting until "domcontentloaded"
 (attempt 1/2)
[2026-07-27 21:20:26] WARNING |   Nav error: Page.goto: net::ERR_HTTP2_PROTOCOL_ERROR at https://www.justdial.com/All-Cities/RS+Grover+Hospital-Hospital/nct-11109123
Call log:
  - navigating to "https://www.justdial.com/All-Cities/RS+Grover+Hospital-Hospital/nct-11109123", waiting until "domcontentloaded"
 (attempt 2/2)
[2026-07-27 21:20:28] INFO | Phase 1 [703/1083]: Aarogya Hospital East Delhi
[2026-07-27 21:20:37] WARNING |   Nav error: Page.goto: net::ERR_HTTP2_PROTOCOL_ERROR at https://www.justdial.com/All-Cities/Aarogya+Hospital+East+Delhi-Hospital/nct-11109123
Call log:
  - navigating to "https://www.justdial.com/All-Cities/Aarogya+Hospital+East+Delhi-Hospital/nct-11109123", waiting until "domcontentloaded"
 (attempt 1/2)
[2026-07-27 21:20:40] WARNING |   Nav error: Page.goto: net::ERR_HTTP2_PROTOCOL_ERROR at https://www.justdial.com/All-Cities/Aarogya+Hospital+East+Delhi-Hospital/nct-11109123
Call log:
  - navigating to "https://www.justdial.com/All-Cities/Aarogya+Hospital+East+Delhi-Hospital/nct-11109123", waiting until "domcontentloaded"
 (attempt 2/2)
[2026-07-27 21:20:41] INFO | Phase 1 [704/1083]: DGD Geeta Colony
[2026-07-27 21:20:50] WARNING |   Nav error: Page.goto: net::ERR_HTTP2_PROTOCOL_ERROR at https://www.justdial.com/All-Cities/DGD+Geeta+Colony-Hospital/nct-11109123
Call log:
  - navigating to "https://www.justdial.com/All-Cities/DGD+Geeta+Colony-Hospital/nct-11109123", waiting until "domcontentloaded"
 (attempt 1/2)
[2026-07-27 21:20:52] WARNING |   Nav error: Page.goto: net::ERR_HTTP2_PROTOCOL_ERROR at https://www.justdial.com/All-Cities/DGD+Geeta+Colony-Hospital/nct-11109123
Call log:
  - navigating to "https://www.justdial.com/All-Cities/DGD+Geeta+Colony-Hospital/nct-11109123", waiting until "domcontentloaded"
 (attempt 2/2)
[2026-07-27 21:20:55] INFO | Phase 1 [705/1083]: Jain Charitable Hospital
[2026-07-27 21:21:05] WARNING |   Nav error: Page.goto: net::ERR_HTTP2_PROTOCOL_ERROR at https://www.justdial.com/All-Cities/Jain+Charitable+Hospital-Hospital/nct-11109123
Call log:
  - navigating to "https://www.justdial.com/All-Cities/Jain+Charitable+Hospital-Hospital/nct-11109123", waiting until "domcontentloaded"
 (attempt 1/2)
[2026-07-27 21:21:07] WARNING |   Nav error: Page.goto: net::ERR_HTTP2_PROTOCOL_ERROR at https://www.justdial.com/All-Cities/Jain+Charitable+Hospital-Hospital/nct-11109123
Call log:
  - navigating to "https://www.justdial.com/All-Cities/Jain+Charitable+Hospital-Hospital/nct-11109123", waiting until "domcontentloaded"
 (attempt 2/2)
[2026-07-27 21:21:09] INFO | Phase 1 [706/1083]: Shakti Medical Centre
[2026-07-27 21:21:18] WARNING |   Nav error: Page.goto: net::ERR_HTTP2_PROTOCOL_ERROR at https://www.justdial.com/All-Cities/Shakti+Medical+Centre-Hospital/nct-11109123
Call log:
  - navigating to "https://www.justdial.com/All-Cities/Shakti+Medical+Centre-Hospital/nct-11109123", waiting until "domcontentloaded"
 (attempt 1/2)
[2026-07-27 21:21:20] WARNING |   Nav error: Page.goto: net::ERR_HTTP2_PROTOCOL_ERROR at https://www.justdial.com/All-Cities/Shakti+Medical+Centre-Hospital/nct-11109123
Call log:
  - navigating to "https://www.justdial.com/All-Cities/Shakti+Medical+Centre-Hospital/nct-11109123", waiting until "domcontentloaded"
 (attempt 2/2)
[2026-07-27 21:21:22] INFO | Phase 1 [707/1083]: Makkar Multispeciality Hospital & Dialysis Centre
[2026-07-27 21:21:31] WARNING |   Nav error: Page.goto: net::ERR_HTTP2_PROTOCOL_ERROR at https://www.justdial.com/All-Cities/Makkar+Multispeciality+Hospital+%26+Dialysis+Centre-Hospital/nct-11109123
Call log:
  - navigating to "https://www.justdial.com/All-Cities/Makkar+Multispeciality+Hospital+%26+Dialysis+Centre-Hospital/nct-11109123", waiting until "domcontentloaded"
 (attempt 1/2)
[2026-07-27 21:21:34] WARNING |   Nav error: Page.goto: net::ERR_HTTP2_PROTOCOL_ERROR at https://www.justdial.com/All-Cities/Makkar+Multispeciality+Hospital+%26+Dialysis+Centre-Hospital/nct-11109123
Call log:
  - navigating to "https://www.justdial.com/All-Cities/Makkar+Multispeciality+Hospital+%26+Dialysis+Centre-Hospital/nct-11109123", waiting until "domcontentloaded"
 (attempt 2/2)
[2026-07-27 21:21:36] INFO | Phase 1 [708/1083]: Swasthya Hospital
[2026-07-27 21:21:45] WARNING |   Nav error: Page.goto: net::ERR_HTTP2_PROTOCOL_ERROR at https://www.justdial.com/All-Cities/Swasthya+Hospital-Hospital/nct-11109123
Call log:
  - navigating to "https://www.justdial.com/All-Cities/Swasthya+Hospital-Hospital/nct-11109123", waiting until "domcontentloaded"
 (attempt 1/2)
[2026-07-27 21:21:48] WARNING |   Nav error: Page.goto: net::ERR_HTTP2_PROTOCOL_ERROR at https://www.justdial.com/All-Cities/Swasthya+Hospital-Hospital/nct-11109123
Call log:
  - navigating to "https://www.justdial.com/All-Cities/Swasthya+Hospital-Hospital/nct-11109123", waiting until "domcontentloaded"
 (attempt 2/2)
[2026-07-27 21:21:50] INFO | Phase 1 [709/1083]: Chacha Nehru Bal Chikitsalaya
[2026-07-27 21:21:59] WARNING |   Nav error: Page.goto: net::ERR_HTTP2_PROTOCOL_ERROR at https://www.justdial.com/All-Cities/Chacha+Nehru+Bal+Chikitsalaya-Hospital/nct-11109123
Call log:
  - navigating to "https://www.justdial.com/All-Cities/Chacha+Nehru+Bal+Chikitsalaya-Hospital/nct-11109123", waiting until "domcontentloaded"
 (attempt 1/2)
[2026-07-27 21:22:02] WARNING |   Nav error: Page.goto: net::ERR_HTTP2_PROTOCOL_ERROR at https://www.justdial.com/All-Cities/Chacha+Nehru+Bal+Chikitsalaya-Hospital/nct-11109123
Call log:
  - navigating to "https://www.justdial.com/All-Cities/Chacha+Nehru+Bal+Chikitsalaya-Hospital/nct-11109123", waiting until "domcontentloaded"
 (attempt 2/2)
[2026-07-27 21:22:05] INFO | Phase 1 [710/1083]: Dr Hedgewar Arogya Sansthan Aam Aadmi Polyclinic
[2026-07-27 21:22:14] WARNING |   Nav error: Page.goto: net::ERR_HTTP2_PROTOCOL_ERROR at https://www.justdial.com/All-Cities/Dr+Hedgewar+Arogya+Sansthan+Aam+Aadmi+Polyclinic-Hospital/nct-11109123
Call log:
  - navigating to "https://www.justdial.com/All-Cities/Dr+Hedgewar+Arogya+Sansthan+Aam+Aadmi+Polyclinic-Hospital/nct-11109123", waiting until "domcontentloaded"
 (attempt 1/2)
[2026-07-27 21:22:16] WARNING |   Nav error: Page.goto: net::ERR_HTTP2_PROTOCOL_ERROR at https://www.justdial.com/All-Cities/Dr+Hedgewar+Arogya+Sansthan+Aam+Aadmi+Polyclinic-Hospital/nct-11109123
Call log:
  - navigating to "https://www.justdial.com/All-Cities/Dr+Hedgewar+Arogya+Sansthan+Aam+Aadmi+Polyclinic-Hospital/nct-11109123", waiting until "domcontentloaded"
 (attempt 2/2)
[2026-07-27 21:22:18] INFO | Phase 1 [711/1083]: Jain Charitable Hospital
[2026-07-27 21:22:28] WARNING |   Nav error: Page.goto: net::ERR_HTTP2_PROTOCOL_ERROR at https://www.justdial.com/All-Cities/Jain+Charitable+Hospital-Hospital/nct-11109123
Call log:
  - navigating to "https://www.justdial.com/All-Cities/Jain+Charitable+Hospital-Hospital/nct-11109123", waiting until "domcontentloaded"
 (attempt 1/2)
[2026-07-27 21:22:30] WARNING |   Nav error: Page.goto: net::ERR_HTTP2_PROTOCOL_ERROR at https://www.justdial.com/All-Cities/Jain+Charitable+Hospital-Hospital/nct-11109123
Call log:
  - navigating to "https://www.justdial.com/All-Cities/Jain+Charitable+Hospital-Hospital/nct-11109123", waiting until "domcontentloaded"
 (attempt 2/2)
[2026-07-27 21:22:32] INFO | Phase 1 [712/1083]: Adarsh Hospital
[2026-07-27 21:22:41] WARNING |   Nav error: Page.goto: net::ERR_HTTP2_PROTOCOL_ERROR at https://www.justdial.com/All-Cities/Adarsh+Hospital-Hospital/nct-11109123
Call log:
  - navigating to "https://www.justdial.com/All-Cities/Adarsh+Hospital-Hospital/nct-11109123", waiting until "domcontentloaded"
 (attempt 1/2)
[2026-07-27 21:22:43] WARNING |   Nav error: Page.goto: net::ERR_HTTP2_PROTOCOL_ERROR at https://www.justdial.com/All-Cities/Adarsh+Hospital-Hospital/nct-11109123
Call log:
  - navigating to "https://www.justdial.com/All-Cities/Adarsh+Hospital-Hospital/nct-11109123", waiting until "domcontentloaded"
 (attempt 2/2)
[2026-07-27 21:22:45] INFO | Phase 1 [713/1083]: Fortis Hospital
[2026-07-27 21:22:54] WARNING |   Nav error: Page.goto: net::ERR_HTTP2_PROTOCOL_ERROR at https://www.justdial.com/All-Cities/Fortis+Hospital-Hospital/nct-11109123
Call log:
  - navigating to "https://www.justdial.com/All-Cities/Fortis+Hospital-Hospital/nct-11109123", waiting until "domcontentloaded"
 (attempt 1/2)
[2026-07-27 21:22:56] WARNING |   Nav error: Page.goto: net::ERR_HTTP2_PROTOCOL_ERROR at https://www.justdial.com/All-Cities/Fortis+Hospital-Hospital/nct-11109123
Call log:
  - navigating to "https://www.justdial.com/All-Cities/Fortis+Hospital-Hospital/nct-11109123", waiting until "domcontentloaded"
 (attempt 2/2)
[2026-07-27 21:22:58] INFO | Phase 1 [714/1083]: Institute of Liver and Biliary Sciences
[2026-07-27 21:23:07] WARNING |   Nav error: Page.goto: net::ERR_HTTP2_PROTOCOL_ERROR at https://www.justdial.com/All-Cities/Institute+of+Liver+and+Biliary+Sciences-Hospital/nct-11109123
Call log:
  - navigating to "https://www.justdial.com/All-Cities/Institute+of+Liver+and+Biliary+Sciences-Hospital/nct-11109123", waiting until "domcontentloaded"
 (attempt 1/2)
[2026-07-27 21:23:09] WARNING |   Nav error: Page.goto: net::ERR_HTTP2_PROTOCOL_ERROR at https://www.justdial.com/All-Cities/Institute+of+Liver+and+Biliary+Sciences-Hospital/nct-11109123
Call log:
  - navigating to "https://www.justdial.com/All-Cities/Institute+of+Liver+and+Biliary+Sciences-Hospital/nct-11109123", waiting until "domcontentloaded"
 (attempt 2/2)
[2026-07-27 21:23:12] INFO | Phase 1 [715/1083]: C.O.P. Hospital
[2026-07-27 21:23:21] WARNING |   Nav error: Page.goto: net::ERR_HTTP2_PROTOCOL_ERROR at https://www.justdial.com/All-Cities/C.O.P.+Hospital-Hospital/nct-11109123
Call log:
  - navigating to "https://www.justdial.com/All-Cities/C.O.P.+Hospital-Hospital/nct-11109123", waiting until "domcontentloaded"
 (attempt 1/2)
[2026-07-27 21:23:23] WARNING |   Nav error: Page.goto: net::ERR_HTTP2_PROTOCOL_ERROR at https://www.justdial.com/All-Cities/C.O.P.+Hospital-Hospital/nct-11109123
Call log:
  - navigating to "https://www.justdial.com/All-Cities/C.O.P.+Hospital-Hospital/nct-11109123", waiting until "domcontentloaded"
 (attempt 2/2)
[2026-07-27 21:23:25] INFO | Phase 1 [716/1083]: National Institute of TB and Respiratory Diseases
[2026-07-27 21:23:34] WARNING |   Nav error: Page.goto: net::ERR_HTTP2_PROTOCOL_ERROR at https://www.justdial.com/All-Cities/National+Institute+of+TB+and+Respiratory+Diseases-Hospital/nct-11109123
Call log:
  - navigating to "https://www.justdial.com/All-Cities/National+Institute+of+TB+and+Respiratory+Diseases-Hospital/nct-11109123", waiting until "domcontentloaded"
 (attempt 1/2)
[2026-07-27 21:23:36] WARNING |   Nav error: Page.goto: net::ERR_HTTP2_PROTOCOL_ERROR at https://www.justdial.com/All-Cities/National+Institute+of+TB+and+Respiratory+Diseases-Hospital/nct-11109123
Call log:
  - navigating to "https://www.justdial.com/All-Cities/National+Institute+of+TB+and+Respiratory+Diseases-Hospital/nct-11109123", waiting until "domcontentloaded"
 (attempt 2/2)
[2026-07-27 21:23:38] INFO | Phase 1 [717/1083]: K.R. Hospital
[2026-07-27 21:23:47] WARNING |   Nav error: Page.goto: net::ERR_HTTP2_PROTOCOL_ERROR at https://www.justdial.com/All-Cities/K.R.+Hospital-Hospital/nct-11109123
Call log:
  - navigating to "https://www.justdial.com/All-Cities/K.R.+Hospital-Hospital/nct-11109123", waiting until "domcontentloaded"
 (attempt 1/2)
[2026-07-27 21:23:49] WARNING |   Nav error: Page.goto: net::ERR_HTTP2_PROTOCOL_ERROR at https://www.justdial.com/All-Cities/K.R.+Hospital-Hospital/nct-11109123
Call log:
  - navigating to "https://www.justdial.com/All-Cities/K.R.+Hospital-Hospital/nct-11109123", waiting until "domcontentloaded"
 (attempt 2/2)
[2026-07-27 21:23:50] INFO | Phase 1 [718/1083]: Vardaan Hospital
[2026-07-27 21:24:00] WARNING |   Nav error: Page.goto: net::ERR_HTTP2_PROTOCOL_ERROR at https://www.justdial.com/All-Cities/Vardaan+Hospital-Hospital/nct-11109123
Call log:
  - navigating to "https://www.justdial.com/All-Cities/Vardaan+Hospital-Hospital/nct-11109123", waiting until "domcontentloaded"
 (attempt 1/2)
[2026-07-27 21:24:02] WARNING |   Nav error: Page.goto: net::ERR_HTTP2_PROTOCOL_ERROR at https://www.justdial.com/All-Cities/Vardaan+Hospital-Hospital/nct-11109123
Call log:
  - navigating to "https://www.justdial.com/All-Cities/Vardaan+Hospital-Hospital/nct-11109123", waiting until "domcontentloaded"
 (attempt 2/2)
[2026-07-27 21:24:04] INFO | Phase 1 [719/1083]: GOYAL HEALTH CARE POLYCLINIC
[2026-07-27 21:24:12] WARNING |   Nav error: Page.goto: net::ERR_HTTP2_PROTOCOL_ERROR at https://www.justdial.com/All-Cities/GOYAL+HEALTH+CARE+POLYCLINIC-Hospital/nct-11109123
Call log:
  - navigating to "https://www.justdial.com/All-Cities/GOYAL+HEALTH+CARE+POLYCLINIC-Hospital/nct-11109123", waiting until "domcontentloaded"
 (attempt 1/2)
[2026-07-27 21:24:14] WARNING |   Nav error: Page.goto: net::ERR_HTTP2_PROTOCOL_ERROR at https://www.justdial.com/All-Cities/GOYAL+HEALTH+CARE+POLYCLINIC-Hospital/nct-11109123
Call log:
  - navigating to "https://www.justdial.com/All-Cities/GOYAL+HEALTH+CARE+POLYCLINIC-Hospital/nct-11109123", waiting until "domcontentloaded"
 (attempt 2/2)
[2026-07-27 21:24:16] INFO | Phase 1 [720/1083]: Cronus Multi Speciality Hospital
[2026-07-27 21:24:25] WARNING |   Nav error: Page.goto: net::ERR_HTTP2_PROTOCOL_ERROR at https://www.justdial.com/All-Cities/Cronus+Multi+Speciality+Hospital-Hospital/nct-11109123
Call log:
  - navigating to "https://www.justdial.com/All-Cities/Cronus+Multi+Speciality+Hospital-Hospital/nct-11109123", waiting until "domcontentloaded"
 (attempt 1/2)
[2026-07-27 21:24:27] WARNING |   Nav error: Page.goto: net::ERR_HTTP2_PROTOCOL_ERROR at https://www.justdial.com/All-Cities/Cronus+Multi+Speciality+Hospital-Hospital/nct-11109123
Call log:
  - navigating to "https://www.justdial.com/All-Cities/Cronus+Multi+Speciality+Hospital-Hospital/nct-11109123", waiting until "domcontentloaded"
 (attempt 2/2)
[2026-07-27 21:24:30] INFO | Phase 1 [721/1083]: Baba Nagpal Trust Hospital
[2026-07-27 21:24:39] WARNING |   Nav error: Page.goto: net::ERR_HTTP2_PROTOCOL_ERROR at https://www.justdial.com/All-Cities/Baba+Nagpal+Trust+Hospital-Hospital/nct-11109123
Call log:
  - navigating to "https://www.justdial.com/All-Cities/Baba+Nagpal+Trust+Hospital-Hospital/nct-11109123", waiting until "domcontentloaded"
 (attempt 1/2)
[2026-07-27 21:24:41] WARNING |   Nav error: Page.goto: net::ERR_HTTP2_PROTOCOL_ERROR at https://www.justdial.com/All-Cities/Baba+Nagpal+Trust+Hospital-Hospital/nct-11109123
Call log:
  - navigating to "https://www.justdial.com/All-Cities/Baba+Nagpal+Trust+Hospital-Hospital/nct-11109123", waiting until "domcontentloaded"
 (attempt 2/2)
[2026-07-27 21:24:42] INFO | Phase 1 [722/1083]: Life Care D-lab@Hospital Ltd
[2026-07-27 21:24:52] WARNING |   Nav error: Page.goto: net::ERR_HTTP2_PROTOCOL_ERROR at https://www.justdial.com/All-Cities/Life+Care+D-lab%40Hospital+Ltd-Hospital/nct-11109123
Call log:
  - navigating to "https://www.justdial.com/All-Cities/Life+Care+D-lab%40Hospital+Ltd-Hospital/nct-11109123", waiting until "domcontentloaded"
 (attempt 1/2)
[2026-07-27 21:24:54] WARNING |   Nav error: Page.goto: net::ERR_HTTP2_PROTOCOL_ERROR at https://www.justdial.com/All-Cities/Life+Care+D-lab%40Hospital+Ltd-Hospital/nct-11109123
Call log:
  - navigating to "https://www.justdial.com/All-Cities/Life+Care+D-lab%40Hospital+Ltd-Hospital/nct-11109123", waiting until "domcontentloaded"
 (attempt 2/2)
[2026-07-27 21:24:56] INFO | Phase 1 [723/1083]: Bishwanath
[2026-07-27 21:25:05] WARNING |   Nav error: Page.goto: net::ERR_HTTP2_PROTOCOL_ERROR at https://www.justdial.com/All-Cities/Bishwanath-Hospital/nct-11109123
Call log:
  - navigating to "https://www.justdial.com/All-Cities/Bishwanath-Hospital/nct-11109123", waiting until "domcontentloaded"
 (attempt 1/2)
[2026-07-27 21:25:07] WARNING |   Nav error: Page.goto: net::ERR_HTTP2_PROTOCOL_ERROR at https://www.justdial.com/All-Cities/Bishwanath-Hospital/nct-11109123
Call log:
  - navigating to "https://www.justdial.com/All-Cities/Bishwanath-Hospital/nct-11109123", waiting until "domcontentloaded"
 (attempt 2/2)
[2026-07-27 21:25:09] INFO | Phase 1 [724/1083]: Rural Medicare Centre
[2026-07-27 21:25:18] WARNING |   Nav error: Page.goto: net::ERR_HTTP2_PROTOCOL_ERROR at https://www.justdial.com/All-Cities/Rural+Medicare+Centre-Hospital/nct-11109123
Call log:
  - navigating to "https://www.justdial.com/All-Cities/Rural+Medicare+Centre-Hospital/nct-11109123", waiting until "domcontentloaded"
 (attempt 1/2)
[2026-07-27 21:25:20] WARNING |   Nav error: Page.goto: net::ERR_HTTP2_PROTOCOL_ERROR at https://www.justdial.com/All-Cities/Rural+Medicare+Centre-Hospital/nct-11109123
Call log:
  - navigating to "https://www.justdial.com/All-Cities/Rural+Medicare+Centre-Hospital/nct-11109123", waiting until "domcontentloaded"
 (attempt 2/2)
[2026-07-27 21:25:22] INFO | Phase 1 [725/1083]: Lala Ram Saroop T.B Hospital
[2026-07-27 21:25:32] WARNING |   Nav error: Page.goto: net::ERR_HTTP2_PROTOCOL_ERROR at https://www.justdial.com/All-Cities/Lala+Ram+Saroop+T.B+Hospital-Hospital/nct-11109123
Call log:
  - navigating to "https://www.justdial.com/All-Cities/Lala+Ram+Saroop+T.B+Hospital-Hospital/nct-11109123", waiting until "domcontentloaded"
 (attempt 1/2)
[2026-07-27 21:25:34] WARNING |   Nav error: Page.goto: net::ERR_HTTP2_PROTOCOL_ERROR at https://www.justdial.com/All-Cities/Lala+Ram+Saroop+T.B+Hospital-Hospital/nct-11109123
Call log:
  - navigating to "https://www.justdial.com/All-Cities/Lala+Ram+Saroop+T.B+Hospital-Hospital/nct-11109123", waiting until "domcontentloaded"
 (attempt 2/2)
[2026-07-27 21:25:35] INFO | Phase 1 [726/1083]: Health Point Hospital
[2026-07-27 21:25:44] WARNING |   Nav error: Page.goto: net::ERR_HTTP2_PROTOCOL_ERROR at https://www.justdial.com/All-Cities/Health+Point+Hospital-Hospital/nct-11109123
Call log:
  - navigating to "https://www.justdial.com/All-Cities/Health+Point+Hospital-Hospital/nct-11109123", waiting until "domcontentloaded"
 (attempt 1/2)
[2026-07-27 21:25:46] WARNING |   Nav error: Page.goto: net::ERR_HTTP2_PROTOCOL_ERROR at https://www.justdial.com/All-Cities/Health+Point+Hospital-Hospital/nct-11109123
Call log:
  - navigating to "https://www.justdial.com/All-Cities/Health+Point+Hospital-Hospital/nct-11109123", waiting until "domcontentloaded"
 (attempt 2/2)
[2026-07-27 21:25:49] INFO | Phase 1 [727/1083]: Mehrauli Civil Hospital
[2026-07-27 21:25:58] WARNING |   Nav error: Page.goto: net::ERR_HTTP2_PROTOCOL_ERROR at https://www.justdial.com/All-Cities/Mehrauli+Civil+Hospital-Hospital/nct-11109123
Call log:
  - navigating to "https://www.justdial.com/All-Cities/Mehrauli+Civil+Hospital-Hospital/nct-11109123", waiting until "domcontentloaded"
 (attempt 1/2)
[2026-07-27 21:26:00] WARNING |   Nav error: Page.goto: net::ERR_HTTP2_PROTOCOL_ERROR at https://www.justdial.com/All-Cities/Mehrauli+Civil+Hospital-Hospital/nct-11109123
Call log:
  - navigating to "https://www.justdial.com/All-Cities/Mehrauli+Civil+Hospital-Hospital/nct-11109123", waiting until "domcontentloaded"
 (attempt 2/2)
[2026-07-27 21:26:03] INFO | Phase 1 [728/1083]: Salubrity Clinics - Best Medical Center
[2026-07-27 21:26:12] WARNING |   Nav error: Page.goto: net::ERR_HTTP2_PROTOCOL_ERROR at https://www.justdial.com/All-Cities/Salubrity+Clinics+-+Best+Medical+Center-Hospital/nct-11109123
Call log:
  - navigating to "https://www.justdial.com/All-Cities/Salubrity+Clinics+-+Best+Medical+Center-Hospital/nct-11109123", waiting until "domcontentloaded"
 (attempt 1/2)
[2026-07-27 21:26:15] WARNING |   Nav error: Page.goto: net::ERR_HTTP2_PROTOCOL_ERROR at https://www.justdial.com/All-Cities/Salubrity+Clinics+-+Best+Medical+Center-Hospital/nct-11109123
Call log:
  - navigating to "https://www.justdial.com/All-Cities/Salubrity+Clinics+-+Best+Medical+Center-Hospital/nct-11109123", waiting until "domcontentloaded"
 (attempt 2/2)
[2026-07-27 21:26:16] INFO | Phase 1 [729/1083]: Ayu Health Hospitals
[2026-07-27 21:26:26] WARNING |   Nav error: Page.goto: net::ERR_HTTP2_PROTOCOL_ERROR at https://www.justdial.com/All-Cities/Ayu+Health+Hospitals-Hospital/nct-11109123
Call log:
  - navigating to "https://www.justdial.com/All-Cities/Ayu+Health+Hospitals-Hospital/nct-11109123", waiting until "domcontentloaded"
 (attempt 1/2)
[2026-07-27 21:26:28] WARNING |   Nav error: Page.goto: net::ERR_HTTP2_PROTOCOL_ERROR at https://www.justdial.com/All-Cities/Ayu+Health+Hospitals-Hospital/nct-11109123
Call log:
  - navigating to "https://www.justdial.com/All-Cities/Ayu+Health+Hospitals-Hospital/nct-11109123", waiting until "domcontentloaded"
 (attempt 2/2)
[2026-07-27 21:26:30] INFO | Phase 1 [730/1083]: Anand Medical Centre
[2026-07-27 21:26:39] WARNING |   Nav error: Page.goto: net::ERR_HTTP2_PROTOCOL_ERROR at https://www.justdial.com/All-Cities/Anand+Medical+Centre-Hospital/nct-11109123
Call log:
  - navigating to "https://www.justdial.com/All-Cities/Anand+Medical+Centre-Hospital/nct-11109123", waiting until "domcontentloaded"
 (attempt 1/2)
[2026-07-27 21:26:41] WARNING |   Nav error: Page.goto: net::ERR_HTTP2_PROTOCOL_ERROR at https://www.justdial.com/All-Cities/Anand+Medical+Centre-Hospital/nct-11109123
Call log:
  - navigating to "https://www.justdial.com/All-Cities/Anand+Medical+Centre-Hospital/nct-11109123", waiting until "domcontentloaded"
 (attempt 2/2)
[2026-07-27 21:26:43] INFO | Phase 1 [731/1083]: dispancery
[2026-07-27 21:26:52] WARNING |   Nav error: Page.goto: net::ERR_HTTP2_PROTOCOL_ERROR at https://www.justdial.com/All-Cities/dispancery-Hospital/nct-11109123
Call log:
  - navigating to "https://www.justdial.com/All-Cities/dispancery-Hospital/nct-11109123", waiting until "domcontentloaded"
 (attempt 1/2)
[2026-07-27 21:26:55] WARNING |   Nav error: Page.goto: net::ERR_HTTP2_PROTOCOL_ERROR at https://www.justdial.com/All-Cities/dispancery-Hospital/nct-11109123
Call log:
  - navigating to "https://www.justdial.com/All-Cities/dispancery-Hospital/nct-11109123", waiting until "domcontentloaded"
 (attempt 2/2)
[2026-07-27 21:26:58] INFO | Phase 1 [732/1083]: The Human Touch Dr. Bhogal s Clinic
[2026-07-27 21:27:06] WARNING |   Nav error: Page.goto: net::ERR_HTTP2_PROTOCOL_ERROR at https://www.justdial.com/All-Cities/The+Human+Touch+Dr.+Bhogal+s+Clinic-Hospital/nct-11109123
Call log:
  - navigating to "https://www.justdial.com/All-Cities/The+Human+Touch+Dr.+Bhogal+s+Clinic-Hospital/nct-11109123", waiting until "domcontentloaded"
 (attempt 1/2)
[2026-07-27 21:27:08] WARNING |   Nav error: Page.goto: net::ERR_HTTP2_PROTOCOL_ERROR at https://www.justdial.com/All-Cities/The+Human+Touch+Dr.+Bhogal+s+Clinic-Hospital/nct-11109123
Call log:
  - navigating to "https://www.justdial.com/All-Cities/The+Human+Touch+Dr.+Bhogal+s+Clinic-Hospital/nct-11109123", waiting until "domcontentloaded"
 (attempt 2/2)
[2026-07-27 21:27:10] INFO | Phase 1 [733/1083]: Lala Hari health center
[2026-07-27 21:27:18] WARNING |   Nav error: Page.goto: net::ERR_HTTP2_PROTOCOL_ERROR at https://www.justdial.com/All-Cities/Lala+Hari+health+center-Hospital/nct-11109123
Call log:
  - navigating to "https://www.justdial.com/All-Cities/Lala+Hari+health+center-Hospital/nct-11109123", waiting until "domcontentloaded"
 (attempt 1/2)
[2026-07-27 21:27:20] WARNING |   Nav error: Page.goto: net::ERR_HTTP2_PROTOCOL_ERROR at https://www.justdial.com/All-Cities/Lala+Hari+health+center-Hospital/nct-11109123
Call log:
  - navigating to "https://www.justdial.com/All-Cities/Lala+Hari+health+center-Hospital/nct-11109123", waiting until "domcontentloaded"
 (attempt 2/2)
[2026-07-27 21:27:22] INFO | Phase 1 [734/1083]: CGHS Wellness Centre
[2026-07-27 21:27:31] WARNING |   Nav error: Page.goto: net::ERR_HTTP2_PROTOCOL_ERROR at https://www.justdial.com/All-Cities/CGHS+Wellness+Centre-Hospital/nct-11109123
Call log:
  - navigating to "https://www.justdial.com/All-Cities/CGHS+Wellness+Centre-Hospital/nct-11109123", waiting until "domcontentloaded"
 (attempt 1/2)
[2026-07-27 21:27:34] WARNING |   Nav error: Page.goto: net::ERR_HTTP2_PROTOCOL_ERROR at https://www.justdial.com/All-Cities/CGHS+Wellness+Centre-Hospital/nct-11109123
Call log:
  - navigating to "https://www.justdial.com/All-Cities/CGHS+Wellness+Centre-Hospital/nct-11109123", waiting until "domcontentloaded"
 (attempt 2/2)
[2026-07-27 21:27:35] INFO | Phase 1 [735/1083]: DGD Budh Nagar
[2026-07-27 21:27:44] WARNING |   Nav error: Page.goto: net::ERR_HTTP2_PROTOCOL_ERROR at https://www.justdial.com/All-Cities/DGD+Budh+Nagar-Hospital/nct-11109123
Call log:
  - navigating to "https://www.justdial.com/All-Cities/DGD+Budh+Nagar-Hospital/nct-11109123", waiting until "domcontentloaded"
 (attempt 1/2)
[2026-07-27 21:27:46] WARNING |   Nav error: Page.goto: net::ERR_HTTP2_PROTOCOL_ERROR at https://www.justdial.com/All-Cities/DGD+Budh+Nagar-Hospital/nct-11109123
Call log:
  - navigating to "https://www.justdial.com/All-Cities/DGD+Budh+Nagar-Hospital/nct-11109123", waiting until "domcontentloaded"
 (attempt 2/2)
[2026-07-27 21:27:48] INFO | Phase 1 [736/1083]: B.T Hospital
[2026-07-27 21:27:57] WARNING |   Nav error: Page.goto: net::ERR_HTTP2_PROTOCOL_ERROR at https://www.justdial.com/All-Cities/B.T+Hospital-Hospital/nct-11109123
Call log:
  - navigating to "https://www.justdial.com/All-Cities/B.T+Hospital-Hospital/nct-11109123", waiting until "domcontentloaded"
 (attempt 1/2)
[2026-07-27 21:27:59] WARNING |   Nav error: Page.goto: net::ERR_HTTP2_PROTOCOL_ERROR at https://www.justdial.com/All-Cities/B.T+Hospital-Hospital/nct-11109123
Call log:
  - navigating to "https://www.justdial.com/All-Cities/B.T+Hospital-Hospital/nct-11109123", waiting until "domcontentloaded"
 (attempt 2/2)
[2026-07-27 21:28:01] INFO | Phase 1 [737/1083]: Pink Vinayak Hospital
[2026-07-27 21:28:09] WARNING |   Nav error: Page.goto: net::ERR_HTTP2_PROTOCOL_ERROR at https://www.justdial.com/All-Cities/Pink+Vinayak+Hospital-Hospital/nct-11109123
Call log:
  - navigating to "https://www.justdial.com/All-Cities/Pink+Vinayak+Hospital-Hospital/nct-11109123", waiting until "domcontentloaded"
 (attempt 1/2)
[2026-07-27 21:28:11] WARNING |   Nav error: Page.goto: net::ERR_HTTP2_PROTOCOL_ERROR at https://www.justdial.com/All-Cities/Pink+Vinayak+Hospital-Hospital/nct-11109123
Call log:
  - navigating to "https://www.justdial.com/All-Cities/Pink+Vinayak+Hospital-Hospital/nct-11109123", waiting until "domcontentloaded"
 (attempt 2/2)
[2026-07-27 21:28:15] INFO | Phase 1 [738/1083]: Dr Ashok Jhingan
[2026-07-27 21:28:24] WARNING |   Nav error: Page.goto: net::ERR_HTTP2_PROTOCOL_ERROR at https://www.justdial.com/All-Cities/Dr+Ashok+Jhingan-Hospital/nct-11109123
Call log:
  - navigating to "https://www.justdial.com/All-Cities/Dr+Ashok+Jhingan-Hospital/nct-11109123", waiting until "domcontentloaded"
 (attempt 1/2)
[2026-07-27 21:28:27] WARNING |   Nav error: Page.goto: net::ERR_HTTP2_PROTOCOL_ERROR at https://www.justdial.com/All-Cities/Dr+Ashok+Jhingan-Hospital/nct-11109123
Call log:
  - navigating to "https://www.justdial.com/All-Cities/Dr+Ashok+Jhingan-Hospital/nct-11109123", waiting until "domcontentloaded"
 (attempt 2/2)
[2026-07-27 21:28:29] INFO | Phase 1 [739/1083]: Guru Ram Dass Charitable Hospital
[2026-07-27 21:28:38] WARNING |   Nav error: Page.goto: net::ERR_HTTP2_PROTOCOL_ERROR at https://www.justdial.com/All-Cities/Guru+Ram+Dass+Charitable+Hospital-Hospital/nct-11109123
Call log:
  - navigating to "https://www.justdial.com/All-Cities/Guru+Ram+Dass+Charitable+Hospital-Hospital/nct-11109123", waiting until "domcontentloaded"
 (attempt 1/2)
[2026-07-27 21:28:40] WARNING |   Nav error: Page.goto: net::ERR_HTTP2_PROTOCOL_ERROR at https://www.justdial.com/All-Cities/Guru+Ram+Dass+Charitable+Hospital-Hospital/nct-11109123
Call log:
  - navigating to "https://www.justdial.com/All-Cities/Guru+Ram+Dass+Charitable+Hospital-Hospital/nct-11109123", waiting until "domcontentloaded"
 (attempt 2/2)
[2026-07-27 21:28:41] INFO | Phase 1 [740/1083]: Amit Nursing Home
[2026-07-27 21:28:50] WARNING |   Nav error: Page.goto: net::ERR_HTTP2_PROTOCOL_ERROR at https://www.justdial.com/All-Cities/Amit+Nursing+Home-Hospital/nct-11109123
Call log:
  - navigating to "https://www.justdial.com/All-Cities/Amit+Nursing+Home-Hospital/nct-11109123", waiting until "domcontentloaded"
 (attempt 1/2)
[2026-07-27 21:28:53] WARNING |   Nav error: Page.goto: net::ERR_HTTP2_PROTOCOL_ERROR at https://www.justdial.com/All-Cities/Amit+Nursing+Home-Hospital/nct-11109123
Call log:
  - navigating to "https://www.justdial.com/All-Cities/Amit+Nursing+Home-Hospital/nct-11109123", waiting until "domcontentloaded"
 (attempt 2/2)
[2026-07-27 21:28:54] INFO | Phase 1 [741/1083]: Kalra Medicos
[2026-07-27 21:29:04] WARNING |   Nav error: Page.goto: net::ERR_HTTP2_PROTOCOL_ERROR at https://www.justdial.com/All-Cities/Kalra+Medicos-Hospital/nct-11109123
Call log:
  - navigating to "https://www.justdial.com/All-Cities/Kalra+Medicos-Hospital/nct-11109123", waiting until "domcontentloaded"
 (attempt 1/2)
[2026-07-27 21:29:06] WARNING |   Nav error: Page.goto: net::ERR_HTTP2_PROTOCOL_ERROR at https://www.justdial.com/All-Cities/Kalra+Medicos-Hospital/nct-11109123
Call log:
  - navigating to "https://www.justdial.com/All-Cities/Kalra+Medicos-Hospital/nct-11109123", waiting until "domcontentloaded"
 (attempt 2/2)
[2026-07-27 21:29:08] INFO | Phase 1 [742/1083]: Specialist Clinic
[2026-07-27 21:29:17] WARNING |   Nav error: Page.goto: net::ERR_HTTP2_PROTOCOL_ERROR at https://www.justdial.com/All-Cities/Specialist+Clinic-Hospital/nct-11109123
Call log:
  - navigating to "https://www.justdial.com/All-Cities/Specialist+Clinic-Hospital/nct-11109123", waiting until "domcontentloaded"
 (attempt 1/2)
[2026-07-27 21:29:19] WARNING |   Nav error: Page.goto: net::ERR_HTTP2_PROTOCOL_ERROR at https://www.justdial.com/All-Cities/Specialist+Clinic-Hospital/nct-11109123
Call log:
  - navigating to "https://www.justdial.com/All-Cities/Specialist+Clinic-Hospital/nct-11109123", waiting until "domcontentloaded"
 (attempt 2/2)
[2026-07-27 21:29:21] INFO | Phase 1 [743/1083]: CSM Medi Centre
[2026-07-27 21:29:30] WARNING |   Nav error: Page.goto: net::ERR_HTTP2_PROTOCOL_ERROR at https://www.justdial.com/All-Cities/CSM+Medi+Centre-Hospital/nct-11109123
Call log:
  - navigating to "https://www.justdial.com/All-Cities/CSM+Medi+Centre-Hospital/nct-11109123", waiting until "domcontentloaded"
 (attempt 1/2)
[2026-07-27 21:29:32] WARNING |   Nav error: Page.goto: net::ERR_HTTP2_PROTOCOL_ERROR at https://www.justdial.com/All-Cities/CSM+Medi+Centre-Hospital/nct-11109123
Call log:
  - navigating to "https://www.justdial.com/All-Cities/CSM+Medi+Centre-Hospital/nct-11109123", waiting until "domcontentloaded"
 (attempt 2/2)
[2026-07-27 21:29:35] INFO | Phase 1 [744/1083]: Dr Arvind
[2026-07-27 21:29:45] WARNING |   Nav error: Page.goto: net::ERR_HTTP2_PROTOCOL_ERROR at https://www.justdial.com/All-Cities/Dr+Arvind-Hospital/nct-11109123
Call log:
  - navigating to "https://www.justdial.com/All-Cities/Dr+Arvind-Hospital/nct-11109123", waiting until "domcontentloaded"
 (attempt 1/2)
[2026-07-27 21:29:47] WARNING |   Nav error: Page.goto: net::ERR_HTTP2_PROTOCOL_ERROR at https://www.justdial.com/All-Cities/Dr+Arvind-Hospital/nct-11109123
Call log:
  - navigating to "https://www.justdial.com/All-Cities/Dr+Arvind-Hospital/nct-11109123", waiting until "domcontentloaded"
 (attempt 2/2)
[2026-07-27 21:29:49] INFO | Phase 1 [745/1083]: Mcd Ayurvedic Hospital Rajouri Garden
[2026-07-27 21:29:57] WARNING |   Nav error: Page.goto: net::ERR_HTTP2_PROTOCOL_ERROR at https://www.justdial.com/All-Cities/Mcd+Ayurvedic+Hospital+Rajouri+Garden-Hospital/nct-11109123
Call log:
  - navigating to "https://www.justdial.com/All-Cities/Mcd+Ayurvedic+Hospital+Rajouri+Garden-Hospital/nct-11109123", waiting until "domcontentloaded"
 (attempt 1/2)
[2026-07-27 21:30:00] WARNING |   Nav error: Page.goto: net::ERR_HTTP2_PROTOCOL_ERROR at https://www.justdial.com/All-Cities/Mcd+Ayurvedic+Hospital+Rajouri+Garden-Hospital/nct-11109123
Call log:
  - navigating to "https://www.justdial.com/All-Cities/Mcd+Ayurvedic+Hospital+Rajouri+Garden-Hospital/nct-11109123", waiting until "domcontentloaded"
 (attempt 2/2)
[2026-07-27 21:30:01] INFO | Phase 1 [746/1083]: Guru Nanak Charitable Dispensary & Clinical Laboratory
[2026-07-27 21:30:11] WARNING |   Nav error: Page.goto: net::ERR_HTTP2_PROTOCOL_ERROR at https://www.justdial.com/All-Cities/Guru+Nanak+Charitable+Dispensary+%26+Clinical+Laboratory-Hospital/nct-11109123
Call log:
  - navigating to "https://www.justdial.com/All-Cities/Guru+Nanak+Charitable+Dispensary+%26+Clinical+Laboratory-Hospital/nct-11109123", waiting until "domcontentloaded"
 (attempt 1/2)
[2026-07-27 21:30:13] WARNING |   Nav error: Page.goto: net::ERR_HTTP2_PROTOCOL_ERROR at https://www.justdial.com/All-Cities/Guru+Nanak+Charitable+Dispensary+%26+Clinical+Laboratory-Hospital/nct-11109123
Call log:
  - navigating to "https://www.justdial.com/All-Cities/Guru+Nanak+Charitable+Dispensary+%26+Clinical+Laboratory-Hospital/nct-11109123", waiting until "domcontentloaded"
 (attempt 2/2)
[2026-07-27 21:30:15] INFO | Phase 1 [747/1083]: Khetarpal Nursing Home
[2026-07-27 21:30:25] WARNING |   Nav error: Page.goto: net::ERR_HTTP2_PROTOCOL_ERROR at https://www.justdial.com/All-Cities/Khetarpal+Nursing+Home-Hospital/nct-11109123
Call log:
  - navigating to "https://www.justdial.com/All-Cities/Khetarpal+Nursing+Home-Hospital/nct-11109123", waiting until "domcontentloaded"
 (attempt 1/2)
[2026-07-27 21:30:28] WARNING |   Nav error: Page.goto: net::ERR_HTTP2_PROTOCOL_ERROR at https://www.justdial.com/All-Cities/Khetarpal+Nursing+Home-Hospital/nct-11109123
Call log:
  - navigating to "https://www.justdial.com/All-Cities/Khetarpal+Nursing+Home-Hospital/nct-11109123", waiting until "domcontentloaded"
 (attempt 2/2)
[2026-07-27 21:30:30] INFO | Phase 1 [748/1083]: Tagore Hospital
[2026-07-27 21:30:39] WARNING |   Nav error: Page.goto: net::ERR_HTTP2_PROTOCOL_ERROR at https://www.justdial.com/All-Cities/Tagore+Hospital-Hospital/nct-11109123
Call log:
  - navigating to "https://www.justdial.com/All-Cities/Tagore+Hospital-Hospital/nct-11109123", waiting until "domcontentloaded"
 (attempt 1/2)
[2026-07-27 21:30:41] WARNING |   Nav error: Page.goto: net::ERR_HTTP2_PROTOCOL_ERROR at https://www.justdial.com/All-Cities/Tagore+Hospital-Hospital/nct-11109123
Call log:
  - navigating to "https://www.justdial.com/All-Cities/Tagore+Hospital-Hospital/nct-11109123", waiting until "domcontentloaded"
 (attempt 2/2)
[2026-07-27 21:30:43] INFO | Phase 1 [749/1083]: Aman Hospital
[2026-07-27 21:30:51] WARNING |   Nav error: Page.goto: net::ERR_HTTP2_PROTOCOL_ERROR at https://www.justdial.com/All-Cities/Aman+Hospital-Hospital/nct-11109123
Call log:
  - navigating to "https://www.justdial.com/All-Cities/Aman+Hospital-Hospital/nct-11109123", waiting until "domcontentloaded"
 (attempt 1/2)
[2026-07-27 21:30:54] WARNING |   Nav error: Page.goto: net::ERR_HTTP2_PROTOCOL_ERROR at https://www.justdial.com/All-Cities/Aman+Hospital-Hospital/nct-11109123
Call log:
  - navigating to "https://www.justdial.com/All-Cities/Aman+Hospital-Hospital/nct-11109123", waiting until "domcontentloaded"
 (attempt 2/2)
[2026-07-27 21:30:57] INFO | Phase 1 [750/1083]: Arjun Hospital
[2026-07-27 21:31:07] WARNING |   Nav error: Page.goto: net::ERR_HTTP2_PROTOCOL_ERROR at https://www.justdial.com/All-Cities/Arjun+Hospital-Hospital/nct-11109123
Call log:
  - navigating to "https://www.justdial.com/All-Cities/Arjun+Hospital-Hospital/nct-11109123", waiting until "domcontentloaded"
 (attempt 1/2)
[2026-07-27 21:31:09] WARNING |   Nav error: Page.goto: net::ERR_HTTP2_PROTOCOL_ERROR at https://www.justdial.com/All-Cities/Arjun+Hospital-Hospital/nct-11109123
Call log:
  - navigating to "https://www.justdial.com/All-Cities/Arjun+Hospital-Hospital/nct-11109123", waiting until "domcontentloaded"
 (attempt 2/2)
[2026-07-27 21:31:11] INFO | Phase 1 [751/1083]: MKW Hospital Plantation Drive
[2026-07-27 21:31:20] WARNING |   Nav error: Page.goto: net::ERR_HTTP2_PROTOCOL_ERROR at https://www.justdial.com/All-Cities/MKW+Hospital+Plantation+Drive-Hospital/nct-11109123
Call log:
  - navigating to "https://www.justdial.com/All-Cities/MKW+Hospital+Plantation+Drive-Hospital/nct-11109123", waiting until "domcontentloaded"
 (attempt 1/2)
[2026-07-27 21:31:22] WARNING |   Nav error: Page.goto: net::ERR_HTTP2_PROTOCOL_ERROR at https://www.justdial.com/All-Cities/MKW+Hospital+Plantation+Drive-Hospital/nct-11109123
Call log:
  - navigating to "https://www.justdial.com/All-Cities/MKW+Hospital+Plantation+Drive-Hospital/nct-11109123", waiting until "domcontentloaded"
 (attempt 2/2)
[2026-07-27 21:31:24] INFO | Phase 1 [752/1083]: RG Stone Urology & Laparoscopy Hospital
[2026-07-27 21:31:33] WARNING |   Nav error: Page.goto: net::ERR_HTTP2_PROTOCOL_ERROR at https://www.justdial.com/All-Cities/RG+Stone+Urology+%26+Laparoscopy+Hospital-Hospital/nct-11109123
Call log:
  - navigating to "https://www.justdial.com/All-Cities/RG+Stone+Urology+%26+Laparoscopy+Hospital-Hospital/nct-11109123", waiting until "domcontentloaded"
 (attempt 1/2)
[2026-07-27 21:31:35] WARNING |   Nav error: Page.goto: net::ERR_HTTP2_PROTOCOL_ERROR at https://www.justdial.com/All-Cities/RG+Stone+Urology+%26+Laparoscopy+Hospital-Hospital/nct-11109123
Call log:
  - navigating to "https://www.justdial.com/All-Cities/RG+Stone+Urology+%26+Laparoscopy+Hospital-Hospital/nct-11109123", waiting until "domcontentloaded"
 (attempt 2/2)
[2026-07-27 21:31:36] INFO | Phase 1 [753/1083]: Khukreja Hospital
[2026-07-27 21:31:46] WARNING |   Nav error: Page.goto: net::ERR_HTTP2_PROTOCOL_ERROR at https://www.justdial.com/All-Cities/Khukreja+Hospital-Hospital/nct-11109123
Call log:
  - navigating to "https://www.justdial.com/All-Cities/Khukreja+Hospital-Hospital/nct-11109123", waiting until "domcontentloaded"
 (attempt 1/2)
[2026-07-27 21:31:48] WARNING |   Nav error: Page.goto: net::ERR_HTTP2_PROTOCOL_ERROR at https://www.justdial.com/All-Cities/Khukreja+Hospital-Hospital/nct-11109123
Call log:
  - navigating to "https://www.justdial.com/All-Cities/Khukreja+Hospital-Hospital/nct-11109123", waiting until "domcontentloaded"
 (attempt 2/2)
[2026-07-27 21:31:50] INFO | Phase 1 [754/1083]: Anhant Clinic
[2026-07-27 21:31:59] WARNING |   Nav error: Page.goto: net::ERR_HTTP2_PROTOCOL_ERROR at https://www.justdial.com/All-Cities/Anhant+Clinic-Hospital/nct-11109123
Call log:
  - navigating to "https://www.justdial.com/All-Cities/Anhant+Clinic-Hospital/nct-11109123", waiting until "domcontentloaded"
 (attempt 1/2)
[2026-07-27 21:32:01] WARNING |   Nav error: Page.goto: net::ERR_HTTP2_PROTOCOL_ERROR at https://www.justdial.com/All-Cities/Anhant+Clinic-Hospital/nct-11109123
Call log:
  - navigating to "https://www.justdial.com/All-Cities/Anhant+Clinic-Hospital/nct-11109123", waiting until "domcontentloaded"
 (attempt 2/2)
[2026-07-27 21:32:02] INFO | Phase 1 [755/1083]: Gambhir Hospital
[2026-07-27 21:32:14] WARNING |   Nav error: Page.goto: net::ERR_HTTP2_PROTOCOL_ERROR at https://www.justdial.com/All-Cities/Gambhir+Hospital-Hospital/nct-11109123
Call log:
  - navigating to "https://www.justdial.com/All-Cities/Gambhir+Hospital-Hospital/nct-11109123", waiting until "domcontentloaded"
 (attempt 1/2)
[2026-07-27 21:32:16] WARNING |   Nav error: Page.goto: net::ERR_HTTP2_PROTOCOL_ERROR at https://www.justdial.com/All-Cities/Gambhir+Hospital-Hospital/nct-11109123
Call log:
  - navigating to "https://www.justdial.com/All-Cities/Gambhir+Hospital-Hospital/nct-11109123", waiting until "domcontentloaded"
 (attempt 2/2)
[2026-07-27 21:32:19] INFO | Phase 1 [756/1083]: Kukreja Hospital and Heart Centre
[2026-07-27 21:32:28] WARNING |   Nav error: Page.goto: net::ERR_HTTP2_PROTOCOL_ERROR at https://www.justdial.com/All-Cities/Kukreja+Hospital+and+Heart+Centre-Hospital/nct-11109123
Call log:
  - navigating to "https://www.justdial.com/All-Cities/Kukreja+Hospital+and+Heart+Centre-Hospital/nct-11109123", waiting until "domcontentloaded"
 (attempt 1/2)
[2026-07-27 21:32:31] WARNING |   Nav error: Page.goto: net::ERR_HTTP2_PROTOCOL_ERROR at https://www.justdial.com/All-Cities/Kukreja+Hospital+and+Heart+Centre-Hospital/nct-11109123
Call log:
  - navigating to "https://www.justdial.com/All-Cities/Kukreja+Hospital+and+Heart+Centre-Hospital/nct-11109123", waiting until "domcontentloaded"
 (attempt 2/2)
[2026-07-27 21:32:33] INFO | Phase 1 [757/1083]: Medical Center
[2026-07-27 21:32:43] WARNING |   Nav error: Page.goto: net::ERR_HTTP2_PROTOCOL_ERROR at https://www.justdial.com/All-Cities/Medical+Center-Hospital/nct-11109123
Call log:
  - navigating to "https://www.justdial.com/All-Cities/Medical+Center-Hospital/nct-11109123", waiting until "domcontentloaded"
 (attempt 1/2)
[2026-07-27 21:32:45] WARNING |   Nav error: Page.goto: net::ERR_HTTP2_PROTOCOL_ERROR at https://www.justdial.com/All-Cities/Medical+Center-Hospital/nct-11109123
Call log:
  - navigating to "https://www.justdial.com/All-Cities/Medical+Center-Hospital/nct-11109123", waiting until "domcontentloaded"
 (attempt 2/2)
[2026-07-27 21:32:47] INFO | Phase 1 [758/1083]: Hospital
[2026-07-27 21:32:56] WARNING |   Nav error: Page.goto: net::ERR_HTTP2_PROTOCOL_ERROR at https://www.justdial.com/All-Cities/Hospital-Hospital/nct-11109123
Call log:
  - navigating to "https://www.justdial.com/All-Cities/Hospital-Hospital/nct-11109123", waiting until "domcontentloaded"
 (attempt 1/2)
[2026-07-27 21:32:58] WARNING |   Nav error: Page.goto: net::ERR_HTTP2_PROTOCOL_ERROR at https://www.justdial.com/All-Cities/Hospital-Hospital/nct-11109123
Call log:
  - navigating to "https://www.justdial.com/All-Cities/Hospital-Hospital/nct-11109123", waiting until "domcontentloaded"
 (attempt 2/2)
[2026-07-27 21:33:00] INFO | Phase 1 [759/1083]: Hospital
[2026-07-27 21:33:09] WARNING |   Nav error: Page.goto: net::ERR_HTTP2_PROTOCOL_ERROR at https://www.justdial.com/All-Cities/Hospital-Hospital/nct-11109123
Call log:
  - navigating to "https://www.justdial.com/All-Cities/Hospital-Hospital/nct-11109123", waiting until "domcontentloaded"
 (attempt 1/2)
[2026-07-27 21:33:11] WARNING |   Nav error: Page.goto: net::ERR_HTTP2_PROTOCOL_ERROR at https://www.justdial.com/All-Cities/Hospital-Hospital/nct-11109123
Call log:
  - navigating to "https://www.justdial.com/All-Cities/Hospital-Hospital/nct-11109123", waiting until "domcontentloaded"
 (attempt 2/2)
[2026-07-27 21:33:13] INFO | Phase 1 [760/1083]: Medical Center
[2026-07-27 21:33:23] WARNING |   Nav error: Page.goto: net::ERR_HTTP2_PROTOCOL_ERROR at https://www.justdial.com/All-Cities/Medical+Center-Hospital/nct-11109123
Call log:
  - navigating to "https://www.justdial.com/All-Cities/Medical+Center-Hospital/nct-11109123", waiting until "domcontentloaded"
 (attempt 1/2)
[2026-07-27 21:33:25] WARNING |   Nav error: Page.goto: net::ERR_HTTP2_PROTOCOL_ERROR at https://www.justdial.com/All-Cities/Medical+Center-Hospital/nct-11109123
Call log:
  - navigating to "https://www.justdial.com/All-Cities/Medical+Center-Hospital/nct-11109123", waiting until "domcontentloaded"
 (attempt 2/2)
[2026-07-27 21:33:27] INFO | Phase 1 [761/1083]: Hospital
[2026-07-27 21:33:37] WARNING |   Nav error: Page.goto: net::ERR_HTTP2_PROTOCOL_ERROR at https://www.justdial.com/All-Cities/Hospital-Hospital/nct-11109123
Call log:
  - navigating to "https://www.justdial.com/All-Cities/Hospital-Hospital/nct-11109123", waiting until "domcontentloaded"
 (attempt 1/2)
[2026-07-27 21:33:39] WARNING |   Nav error: Page.goto: net::ERR_HTTP2_PROTOCOL_ERROR at https://www.justdial.com/All-Cities/Hospital-Hospital/nct-11109123
Call log:
  - navigating to "https://www.justdial.com/All-Cities/Hospital-Hospital/nct-11109123", waiting until "domcontentloaded"
 (attempt 2/2)
[2026-07-27 21:33:42] INFO | Phase 1 [762/1083]: Hospital
[2026-07-27 21:33:52] WARNING |   Nav error: Page.goto: net::ERR_HTTP2_PROTOCOL_ERROR at https://www.justdial.com/All-Cities/Hospital-Hospital/nct-11109123
Call log:
  - navigating to "https://www.justdial.com/All-Cities/Hospital-Hospital/nct-11109123", waiting until "domcontentloaded"
 (attempt 1/2)
[2026-07-27 21:33:54] WARNING |   Nav error: Page.goto: net::ERR_HTTP2_PROTOCOL_ERROR at https://www.justdial.com/All-Cities/Hospital-Hospital/nct-11109123
Call log:
  - navigating to "https://www.justdial.com/All-Cities/Hospital-Hospital/nct-11109123", waiting until "domcontentloaded"
 (attempt 2/2)
[2026-07-27 21:33:56] INFO | Phase 1 [763/1083]: Hospital
[2026-07-27 21:34:06] WARNING |   Nav error: Page.goto: net::ERR_HTTP2_PROTOCOL_ERROR at https://www.justdial.com/All-Cities/Hospital-Hospital/nct-11109123
Call log:
  - navigating to "https://www.justdial.com/All-Cities/Hospital-Hospital/nct-11109123", waiting until "domcontentloaded"
 (attempt 1/2)
[2026-07-27 21:34:08] WARNING |   Nav error: Page.goto: net::ERR_HTTP2_PROTOCOL_ERROR at https://www.justdial.com/All-Cities/Hospital-Hospital/nct-11109123
Call log:
  - navigating to "https://www.justdial.com/All-Cities/Hospital-Hospital/nct-11109123", waiting until "domcontentloaded"
 (attempt 2/2)
[2026-07-27 21:34:10] INFO | Phase 1 [764/1083]: Hospital
[2026-07-27 21:34:19] WARNING |   Nav error: Page.goto: net::ERR_HTTP2_PROTOCOL_ERROR at https://www.justdial.com/All-Cities/Hospital-Hospital/nct-11109123
Call log:
  - navigating to "https://www.justdial.com/All-Cities/Hospital-Hospital/nct-11109123", waiting until "domcontentloaded"
 (attempt 1/2)
[2026-07-27 21:34:21] WARNING |   Nav error: Page.goto: net::ERR_HTTP2_PROTOCOL_ERROR at https://www.justdial.com/All-Cities/Hospital-Hospital/nct-11109123
Call log:
  - navigating to "https://www.justdial.com/All-Cities/Hospital-Hospital/nct-11109123", waiting until "domcontentloaded"
 (attempt 2/2)
[2026-07-27 21:34:22] INFO | Phase 1 [765/1083]: Hospital
[2026-07-27 21:34:32] WARNING |   Nav error: Page.goto: net::ERR_HTTP2_PROTOCOL_ERROR at https://www.justdial.com/All-Cities/Hospital-Hospital/nct-11109123
Call log:
  - navigating to "https://www.justdial.com/All-Cities/Hospital-Hospital/nct-11109123", waiting until "domcontentloaded"
 (attempt 1/2)
[2026-07-27 21:34:34] WARNING |   Nav error: Page.goto: net::ERR_HTTP2_PROTOCOL_ERROR at https://www.justdial.com/All-Cities/Hospital-Hospital/nct-11109123
Call log:
  - navigating to "https://www.justdial.com/All-Cities/Hospital-Hospital/nct-11109123", waiting until "domcontentloaded"
 (attempt 2/2)
[2026-07-27 21:34:36] INFO | Phase 1 [766/1083]: Hospital
[2026-07-27 21:34:46] WARNING |   Nav error: Page.goto: net::ERR_HTTP2_PROTOCOL_ERROR at https://www.justdial.com/All-Cities/Hospital-Hospital/nct-11109123
Call log:
  - navigating to "https://www.justdial.com/All-Cities/Hospital-Hospital/nct-11109123", waiting until "domcontentloaded"
 (attempt 1/2)
[2026-07-27 21:34:48] WARNING |   Nav error: Page.goto: net::ERR_HTTP2_PROTOCOL_ERROR at https://www.justdial.com/All-Cities/Hospital-Hospital/nct-11109123
Call log:
  - navigating to "https://www.justdial.com/All-Cities/Hospital-Hospital/nct-11109123", waiting until "domcontentloaded"
 (attempt 2/2)
[2026-07-27 21:34:51] INFO | Phase 1 [767/1083]: LiC
[2026-07-27 21:35:01] WARNING |   Nav error: Page.goto: net::ERR_HTTP2_PROTOCOL_ERROR at https://www.justdial.com/All-Cities/LiC-Hospital/nct-11109123
Call log:
  - navigating to "https://www.justdial.com/All-Cities/LiC-Hospital/nct-11109123", waiting until "domcontentloaded"
 (attempt 1/2)
[2026-07-27 21:35:03] WARNING |   Nav error: Page.goto: net::ERR_HTTP2_PROTOCOL_ERROR at https://www.justdial.com/All-Cities/LiC-Hospital/nct-11109123
Call log:
  - navigating to "https://www.justdial.com/All-Cities/LiC-Hospital/nct-11109123", waiting until "domcontentloaded"
 (attempt 2/2)
[2026-07-27 21:35:05] INFO | Phase 1 [768/1083]: Sunrise Hospital
[2026-07-27 21:35:14] WARNING |   Nav error: Page.goto: net::ERR_HTTP2_PROTOCOL_ERROR at https://www.justdial.com/All-Cities/Sunrise+Hospital-Hospital/nct-11109123
Call log:
  - navigating to "https://www.justdial.com/All-Cities/Sunrise+Hospital-Hospital/nct-11109123", waiting until "domcontentloaded"
 (attempt 1/2)
[2026-07-27 21:35:16] WARNING |   Nav error: Page.goto: net::ERR_HTTP2_PROTOCOL_ERROR at https://www.justdial.com/All-Cities/Sunrise+Hospital-Hospital/nct-11109123
Call log:
  - navigating to "https://www.justdial.com/All-Cities/Sunrise+Hospital-Hospital/nct-11109123", waiting until "domcontentloaded"
 (attempt 2/2)
[2026-07-27 21:35:18] INFO | Phase 1 [769/1083]: RASHAD HOSPITAL
[2026-07-27 21:35:27] WARNING |   Nav error: Page.goto: net::ERR_HTTP2_PROTOCOL_ERROR at https://www.justdial.com/All-Cities/RASHAD+HOSPITAL-Hospital/nct-11109123
Call log:
  - navigating to "https://www.justdial.com/All-Cities/RASHAD+HOSPITAL-Hospital/nct-11109123", waiting until "domcontentloaded"
 (attempt 1/2)
[2026-07-27 21:35:30] WARNING |   Nav error: Page.goto: net::ERR_HTTP2_PROTOCOL_ERROR at https://www.justdial.com/All-Cities/RASHAD+HOSPITAL-Hospital/nct-11109123
Call log:
  - navigating to "https://www.justdial.com/All-Cities/RASHAD+HOSPITAL-Hospital/nct-11109123", waiting until "domcontentloaded"
 (attempt 2/2)
[2026-07-27 21:35:32] INFO | Phase 1 [770/1083]: Iqbal Faizy Hospital
[2026-07-27 21:35:41] WARNING |   Nav error: Page.goto: net::ERR_HTTP2_PROTOCOL_ERROR at https://www.justdial.com/All-Cities/Iqbal+Faizy+Hospital-Hospital/nct-11109123
Call log:
  - navigating to "https://www.justdial.com/All-Cities/Iqbal+Faizy+Hospital-Hospital/nct-11109123", waiting until "domcontentloaded"
 (attempt 1/2)
[2026-07-27 21:35:43] WARNING |   Nav error: Page.goto: net::ERR_HTTP2_PROTOCOL_ERROR at https://www.justdial.com/All-Cities/Iqbal+Faizy+Hospital-Hospital/nct-11109123
Call log:
  - navigating to "https://www.justdial.com/All-Cities/Iqbal+Faizy+Hospital-Hospital/nct-11109123", waiting until "domcontentloaded"
 (attempt 2/2)
[2026-07-27 21:35:45] INFO | Phase 1 [771/1083]: Shagufta Khalid Maternity & General Hospital
[2026-07-27 21:35:54] WARNING |   Nav error: Page.goto: net::ERR_HTTP2_PROTOCOL_ERROR at https://www.justdial.com/All-Cities/Shagufta+Khalid+Maternity+%26+General+Hospital-Hospital/nct-11109123
Call log:
  - navigating to "https://www.justdial.com/All-Cities/Shagufta+Khalid+Maternity+%26+General+Hospital-Hospital/nct-11109123", waiting until "domcontentloaded"
 (attempt 1/2)
[2026-07-27 21:35:56] WARNING |   Nav error: Page.goto: net::ERR_HTTP2_PROTOCOL_ERROR at https://www.justdial.com/All-Cities/Shagufta+Khalid+Maternity+%26+General+Hospital-Hospital/nct-11109123
Call log:
  - navigating to "https://www.justdial.com/All-Cities/Shagufta+Khalid+Maternity+%26+General+Hospital-Hospital/nct-11109123", waiting until "domcontentloaded"
 (attempt 2/2)
[2026-07-27 21:35:57] INFO | Phase 1 [772/1083]: City Hospital Thokar No.6 Shaheen Bagh
[2026-07-27 21:36:07] WARNING |   Nav error: Page.goto: net::ERR_HTTP2_PROTOCOL_ERROR at https://www.justdial.com/All-Cities/City+Hospital+Thokar+No.6+Shaheen+Bagh-Hospital/nct-11109123
Call log:
  - navigating to "https://www.justdial.com/All-Cities/City+Hospital+Thokar+No.6+Shaheen+Bagh-Hospital/nct-11109123", waiting until "domcontentloaded"
 (attempt 1/2)
[2026-07-27 21:36:10] WARNING |   Nav error: Page.goto: net::ERR_HTTP2_PROTOCOL_ERROR at https://www.justdial.com/All-Cities/City+Hospital+Thokar+No.6+Shaheen+Bagh-Hospital/nct-11109123
Call log:
  - navigating to "https://www.justdial.com/All-Cities/City+Hospital+Thokar+No.6+Shaheen+Bagh-Hospital/nct-11109123", waiting until "domcontentloaded"
 (attempt 2/2)
[2026-07-27 21:36:13] INFO | Phase 1 [773/1083]: Sunrise Hospital - Shaheen Bagh
[2026-07-27 21:36:21] WARNING |   Nav error: Page.goto: net::ERR_HTTP2_PROTOCOL_ERROR at https://www.justdial.com/All-Cities/Sunrise+Hospital+-+Shaheen+Bagh-Hospital/nct-11109123
Call log:
  - navigating to "https://www.justdial.com/All-Cities/Sunrise+Hospital+-+Shaheen+Bagh-Hospital/nct-11109123", waiting until "domcontentloaded"
 (attempt 1/2)
[2026-07-27 21:36:24] WARNING |   Nav error: Page.goto: net::ERR_HTTP2_PROTOCOL_ERROR at https://www.justdial.com/All-Cities/Sunrise+Hospital+-+Shaheen+Bagh-Hospital/nct-11109123
Call log:
  - navigating to "https://www.justdial.com/All-Cities/Sunrise+Hospital+-+Shaheen+Bagh-Hospital/nct-11109123", waiting until "domcontentloaded"
 (attempt 2/2)
[2026-07-27 21:36:26] INFO | Phase 1 [774/1083]: Kalindi Hospital
[2026-07-27 21:36:34] WARNING |   Nav error: Page.goto: net::ERR_HTTP2_PROTOCOL_ERROR at https://www.justdial.com/All-Cities/Kalindi+Hospital-Hospital/nct-11109123
Call log:
  - navigating to "https://www.justdial.com/All-Cities/Kalindi+Hospital-Hospital/nct-11109123", waiting until "domcontentloaded"
 (attempt 1/2)
[2026-07-27 21:36:37] WARNING |   Nav error: Page.goto: net::ERR_HTTP2_PROTOCOL_ERROR at https://www.justdial.com/All-Cities/Kalindi+Hospital-Hospital/nct-11109123
Call log:
  - navigating to "https://www.justdial.com/All-Cities/Kalindi+Hospital-Hospital/nct-11109123", waiting until "domcontentloaded"
 (attempt 2/2)
[2026-07-27 21:36:38] INFO | Phase 1 [775/1083]: Dr. Mita Verma Clinic ( Best Gynecologist- Obstetrician Laproscopic Surgeon)
[2026-07-27 21:36:48] WARNING |   Nav error: Page.goto: net::ERR_HTTP2_PROTOCOL_ERROR at https://www.justdial.com/All-Cities/Dr.+Mita+Verma+Clinic+%28+Best+Gynecologist-+Obstetrician+Laproscopic+Surgeon%29-Hospital/nct-11109123
Call log:
  - navigating to "https://www.justdial.com/All-Cities/Dr.+Mita+Verma+Clinic+%28+Best+Gynecologist-+Obstetrician+Laproscopic+Surgeon%29-Hospital/nct-11109123", waiting until "domcontentloaded"
 (attempt 1/2)
[2026-07-27 21:36:50] WARNING |   Nav error: Page.goto: net::ERR_HTTP2_PROTOCOL_ERROR at https://www.justdial.com/All-Cities/Dr.+Mita+Verma+Clinic+%28+Best+Gynecologist-+Obstetrician+Laproscopic+Surgeon%29-Hospital/nct-11109123
Call log:
  - navigating to "https://www.justdial.com/All-Cities/Dr.+Mita+Verma+Clinic+%28+Best+Gynecologist-+Obstetrician+Laproscopic+Surgeon%29-Hospital/nct-11109123", waiting until "domcontentloaded"
 (attempt 2/2)
[2026-07-27 21:36:51] INFO | Phase 1 [776/1083]: The Heart Centre
[2026-07-27 21:37:01] WARNING |   Nav error: Page.goto: net::ERR_HTTP2_PROTOCOL_ERROR at https://www.justdial.com/All-Cities/The+Heart+Centre-Hospital/nct-11109123
Call log:
  - navigating to "https://www.justdial.com/All-Cities/The+Heart+Centre-Hospital/nct-11109123", waiting until "domcontentloaded"
 (attempt 1/2)
[2026-07-27 21:37:03] WARNING |   Nav error: Page.goto: net::ERR_HTTP2_PROTOCOL_ERROR at https://www.justdial.com/All-Cities/The+Heart+Centre-Hospital/nct-11109123
Call log:
  - navigating to "https://www.justdial.com/All-Cities/The+Heart+Centre-Hospital/nct-11109123", waiting until "domcontentloaded"
 (attempt 2/2)
[2026-07-27 21:37:05] INFO | Phase 1 [777/1083]: PUG49 Rampul Lajpat nagsr Delh(i.Unipath Diagnos)tics
[2026-07-27 21:37:14] WARNING |   Nav error: Page.goto: net::ERR_HTTP2_PROTOCOL_ERROR at https://www.justdial.com/All-Cities/PUG49+Rampul+Lajpat+nagsr+Delh%28i.Unipath+Diagnos%29tics-Hospital/nct-11109123
Call log:
  - navigating to "https://www.justdial.com/All-Cities/PUG49+Rampul+Lajpat+nagsr+Delh%28i.Unipath+Diagnos%29tics-Hospital/nct-11109123", waiting until "domcontentloaded"
 (attempt 1/2)
[2026-07-27 21:37:16] WARNING |   Nav error: Page.goto: net::ERR_HTTP2_PROTOCOL_ERROR at https://www.justdial.com/All-Cities/PUG49+Rampul+Lajpat+nagsr+Delh%28i.Unipath+Diagnos%29tics-Hospital/nct-11109123
Call log:
  - navigating to "https://www.justdial.com/All-Cities/PUG49+Rampul+Lajpat+nagsr+Delh%28i.Unipath+Diagnos%29tics-Hospital/nct-11109123", waiting until "domcontentloaded"
 (attempt 2/2)
[2026-07-27 21:37:18] INFO | Phase 1 [778/1083]: ELANTIS HEALTHCARE
[2026-07-27 21:37:27] WARNING |   Nav error: Page.goto: net::ERR_HTTP2_PROTOCOL_ERROR at https://www.justdial.com/All-Cities/ELANTIS+HEALTHCARE-Hospital/nct-11109123
Call log:
  - navigating to "https://www.justdial.com/All-Cities/ELANTIS+HEALTHCARE-Hospital/nct-11109123", waiting until "domcontentloaded"
 (attempt 1/2)
[2026-07-27 21:37:29] WARNING |   Nav error: Page.goto: net::ERR_HTTP2_PROTOCOL_ERROR at https://www.justdial.com/All-Cities/ELANTIS+HEALTHCARE-Hospital/nct-11109123
Call log:
  - navigating to "https://www.justdial.com/All-Cities/ELANTIS+HEALTHCARE-Hospital/nct-11109123", waiting until "domcontentloaded"
 (attempt 2/2)
[2026-07-27 21:37:32] INFO | Phase 1 [779/1083]: rudram gurgaon sector 52
[2026-07-27 21:37:41] WARNING |   Nav error: Page.goto: net::ERR_HTTP2_PROTOCOL_ERROR at https://www.justdial.com/All-Cities/rudram+gurgaon+sector+52-Hospital/nct-11109123
Call log:
  - navigating to "https://www.justdial.com/All-Cities/rudram+gurgaon+sector+52-Hospital/nct-11109123", waiting until "domcontentloaded"
 (attempt 1/2)
[2026-07-27 21:37:43] WARNING |   Nav error: Page.goto: net::ERR_HTTP2_PROTOCOL_ERROR at https://www.justdial.com/All-Cities/rudram+gurgaon+sector+52-Hospital/nct-11109123
Call log:
  - navigating to "https://www.justdial.com/All-Cities/rudram+gurgaon+sector+52-Hospital/nct-11109123", waiting until "domcontentloaded"
 (attempt 2/2)
[2026-07-27 21:37:45] INFO | Phase 1 [780/1083]: Neelkanth hospital
[2026-07-27 21:37:54] WARNING |   Nav error: Page.goto: net::ERR_HTTP2_PROTOCOL_ERROR at https://www.justdial.com/All-Cities/Neelkanth+hospital-Hospital/nct-11109123
Call log:
  - navigating to "https://www.justdial.com/All-Cities/Neelkanth+hospital-Hospital/nct-11109123", waiting until "domcontentloaded"
 (attempt 1/2)
[2026-07-27 21:37:56] WARNING |   Nav error: Page.goto: net::ERR_HTTP2_PROTOCOL_ERROR at https://www.justdial.com/All-Cities/Neelkanth+hospital-Hospital/nct-11109123
Call log:
  - navigating to "https://www.justdial.com/All-Cities/Neelkanth+hospital-Hospital/nct-11109123", waiting until "domcontentloaded"
 (attempt 2/2)
[2026-07-27 21:37:58] INFO | Phase 1 [781/1083]: Devarshi Hospital
[2026-07-27 21:38:07] WARNING |   Nav error: Page.goto: net::ERR_HTTP2_PROTOCOL_ERROR at https://www.justdial.com/All-Cities/Devarshi+Hospital-Hospital/nct-11109123
Call log:
  - navigating to "https://www.justdial.com/All-Cities/Devarshi+Hospital-Hospital/nct-11109123", waiting until "domcontentloaded"
 (attempt 1/2)
[2026-07-27 21:38:09] WARNING |   Nav error: Page.goto: net::ERR_HTTP2_PROTOCOL_ERROR at https://www.justdial.com/All-Cities/Devarshi+Hospital-Hospital/nct-11109123
Call log:
  - navigating to "https://www.justdial.com/All-Cities/Devarshi+Hospital-Hospital/nct-11109123", waiting until "domcontentloaded"
 (attempt 2/2)
[2026-07-27 21:38:11] INFO | Phase 1 [782/1083]: Manipal Clinic Lajpat Nagar
[2026-07-27 21:38:22] WARNING |   Nav error: Page.goto: net::ERR_HTTP2_PROTOCOL_ERROR at https://www.justdial.com/All-Cities/Manipal+Clinic+Lajpat+Nagar-Hospital/nct-11109123
Call log:
  - navigating to "https://www.justdial.com/All-Cities/Manipal+Clinic+Lajpat+Nagar-Hospital/nct-11109123", waiting until "domcontentloaded"
 (attempt 1/2)
[2026-07-27 21:38:24] WARNING |   Nav error: Page.goto: net::ERR_HTTP2_PROTOCOL_ERROR at https://www.justdial.com/All-Cities/Manipal+Clinic+Lajpat+Nagar-Hospital/nct-11109123
Call log:
  - navigating to "https://www.justdial.com/All-Cities/Manipal+Clinic+Lajpat+Nagar-Hospital/nct-11109123", waiting until "domcontentloaded"
 (attempt 2/2)
[2026-07-27 21:38:26] INFO | Phase 1 [783/1083]: Gupta Jee Medical & Departmental Store
[2026-07-27 21:38:35] WARNING |   Nav error: Page.goto: net::ERR_HTTP2_PROTOCOL_ERROR at https://www.justdial.com/All-Cities/Gupta+Jee+Medical+%26+Departmental+Store-Hospital/nct-11109123
Call log:
  - navigating to "https://www.justdial.com/All-Cities/Gupta+Jee+Medical+%26+Departmental+Store-Hospital/nct-11109123", waiting until "domcontentloaded"
 (attempt 1/2)
[2026-07-27 21:38:37] WARNING |   Nav error: Page.goto: net::ERR_HTTP2_PROTOCOL_ERROR at https://www.justdial.com/All-Cities/Gupta+Jee+Medical+%26+Departmental+Store-Hospital/nct-11109123
Call log:
  - navigating to "https://www.justdial.com/All-Cities/Gupta+Jee+Medical+%26+Departmental+Store-Hospital/nct-11109123", waiting until "domcontentloaded"
 (attempt 2/2)
[2026-07-27 21:38:39] INFO | Phase 1 [784/1083]: Satyam Medical Centre
[2026-07-27 21:38:48] WARNING |   Nav error: Page.goto: net::ERR_HTTP2_PROTOCOL_ERROR at https://www.justdial.com/All-Cities/Satyam+Medical+Centre-Hospital/nct-11109123
Call log:
  - navigating to "https://www.justdial.com/All-Cities/Satyam+Medical+Centre-Hospital/nct-11109123", waiting until "domcontentloaded"
 (attempt 1/2)
[2026-07-27 21:38:50] WARNING |   Nav error: Page.goto: net::ERR_HTTP2_PROTOCOL_ERROR at https://www.justdial.com/All-Cities/Satyam+Medical+Centre-Hospital/nct-11109123
Call log:
  - navigating to "https://www.justdial.com/All-Cities/Satyam+Medical+Centre-Hospital/nct-11109123", waiting until "domcontentloaded"
 (attempt 2/2)
[2026-07-27 21:38:53] INFO | Phase 1 [785/1083]: PARMESHWARI DEVI HOSPITAL
[2026-07-27 21:39:02] WARNING |   Nav error: Page.goto: net::ERR_HTTP2_PROTOCOL_ERROR at https://www.justdial.com/All-Cities/PARMESHWARI+DEVI+HOSPITAL-Hospital/nct-11109123
Call log:
  - navigating to "https://www.justdial.com/All-Cities/PARMESHWARI+DEVI+HOSPITAL-Hospital/nct-11109123", waiting until "domcontentloaded"
 (attempt 1/2)
[2026-07-27 21:39:05] WARNING |   Nav error: Page.goto: net::ERR_HTTP2_PROTOCOL_ERROR at https://www.justdial.com/All-Cities/PARMESHWARI+DEVI+HOSPITAL-Hospital/nct-11109123
Call log:
  - navigating to "https://www.justdial.com/All-Cities/PARMESHWARI+DEVI+HOSPITAL-Hospital/nct-11109123", waiting until "domcontentloaded"
 (attempt 2/2)
[2026-07-27 21:39:07] INFO | Phase 1 [786/1083]: Best Urologist in India
[2026-07-27 21:39:17] WARNING |   Nav error: Page.goto: net::ERR_HTTP2_PROTOCOL_ERROR at https://www.justdial.com/All-Cities/Best+Urologist+in+India-Hospital/nct-11109123
Call log:
  - navigating to "https://www.justdial.com/All-Cities/Best+Urologist+in+India-Hospital/nct-11109123", waiting until "domcontentloaded"
 (attempt 1/2)
[2026-07-27 21:39:19] WARNING |   Nav error: Page.goto: net::ERR_HTTP2_PROTOCOL_ERROR at https://www.justdial.com/All-Cities/Best+Urologist+in+India-Hospital/nct-11109123
Call log:
  - navigating to "https://www.justdial.com/All-Cities/Best+Urologist+in+India-Hospital/nct-11109123", waiting until "domcontentloaded"
 (attempt 2/2)
[2026-07-27 21:39:21] INFO | Phase 1 [787/1083]: Delhi Govt Dispensary
[2026-07-27 21:39:30] WARNING |   Nav error: Page.goto: net::ERR_HTTP2_PROTOCOL_ERROR at https://www.justdial.com/All-Cities/Delhi+Govt+Dispensary-Hospital/nct-11109123
Call log:
  - navigating to "https://www.justdial.com/All-Cities/Delhi+Govt+Dispensary-Hospital/nct-11109123", waiting until "domcontentloaded"
 (attempt 1/2)
[2026-07-27 21:39:32] WARNING |   Nav error: Page.goto: net::ERR_HTTP2_PROTOCOL_ERROR at https://www.justdial.com/All-Cities/Delhi+Govt+Dispensary-Hospital/nct-11109123
Call log:
  - navigating to "https://www.justdial.com/All-Cities/Delhi+Govt+Dispensary-Hospital/nct-11109123", waiting until "domcontentloaded"
 (attempt 2/2)
[2026-07-27 21:39:34] INFO | Phase 1 [788/1083]: Dr R.k Goyal
[2026-07-27 21:39:43] WARNING |   Nav error: Page.goto: net::ERR_HTTP2_PROTOCOL_ERROR at https://www.justdial.com/All-Cities/Dr+R.k+Goyal-Hospital/nct-11109123
Call log:
  - navigating to "https://www.justdial.com/All-Cities/Dr+R.k+Goyal-Hospital/nct-11109123", waiting until "domcontentloaded"
 (attempt 1/2)
[2026-07-27 21:39:45] WARNING |   Nav error: Page.goto: net::ERR_HTTP2_PROTOCOL_ERROR at https://www.justdial.com/All-Cities/Dr+R.k+Goyal-Hospital/nct-11109123
Call log:
  - navigating to "https://www.justdial.com/All-Cities/Dr+R.k+Goyal-Hospital/nct-11109123", waiting until "domcontentloaded"
 (attempt 2/2)
[2026-07-27 21:39:47] INFO | Phase 1 [789/1083]: CGHS Dispensery
[2026-07-27 21:39:56] WARNING |   Nav error: Page.goto: net::ERR_HTTP2_PROTOCOL_ERROR at https://www.justdial.com/All-Cities/CGHS+Dispensery-Hospital/nct-11109123
Call log:
  - navigating to "https://www.justdial.com/All-Cities/CGHS+Dispensery-Hospital/nct-11109123", waiting until "domcontentloaded"
 (attempt 1/2)
[2026-07-27 21:39:58] WARNING |   Nav error: Page.goto: net::ERR_HTTP2_PROTOCOL_ERROR at https://www.justdial.com/All-Cities/CGHS+Dispensery-Hospital/nct-11109123
Call log:
  - navigating to "https://www.justdial.com/All-Cities/CGHS+Dispensery-Hospital/nct-11109123", waiting until "domcontentloaded"
 (attempt 2/2)
[2026-07-27 21:40:00] INFO | Phase 1 [790/1083]: Mohinder Hospital
[2026-07-27 21:40:10] WARNING |   Nav error: Page.goto: net::ERR_HTTP2_PROTOCOL_ERROR at https://www.justdial.com/All-Cities/Mohinder+Hospital-Hospital/nct-11109123
Call log:
  - navigating to "https://www.justdial.com/All-Cities/Mohinder+Hospital-Hospital/nct-11109123", waiting until "domcontentloaded"
 (attempt 1/2)
[2026-07-27 21:40:12] WARNING |   Nav error: Page.goto: net::ERR_HTTP2_PROTOCOL_ERROR at https://www.justdial.com/All-Cities/Mohinder+Hospital-Hospital/nct-11109123
Call log:
  - navigating to "https://www.justdial.com/All-Cities/Mohinder+Hospital-Hospital/nct-11109123", waiting until "domcontentloaded"
 (attempt 2/2)
[2026-07-27 21:40:15] INFO | Phase 1 [791/1083]: AH R & R OPD Complex
[2026-07-27 21:40:25] WARNING |   Nav error: Page.goto: net::ERR_HTTP2_PROTOCOL_ERROR at https://www.justdial.com/All-Cities/AH+R+%26+R+OPD+Complex-Hospital/nct-11109123
Call log:
  - navigating to "https://www.justdial.com/All-Cities/AH+R+%26+R+OPD+Complex-Hospital/nct-11109123", waiting until "domcontentloaded"
 (attempt 1/2)
[2026-07-27 21:40:27] WARNING |   Nav error: Page.goto: net::ERR_HTTP2_PROTOCOL_ERROR at https://www.justdial.com/All-Cities/AH+R+%26+R+OPD+Complex-Hospital/nct-11109123
Call log:
  - navigating to "https://www.justdial.com/All-Cities/AH+R+%26+R+OPD+Complex-Hospital/nct-11109123", waiting until "domcontentloaded"
 (attempt 2/2)
[2026-07-27 21:40:29] INFO | Phase 1 [792/1083]: Best Heart Hospital in India
[2026-07-27 21:40:38] WARNING |   Nav error: Page.goto: net::ERR_HTTP2_PROTOCOL_ERROR at https://www.justdial.com/All-Cities/Best+Heart+Hospital+in+India-Hospital/nct-11109123
Call log:
  - navigating to "https://www.justdial.com/All-Cities/Best+Heart+Hospital+in+India-Hospital/nct-11109123", waiting until "domcontentloaded"
 (attempt 1/2)
[2026-07-27 21:40:41] WARNING |   Nav error: Page.goto: net::ERR_HTTP2_PROTOCOL_ERROR at https://www.justdial.com/All-Cities/Best+Heart+Hospital+in+India-Hospital/nct-11109123
Call log:
  - navigating to "https://www.justdial.com/All-Cities/Best+Heart+Hospital+in+India-Hospital/nct-11109123", waiting until "domcontentloaded"
 (attempt 2/2)
[2026-07-27 21:40:42] INFO | Phase 1 [793/1083]: DG Staff Camp CRPF
[2026-07-27 21:40:52] WARNING |   Nav error: Page.goto: net::ERR_HTTP2_PROTOCOL_ERROR at https://www.justdial.com/All-Cities/DG+Staff+Camp+CRPF-Hospital/nct-11109123
Call log:
  - navigating to "https://www.justdial.com/All-Cities/DG+Staff+Camp+CRPF-Hospital/nct-11109123", waiting until "domcontentloaded"
 (attempt 1/2)
[2026-07-27 21:40:54] WARNING |   Nav error: Page.goto: net::ERR_HTTP2_PROTOCOL_ERROR at https://www.justdial.com/All-Cities/DG+Staff+Camp+CRPF-Hospital/nct-11109123
Call log:
  - navigating to "https://www.justdial.com/All-Cities/DG+Staff+Camp+CRPF-Hospital/nct-11109123", waiting until "domcontentloaded"
 (attempt 2/2)
[2026-07-27 21:40:55] INFO | Phase 1 [794/1083]: ProCare Medical Center
[2026-07-27 21:41:06] WARNING |   Nav error: Page.goto: net::ERR_HTTP2_PROTOCOL_ERROR at https://www.justdial.com/All-Cities/ProCare+Medical+Center-Hospital/nct-11109123
Call log:
  - navigating to "https://www.justdial.com/All-Cities/ProCare+Medical+Center-Hospital/nct-11109123", waiting until "domcontentloaded"
 (attempt 1/2)
[2026-07-27 21:41:08] WARNING |   Nav error: Page.goto: net::ERR_HTTP2_PROTOCOL_ERROR at https://www.justdial.com/All-Cities/ProCare+Medical+Center-Hospital/nct-11109123
Call log:
  - navigating to "https://www.justdial.com/All-Cities/ProCare+Medical+Center-Hospital/nct-11109123", waiting until "domcontentloaded"
 (attempt 2/2)
[2026-07-27 21:41:09] INFO | Phase 1 [795/1083]: JNU Health Centre
[2026-07-27 21:41:19] WARNING |   Nav error: Page.goto: net::ERR_HTTP2_PROTOCOL_ERROR at https://www.justdial.com/All-Cities/JNU+Health+Centre-Hospital/nct-11109123
Call log:
  - navigating to "https://www.justdial.com/All-Cities/JNU+Health+Centre-Hospital/nct-11109123", waiting until "domcontentloaded"
 (attempt 1/2)
[2026-07-27 21:41:21] WARNING |   Nav error: Page.goto: net::ERR_HTTP2_PROTOCOL_ERROR at https://www.justdial.com/All-Cities/JNU+Health+Centre-Hospital/nct-11109123
Call log:
  - navigating to "https://www.justdial.com/All-Cities/JNU+Health+Centre-Hospital/nct-11109123", waiting until "domcontentloaded"
 (attempt 2/2)
[2026-07-27 21:41:23] INFO | Phase 1 [796/1083]: Bhagat Medicare Centre and Nursing Home
[2026-07-27 21:41:32] WARNING |   Nav error: Page.goto: net::ERR_HTTP2_PROTOCOL_ERROR at https://www.justdial.com/All-Cities/Bhagat+Medicare+Centre+and+Nursing+Home-Hospital/nct-11109123
Call log:
  - navigating to "https://www.justdial.com/All-Cities/Bhagat+Medicare+Centre+and+Nursing+Home-Hospital/nct-11109123", waiting until "domcontentloaded"
 (attempt 1/2)
[2026-07-27 21:41:34] WARNING |   Nav error: Page.goto: net::ERR_HTTP2_PROTOCOL_ERROR at https://www.justdial.com/All-Cities/Bhagat+Medicare+Centre+and+Nursing+Home-Hospital/nct-11109123
Call log:
  - navigating to "https://www.justdial.com/All-Cities/Bhagat+Medicare+Centre+and+Nursing+Home-Hospital/nct-11109123", waiting until "domcontentloaded"
 (attempt 2/2)
[2026-07-27 21:41:36] INFO | Phase 1 [797/1083]: SDMC Polyclinic Campus Munirka Vihar Next to MCD School Opposite Ganganath Sports Complex
[2026-07-27 21:41:45] WARNING |   Nav error: Page.goto: net::ERR_HTTP2_PROTOCOL_ERROR at https://www.justdial.com/All-Cities/SDMC+Polyclinic+Campus+Munirka+Vihar+Next+to+MCD+School+Opposite+Ganganath+Sports+Complex-Hospital/nct-11109123
Call log:
  - navigating to "https://www.justdial.com/All-Cities/SDMC+Polyclinic+Campus+Munirka+Vihar+Next+to+MCD+School+Opposite+Ganganath+Sports+Complex-Hospital/nct-11109123", waiting until "domcontentloaded"
 (attempt 1/2)
[2026-07-27 21:41:47] WARNING |   Nav error: Page.goto: net::ERR_HTTP2_PROTOCOL_ERROR at https://www.justdial.com/All-Cities/SDMC+Polyclinic+Campus+Munirka+Vihar+Next+to+MCD+School+Opposite+Ganganath+Sports+Complex-Hospital/nct-11109123
Call log:
  - navigating to "https://www.justdial.com/All-Cities/SDMC+Polyclinic+Campus+Munirka+Vihar+Next+to+MCD+School+Opposite+Ganganath+Sports+Complex-Hospital/nct-11109123", waiting until "domcontentloaded"
 (attempt 2/2)
[2026-07-27 21:41:51] INFO | Phase 1 [798/1083]: Sarthak Hospitals
[2026-07-27 21:42:01] WARNING |   Nav error: Page.goto: net::ERR_HTTP2_PROTOCOL_ERROR at https://www.justdial.com/All-Cities/Sarthak+Hospitals-Hospital/nct-11109123
Call log:
  - navigating to "https://www.justdial.com/All-Cities/Sarthak+Hospitals-Hospital/nct-11109123", waiting until "domcontentloaded"
 (attempt 1/2)
[2026-07-27 21:42:03] WARNING |   Nav error: Page.goto: net::ERR_HTTP2_PROTOCOL_ERROR at https://www.justdial.com/All-Cities/Sarthak+Hospitals-Hospital/nct-11109123
Call log:
  - navigating to "https://www.justdial.com/All-Cities/Sarthak+Hospitals-Hospital/nct-11109123", waiting until "domcontentloaded"
 (attempt 2/2)
[2026-07-27 21:42:05] INFO | Phase 1 [799/1083]: Medicals in India | Hospitals in India
[2026-07-27 21:42:14] WARNING |   Nav error: Page.goto: net::ERR_HTTP2_PROTOCOL_ERROR at https://www.justdial.com/All-Cities/Medicals+in+India+%7C+Hospitals+in+India-Hospital/nct-11109123
Call log:
  - navigating to "https://www.justdial.com/All-Cities/Medicals+in+India+%7C+Hospitals+in+India-Hospital/nct-11109123", waiting until "domcontentloaded"
 (attempt 1/2)
[2026-07-27 21:42:16] WARNING |   Nav error: Page.goto: net::ERR_HTTP2_PROTOCOL_ERROR at https://www.justdial.com/All-Cities/Medicals+in+India+%7C+Hospitals+in+India-Hospital/nct-11109123
Call log:
  - navigating to "https://www.justdial.com/All-Cities/Medicals+in+India+%7C+Hospitals+in+India-Hospital/nct-11109123", waiting until "domcontentloaded"
 (attempt 2/2)
[2026-07-27 21:42:18] INFO | Phase 1 [800/1083]: CGHS Wellness center
[2026-07-27 21:42:26] WARNING |   Nav error: Page.goto: net::ERR_HTTP2_PROTOCOL_ERROR at https://www.justdial.com/All-Cities/CGHS+Wellness+center-Hospital/nct-11109123
Call log:
  - navigating to "https://www.justdial.com/All-Cities/CGHS+Wellness+center-Hospital/nct-11109123", waiting until "domcontentloaded"
 (attempt 1/2)
[2026-07-27 21:42:29] WARNING |   Nav error: Page.goto: net::ERR_HTTP2_PROTOCOL_ERROR at https://www.justdial.com/All-Cities/CGHS+Wellness+center-Hospital/nct-11109123
Call log:
  - navigating to "https://www.justdial.com/All-Cities/CGHS+Wellness+center-Hospital/nct-11109123", waiting until "domcontentloaded"
 (attempt 2/2)
[2026-07-27 21:42:30] INFO | Phase 1 [801/1083]: Holy Angels Hospital
[2026-07-27 21:42:40] WARNING |   Nav error: Page.goto: net::ERR_HTTP2_PROTOCOL_ERROR at https://www.justdial.com/All-Cities/Holy+Angels+Hospital-Hospital/nct-11109123
Call log:
  - navigating to "https://www.justdial.com/All-Cities/Holy+Angels+Hospital-Hospital/nct-11109123", waiting until "domcontentloaded"
 (attempt 1/2)
[2026-07-27 21:42:42] WARNING |   Nav error: Page.goto: net::ERR_HTTP2_PROTOCOL_ERROR at https://www.justdial.com/All-Cities/Holy+Angels+Hospital-Hospital/nct-11109123
Call log:
  - navigating to "https://www.justdial.com/All-Cities/Holy+Angels+Hospital-Hospital/nct-11109123", waiting until "domcontentloaded"
 (attempt 2/2)
[2026-07-27 21:42:44] INFO | Phase 1 [802/1083]: CGHS Dispensary
[2026-07-27 21:42:54] WARNING |   Nav error: Page.goto: net::ERR_HTTP2_PROTOCOL_ERROR at https://www.justdial.com/All-Cities/CGHS+Dispensary-Hospital/nct-11109123
Call log:
  - navigating to "https://www.justdial.com/All-Cities/CGHS+Dispensary-Hospital/nct-11109123", waiting until "domcontentloaded"
 (attempt 1/2)
[2026-07-27 21:42:56] WARNING |   Nav error: Page.goto: net::ERR_HTTP2_PROTOCOL_ERROR at https://www.justdial.com/All-Cities/CGHS+Dispensary-Hospital/nct-11109123
Call log:
  - navigating to "https://www.justdial.com/All-Cities/CGHS+Dispensary-Hospital/nct-11109123", waiting until "domcontentloaded"
 (attempt 2/2)
[2026-07-27 21:42:57] INFO | Phase 1 [803/1083]: R K Medical Centre
[2026-07-27 21:43:07] WARNING |   Nav error: Page.goto: net::ERR_HTTP2_PROTOCOL_ERROR at https://www.justdial.com/All-Cities/R+K+Medical+Centre-Hospital/nct-11109123
Call log:
  - navigating to "https://www.justdial.com/All-Cities/R+K+Medical+Centre-Hospital/nct-11109123", waiting until "domcontentloaded"
 (attempt 1/2)
[2026-07-27 21:43:09] WARNING |   Nav error: Page.goto: net::ERR_HTTP2_PROTOCOL_ERROR at https://www.justdial.com/All-Cities/R+K+Medical+Centre-Hospital/nct-11109123
Call log:
  - navigating to "https://www.justdial.com/All-Cities/R+K+Medical+Centre-Hospital/nct-11109123", waiting until "domcontentloaded"
 (attempt 2/2)
[2026-07-27 21:43:12] INFO | Phase 1 [804/1083]: CGHS
[2026-07-27 21:43:22] WARNING |   Nav error: Page.goto: net::ERR_HTTP2_PROTOCOL_ERROR at https://www.justdial.com/All-Cities/CGHS-Hospital/nct-11109123
Call log:
  - navigating to "https://www.justdial.com/All-Cities/CGHS-Hospital/nct-11109123", waiting until "domcontentloaded"
 (attempt 1/2)
[2026-07-27 21:43:24] WARNING |   Nav error: Page.goto: net::ERR_HTTP2_PROTOCOL_ERROR at https://www.justdial.com/All-Cities/CGHS-Hospital/nct-11109123
Call log:
  - navigating to "https://www.justdial.com/All-Cities/CGHS-Hospital/nct-11109123", waiting until "domcontentloaded"
 (attempt 2/2)
[2026-07-27 21:43:26] INFO | Phase 1 [805/1083]: Nestiva Hospital Munirka
[2026-07-27 21:43:36] WARNING |   Nav error: Page.goto: net::ERR_HTTP2_PROTOCOL_ERROR at https://www.justdial.com/All-Cities/Nestiva+Hospital+Munirka-Hospital/nct-11109123
Call log:
  - navigating to "https://www.justdial.com/All-Cities/Nestiva+Hospital+Munirka-Hospital/nct-11109123", waiting until "domcontentloaded"
 (attempt 1/2)
[2026-07-27 21:43:38] WARNING |   Nav error: Page.goto: net::ERR_HTTP2_PROTOCOL_ERROR at https://www.justdial.com/All-Cities/Nestiva+Hospital+Munirka-Hospital/nct-11109123
Call log:
  - navigating to "https://www.justdial.com/All-Cities/Nestiva+Hospital+Munirka-Hospital/nct-11109123", waiting until "domcontentloaded"
 (attempt 2/2)
[2026-07-27 21:43:40] INFO | Phase 1 [806/1083]: C.G.H.S. Maternity & Gynae Hospital
[2026-07-27 21:43:49] WARNING |   Nav error: Page.goto: net::ERR_HTTP2_PROTOCOL_ERROR at https://www.justdial.com/All-Cities/C.G.H.S.+Maternity+%26+Gynae+Hospital-Hospital/nct-11109123
Call log:
  - navigating to "https://www.justdial.com/All-Cities/C.G.H.S.+Maternity+%26+Gynae+Hospital-Hospital/nct-11109123", waiting until "domcontentloaded"
 (attempt 1/2)
[2026-07-27 21:43:51] WARNING |   Nav error: Page.goto: net::ERR_HTTP2_PROTOCOL_ERROR at https://www.justdial.com/All-Cities/C.G.H.S.+Maternity+%26+Gynae+Hospital-Hospital/nct-11109123
Call log:
  - navigating to "https://www.justdial.com/All-Cities/C.G.H.S.+Maternity+%26+Gynae+Hospital-Hospital/nct-11109123", waiting until "domcontentloaded"
 (attempt 2/2)
[2026-07-27 21:43:53] INFO | Phase 1 [807/1083]: Central Government Health Scheme - Chanakyapuri
[2026-07-27 21:44:02] WARNING |   Nav error: Page.goto: net::ERR_HTTP2_PROTOCOL_ERROR at https://www.justdial.com/All-Cities/Central+Government+Health+Scheme+-+Chanakyapuri-Hospital/nct-11109123
Call log:
  - navigating to "https://www.justdial.com/All-Cities/Central+Government+Health+Scheme+-+Chanakyapuri-Hospital/nct-11109123", waiting until "domcontentloaded"
 (attempt 1/2)
[2026-07-27 21:44:04] WARNING |   Nav error: Page.goto: net::ERR_HTTP2_PROTOCOL_ERROR at https://www.justdial.com/All-Cities/Central+Government+Health+Scheme+-+Chanakyapuri-Hospital/nct-11109123
Call log:
  - navigating to "https://www.justdial.com/All-Cities/Central+Government+Health+Scheme+-+Chanakyapuri-Hospital/nct-11109123", waiting until "domcontentloaded"
 (attempt 2/2)
[2026-07-27 21:44:06] INFO | Phase 1 [808/1083]: NDMC MEDICAL
[2026-07-27 21:44:15] WARNING |   Nav error: Page.goto: net::ERR_HTTP2_PROTOCOL_ERROR at https://www.justdial.com/All-Cities/NDMC+MEDICAL-Hospital/nct-11109123
Call log:
  - navigating to "https://www.justdial.com/All-Cities/NDMC+MEDICAL-Hospital/nct-11109123", waiting until "domcontentloaded"
 (attempt 1/2)
[2026-07-27 21:44:17] WARNING |   Nav error: Page.goto: net::ERR_HTTP2_PROTOCOL_ERROR at https://www.justdial.com/All-Cities/NDMC+MEDICAL-Hospital/nct-11109123
Call log:
  - navigating to "https://www.justdial.com/All-Cities/NDMC+MEDICAL-Hospital/nct-11109123", waiting until "domcontentloaded"
 (attempt 2/2)
[2026-07-27 21:44:19] INFO | Phase 1 [809/1083]: D CARE MULTISPECIALITY FAMILY CLINIC
[2026-07-27 21:44:28] WARNING |   Nav error: Page.goto: net::ERR_HTTP2_PROTOCOL_ERROR at https://www.justdial.com/All-Cities/D+CARE+MULTISPECIALITY+FAMILY+CLINIC-Hospital/nct-11109123
Call log:
  - navigating to "https://www.justdial.com/All-Cities/D+CARE+MULTISPECIALITY+FAMILY+CLINIC-Hospital/nct-11109123", waiting until "domcontentloaded"
 (attempt 1/2)
[2026-07-27 21:44:30] WARNING |   Nav error: Page.goto: net::ERR_HTTP2_PROTOCOL_ERROR at https://www.justdial.com/All-Cities/D+CARE+MULTISPECIALITY+FAMILY+CLINIC-Hospital/nct-11109123
Call log:
  - navigating to "https://www.justdial.com/All-Cities/D+CARE+MULTISPECIALITY+FAMILY+CLINIC-Hospital/nct-11109123", waiting until "domcontentloaded"
 (attempt 2/2)
[2026-07-27 21:44:33] INFO | Phase 1 [810/1083]: SVMMC Delhi - Top Hospital In Delhi NCR | Visa Medical Test Center In Delhi
[2026-07-27 21:44:43] WARNING |   Nav error: Page.goto: net::ERR_HTTP2_PROTOCOL_ERROR at https://www.justdial.com/All-Cities/SVMMC+Delhi+-+Top+Hospital+In+Delhi+NCR+%7C+Visa+Medical+Test+Center+In+Delhi-Hospital/nct-11109123
Call log:
  - navigating to "https://www.justdial.com/All-Cities/SVMMC+Delhi+-+Top+Hospital+In+Delhi+NCR+%7C+Visa+Medical+Test+Center+In+Delhi-Hospital/nct-11109123", waiting until "domcontentloaded"
 (attempt 1/2)
[2026-07-27 21:44:45] WARNING |   Nav error: Page.goto: net::ERR_HTTP2_PROTOCOL_ERROR at https://www.justdial.com/All-Cities/SVMMC+Delhi+-+Top+Hospital+In+Delhi+NCR+%7C+Visa+Medical+Test+Center+In+Delhi-Hospital/nct-11109123
Call log:
  - navigating to "https://www.justdial.com/All-Cities/SVMMC+Delhi+-+Top+Hospital+In+Delhi+NCR+%7C+Visa+Medical+Test+Center+In+Delhi-Hospital/nct-11109123", waiting until "domcontentloaded"
 (attempt 2/2)
[2026-07-27 21:44:47] INFO | Phase 1 [811/1083]: Palika Health Complex
[2026-07-27 21:44:56] WARNING |   Nav error: Page.goto: net::ERR_HTTP2_PROTOCOL_ERROR at https://www.justdial.com/All-Cities/Palika+Health+Complex-Hospital/nct-11109123
Call log:
  - navigating to "https://www.justdial.com/All-Cities/Palika+Health+Complex-Hospital/nct-11109123", waiting until "domcontentloaded"
 (attempt 1/2)
[2026-07-27 21:44:58] WARNING |   Nav error: Page.goto: net::ERR_HTTP2_PROTOCOL_ERROR at https://www.justdial.com/All-Cities/Palika+Health+Complex-Hospital/nct-11109123
Call log:
  - navigating to "https://www.justdial.com/All-Cities/Palika+Health+Complex-Hospital/nct-11109123", waiting until "domcontentloaded"
 (attempt 2/2)
[2026-07-27 21:45:00] INFO | Phase 1 [812/1083]: Delhi E.n.t. Multi- Speciality Hospital
[2026-07-27 21:45:10] WARNING |   Nav error: Page.goto: net::ERR_HTTP2_PROTOCOL_ERROR at https://www.justdial.com/All-Cities/Delhi+E.n.t.+Multi-+Speciality+Hospital-Hospital/nct-11109123
Call log:
  - navigating to "https://www.justdial.com/All-Cities/Delhi+E.n.t.+Multi-+Speciality+Hospital-Hospital/nct-11109123", waiting until "domcontentloaded"
 (attempt 1/2)
[2026-07-27 21:45:12] WARNING |   Nav error: Page.goto: net::ERR_HTTP2_PROTOCOL_ERROR at https://www.justdial.com/All-Cities/Delhi+E.n.t.+Multi-+Speciality+Hospital-Hospital/nct-11109123
Call log:
  - navigating to "https://www.justdial.com/All-Cities/Delhi+E.n.t.+Multi-+Speciality+Hospital-Hospital/nct-11109123", waiting until "domcontentloaded"
 (attempt 2/2)
[2026-07-27 21:45:14] INFO | Phase 1 [813/1083]: Max Super Speciality Hospital
[2026-07-27 21:45:24] WARNING |   Nav error: Page.goto: net::ERR_HTTP2_PROTOCOL_ERROR at https://www.justdial.com/All-Cities/Max+Super+Speciality+Hospital-Hospital/nct-11109123
Call log:
  - navigating to "https://www.justdial.com/All-Cities/Max+Super+Speciality+Hospital-Hospital/nct-11109123", waiting until "domcontentloaded"
 (attempt 1/2)
[2026-07-27 21:45:26] WARNING |   Nav error: Page.goto: net::ERR_HTTP2_PROTOCOL_ERROR at https://www.justdial.com/All-Cities/Max+Super+Speciality+Hospital-Hospital/nct-11109123
Call log:
  - navigating to "https://www.justdial.com/All-Cities/Max+Super+Speciality+Hospital-Hospital/nct-11109123", waiting until "domcontentloaded"
 (attempt 2/2)
[2026-07-27 21:45:28] INFO | Phase 1 [814/1083]: Advance Hospital
[2026-07-27 21:45:37] WARNING |   Nav error: Page.goto: net::ERR_HTTP2_PROTOCOL_ERROR at https://www.justdial.com/All-Cities/Advance+Hospital-Hospital/nct-11109123
Call log:
  - navigating to "https://www.justdial.com/All-Cities/Advance+Hospital-Hospital/nct-11109123", waiting until "domcontentloaded"
 (attempt 1/2)
[2026-07-27 21:45:39] WARNING |   Nav error: Page.goto: net::ERR_HTTP2_PROTOCOL_ERROR at https://www.justdial.com/All-Cities/Advance+Hospital-Hospital/nct-11109123
Call log:
  - navigating to "https://www.justdial.com/All-Cities/Advance+Hospital-Hospital/nct-11109123", waiting until "domcontentloaded"
 (attempt 2/2)
[2026-07-27 21:45:41] INFO | Phase 1 [815/1083]: Hospital
[2026-07-27 21:45:51] WARNING |   Nav error: Page.goto: net::ERR_HTTP2_PROTOCOL_ERROR at https://www.justdial.com/All-Cities/Hospital-Hospital/nct-11109123
Call log:
  - navigating to "https://www.justdial.com/All-Cities/Hospital-Hospital/nct-11109123", waiting until "domcontentloaded"
 (attempt 1/2)
[2026-07-27 21:45:53] WARNING |   Nav error: Page.goto: net::ERR_HTTP2_PROTOCOL_ERROR at https://www.justdial.com/All-Cities/Hospital-Hospital/nct-11109123
Call log:
  - navigating to "https://www.justdial.com/All-Cities/Hospital-Hospital/nct-11109123", waiting until "domcontentloaded"
 (attempt 2/2)
[2026-07-27 21:45:56] INFO | Phase 1 [816/1083]: Star Hospital
[2026-07-27 21:46:05] WARNING |   Nav error: Page.goto: net::ERR_HTTP2_PROTOCOL_ERROR at https://www.justdial.com/All-Cities/Star+Hospital-Hospital/nct-11109123
Call log:
  - navigating to "https://www.justdial.com/All-Cities/Star+Hospital-Hospital/nct-11109123", waiting until "domcontentloaded"
 (attempt 1/2)
[2026-07-27 21:46:07] WARNING |   Nav error: Page.goto: net::ERR_HTTP2_PROTOCOL_ERROR at https://www.justdial.com/All-Cities/Star+Hospital-Hospital/nct-11109123
Call log:
  - navigating to "https://www.justdial.com/All-Cities/Star+Hospital-Hospital/nct-11109123", waiting until "domcontentloaded"
 (attempt 2/2)
[2026-07-27 21:46:09] INFO | Phase 1 [817/1083]: Malik Hospital
[2026-07-27 21:46:18] WARNING |   Nav error: Page.goto: net::ERR_HTTP2_PROTOCOL_ERROR at https://www.justdial.com/All-Cities/Malik+Hospital-Hospital/nct-11109123
Call log:
  - navigating to "https://www.justdial.com/All-Cities/Malik+Hospital-Hospital/nct-11109123", waiting until "domcontentloaded"
 (attempt 1/2)
[2026-07-27 21:46:21] WARNING |   Nav error: Page.goto: net::ERR_HTTP2_PROTOCOL_ERROR at https://www.justdial.com/All-Cities/Malik+Hospital-Hospital/nct-11109123
Call log:
  - navigating to "https://www.justdial.com/All-Cities/Malik+Hospital-Hospital/nct-11109123", waiting until "domcontentloaded"
 (attempt 2/2)
[2026-07-27 21:46:22] INFO | Phase 1 [818/1083]: Get Well Clinic
[2026-07-27 21:46:31] WARNING |   Nav error: Page.goto: net::ERR_HTTP2_PROTOCOL_ERROR at https://www.justdial.com/All-Cities/Get+Well+Clinic-Hospital/nct-11109123
Call log:
  - navigating to "https://www.justdial.com/All-Cities/Get+Well+Clinic-Hospital/nct-11109123", waiting until "domcontentloaded"
 (attempt 1/2)
[2026-07-27 21:46:33] WARNING |   Nav error: Page.goto: net::ERR_HTTP2_PROTOCOL_ERROR at https://www.justdial.com/All-Cities/Get+Well+Clinic-Hospital/nct-11109123
Call log:
  - navigating to "https://www.justdial.com/All-Cities/Get+Well+Clinic-Hospital/nct-11109123", waiting until "domcontentloaded"
 (attempt 2/2)
[2026-07-27 21:46:35] INFO | Phase 1 [819/1083]: Jain Charitable Hospital
[2026-07-27 21:46:44] WARNING |   Nav error: Page.goto: net::ERR_HTTP2_PROTOCOL_ERROR at https://www.justdial.com/All-Cities/Jain+Charitable+Hospital-Hospital/nct-11109123
Call log:
  - navigating to "https://www.justdial.com/All-Cities/Jain+Charitable+Hospital-Hospital/nct-11109123", waiting until "domcontentloaded"
 (attempt 1/2)
[2026-07-27 21:46:46] WARNING |   Nav error: Page.goto: net::ERR_HTTP2_PROTOCOL_ERROR at https://www.justdial.com/All-Cities/Jain+Charitable+Hospital-Hospital/nct-11109123
Call log:
  - navigating to "https://www.justdial.com/All-Cities/Jain+Charitable+Hospital-Hospital/nct-11109123", waiting until "domcontentloaded"
 (attempt 2/2)
[2026-07-27 21:46:48] INFO | Phase 1 [820/1083]: Delhi ENT Hospital
[2026-07-27 21:46:58] WARNING |   Nav error: Page.goto: net::ERR_HTTP2_PROTOCOL_ERROR at https://www.justdial.com/All-Cities/Delhi+ENT+Hospital-Hospital/nct-11109123
Call log:
  - navigating to "https://www.justdial.com/All-Cities/Delhi+ENT+Hospital-Hospital/nct-11109123", waiting until "domcontentloaded"
 (attempt 1/2)
[2026-07-27 21:47:00] WARNING |   Nav error: Page.goto: net::ERR_HTTP2_PROTOCOL_ERROR at https://www.justdial.com/All-Cities/Delhi+ENT+Hospital-Hospital/nct-11109123
Call log:
  - navigating to "https://www.justdial.com/All-Cities/Delhi+ENT+Hospital-Hospital/nct-11109123", waiting until "domcontentloaded"
 (attempt 2/2)
[2026-07-27 21:47:02] INFO | Phase 1 [821/1083]: Badar Medical Centre and Badar Dental care
[2026-07-27 21:47:12] WARNING |   Nav error: Page.goto: net::ERR_HTTP2_PROTOCOL_ERROR at https://www.justdial.com/All-Cities/Badar+Medical+Centre+and+Badar+Dental+care-Hospital/nct-11109123
Call log:
  - navigating to "https://www.justdial.com/All-Cities/Badar+Medical+Centre+and+Badar+Dental+care-Hospital/nct-11109123", waiting until "domcontentloaded"
 (attempt 1/2)
[2026-07-27 21:47:14] WARNING |   Nav error: Page.goto: net::ERR_HTTP2_PROTOCOL_ERROR at https://www.justdial.com/All-Cities/Badar+Medical+Centre+and+Badar+Dental+care-Hospital/nct-11109123
Call log:
  - navigating to "https://www.justdial.com/All-Cities/Badar+Medical+Centre+and+Badar+Dental+care-Hospital/nct-11109123", waiting until "domcontentloaded"
 (attempt 2/2)
[2026-07-27 21:47:17] INFO | Phase 1 [822/1083]: Nima Hospital
[2026-07-27 21:47:26] WARNING |   Nav error: Page.goto: net::ERR_HTTP2_PROTOCOL_ERROR at https://www.justdial.com/All-Cities/Nima+Hospital-Hospital/nct-11109123
Call log:
  - navigating to "https://www.justdial.com/All-Cities/Nima+Hospital-Hospital/nct-11109123", waiting until "domcontentloaded"
 (attempt 1/2)
[2026-07-27 21:47:28] WARNING |   Nav error: Page.goto: net::ERR_HTTP2_PROTOCOL_ERROR at https://www.justdial.com/All-Cities/Nima+Hospital-Hospital/nct-11109123
Call log:
  - navigating to "https://www.justdial.com/All-Cities/Nima+Hospital-Hospital/nct-11109123", waiting until "domcontentloaded"
 (attempt 2/2)
[2026-07-27 21:47:30] INFO | Phase 1 [823/1083]: MASSH - Minimal Access Smart Surgery Hospital
[2026-07-27 21:47:39] WARNING |   Nav error: Page.goto: net::ERR_HTTP2_PROTOCOL_ERROR at https://www.justdial.com/All-Cities/MASSH+-+Minimal+Access+Smart+Surgery+Hospital-Hospital/nct-11109123
Call log:
  - navigating to "https://www.justdial.com/All-Cities/MASSH+-+Minimal+Access+Smart+Surgery+Hospital-Hospital/nct-11109123", waiting until "domcontentloaded"
 (attempt 1/2)
[2026-07-27 21:47:41] WARNING |   Nav error: Page.goto: net::ERR_HTTP2_PROTOCOL_ERROR at https://www.justdial.com/All-Cities/MASSH+-+Minimal+Access+Smart+Surgery+Hospital-Hospital/nct-11109123
Call log:
  - navigating to "https://www.justdial.com/All-Cities/MASSH+-+Minimal+Access+Smart+Surgery+Hospital-Hospital/nct-11109123", waiting until "domcontentloaded"
 (attempt 2/2)
[2026-07-27 21:47:43] INFO | Phase 1 [824/1083]: Hakeem Abdul Hameed Centenary Hospital
[2026-07-27 21:47:52] WARNING |   Nav error: Page.goto: net::ERR_HTTP2_PROTOCOL_ERROR at https://www.justdial.com/All-Cities/Hakeem+Abdul+Hameed+Centenary+Hospital-Hospital/nct-11109123
Call log:
  - navigating to "https://www.justdial.com/All-Cities/Hakeem+Abdul+Hameed+Centenary+Hospital-Hospital/nct-11109123", waiting until "domcontentloaded"
 (attempt 1/2)
[2026-07-27 21:47:54] WARNING |   Nav error: Page.goto: net::ERR_HTTP2_PROTOCOL_ERROR at https://www.justdial.com/All-Cities/Hakeem+Abdul+Hameed+Centenary+Hospital-Hospital/nct-11109123
Call log:
  - navigating to "https://www.justdial.com/All-Cities/Hakeem+Abdul+Hameed+Centenary+Hospital-Hospital/nct-11109123", waiting until "domcontentloaded"
 (attempt 2/2)
[2026-07-27 21:47:56] INFO | Phase 1 [825/1083]: Glec & Hospital
[2026-07-27 21:48:05] WARNING |   Nav error: Page.goto: net::ERR_HTTP2_PROTOCOL_ERROR at https://www.justdial.com/All-Cities/Glec+%26+Hospital-Hospital/nct-11109123
Call log:
  - navigating to "https://www.justdial.com/All-Cities/Glec+%26+Hospital-Hospital/nct-11109123", waiting until "domcontentloaded"
 (attempt 1/2)
[2026-07-27 21:48:07] WARNING |   Nav error: Page.goto: net::ERR_HTTP2_PROTOCOL_ERROR at https://www.justdial.com/All-Cities/Glec+%26+Hospital-Hospital/nct-11109123
Call log:
  - navigating to "https://www.justdial.com/All-Cities/Glec+%26+Hospital-Hospital/nct-11109123", waiting until "domcontentloaded"
 (attempt 2/2)
[2026-07-27 21:48:09] INFO | Phase 1 [826/1083]: Max Multi Speciality Centre Noida
[2026-07-27 21:48:18] WARNING |   Nav error: Page.goto: net::ERR_HTTP2_PROTOCOL_ERROR at https://www.justdial.com/All-Cities/Max+Multi+Speciality+Centre+Noida-Hospital/nct-11109123
Call log:
  - navigating to "https://www.justdial.com/All-Cities/Max+Multi+Speciality+Centre+Noida-Hospital/nct-11109123", waiting until "domcontentloaded"
 (attempt 1/2)
[2026-07-27 21:48:20] WARNING |   Nav error: Page.goto: net::ERR_HTTP2_PROTOCOL_ERROR at https://www.justdial.com/All-Cities/Max+Multi+Speciality+Centre+Noida-Hospital/nct-11109123
Call log:
  - navigating to "https://www.justdial.com/All-Cities/Max+Multi+Speciality+Centre+Noida-Hospital/nct-11109123", waiting until "domcontentloaded"
 (attempt 2/2)
[2026-07-27 21:48:21] INFO | Phase 1 [827/1083]: AH Ivf Centre
[2026-07-27 21:48:31] WARNING |   Nav error: Page.goto: net::ERR_HTTP2_PROTOCOL_ERROR at https://www.justdial.com/All-Cities/AH+Ivf+Centre-Hospital/nct-11109123
Call log:
  - navigating to "https://www.justdial.com/All-Cities/AH+Ivf+Centre-Hospital/nct-11109123", waiting until "domcontentloaded"
 (attempt 1/2)
[2026-07-27 21:48:33] WARNING |   Nav error: Page.goto: net::ERR_HTTP2_PROTOCOL_ERROR at https://www.justdial.com/All-Cities/AH+Ivf+Centre-Hospital/nct-11109123
Call log:
  - navigating to "https://www.justdial.com/All-Cities/AH+Ivf+Centre-Hospital/nct-11109123", waiting until "domcontentloaded"
 (attempt 2/2)
[2026-07-27 21:48:35] INFO | Phase 1 [828/1083]: GAMCA Office
[2026-07-27 21:48:44] WARNING |   Nav error: Page.goto: net::ERR_HTTP2_PROTOCOL_ERROR at https://www.justdial.com/All-Cities/GAMCA+Office-Hospital/nct-11109123
Call log:
  - navigating to "https://www.justdial.com/All-Cities/GAMCA+Office-Hospital/nct-11109123", waiting until "domcontentloaded"
 (attempt 1/2)
[2026-07-27 21:48:46] WARNING |   Nav error: Page.goto: net::ERR_HTTP2_PROTOCOL_ERROR at https://www.justdial.com/All-Cities/GAMCA+Office-Hospital/nct-11109123
Call log:
  - navigating to "https://www.justdial.com/All-Cities/GAMCA+Office-Hospital/nct-11109123", waiting until "domcontentloaded"
 (attempt 2/2)
[2026-07-27 21:48:49] INFO | Phase 1 [829/1083]: New God Grace Hospital
[2026-07-27 21:48:59] WARNING |   Nav error: Page.goto: net::ERR_HTTP2_PROTOCOL_ERROR at https://www.justdial.com/All-Cities/New+God+Grace+Hospital-Hospital/nct-11109123
Call log:
  - navigating to "https://www.justdial.com/All-Cities/New+God+Grace+Hospital-Hospital/nct-11109123", waiting until "domcontentloaded"
 (attempt 1/2)
[2026-07-27 21:49:01] WARNING |   Nav error: Page.goto: net::ERR_HTTP2_PROTOCOL_ERROR at https://www.justdial.com/All-Cities/New+God+Grace+Hospital-Hospital/nct-11109123
Call log:
  - navigating to "https://www.justdial.com/All-Cities/New+God+Grace+Hospital-Hospital/nct-11109123", waiting until "domcontentloaded"
 (attempt 2/2)
[2026-07-27 21:49:03] INFO | Phase 1 [830/1083]: City Hospital
[2026-07-27 21:49:12] WARNING |   Nav error: Page.goto: net::ERR_HTTP2_PROTOCOL_ERROR at https://www.justdial.com/All-Cities/City+Hospital-Hospital/nct-11109123
Call log:
  - navigating to "https://www.justdial.com/All-Cities/City+Hospital-Hospital/nct-11109123", waiting until "domcontentloaded"
 (attempt 1/2)
[2026-07-27 21:49:14] WARNING |   Nav error: Page.goto: net::ERR_HTTP2_PROTOCOL_ERROR at https://www.justdial.com/All-Cities/City+Hospital-Hospital/nct-11109123
Call log:
  - navigating to "https://www.justdial.com/All-Cities/City+Hospital-Hospital/nct-11109123", waiting until "domcontentloaded"
 (attempt 2/2)
[2026-07-27 21:49:16] INFO | Phase 1 [831/1083]: 7 Star Healthcare Hospital & Ultrasound
[2026-07-27 21:49:25] WARNING |   Nav error: Page.goto: net::ERR_HTTP2_PROTOCOL_ERROR at https://www.justdial.com/All-Cities/7+Star+Healthcare+Hospital+%26+Ultrasound-Hospital/nct-11109123
Call log:
  - navigating to "https://www.justdial.com/All-Cities/7+Star+Healthcare+Hospital+%26+Ultrasound-Hospital/nct-11109123", waiting until "domcontentloaded"
 (attempt 1/2)
[2026-07-27 21:49:27] WARNING |   Nav error: Page.goto: net::ERR_HTTP2_PROTOCOL_ERROR at https://www.justdial.com/All-Cities/7+Star+Healthcare+Hospital+%26+Ultrasound-Hospital/nct-11109123
Call log:
  - navigating to "https://www.justdial.com/All-Cities/7+Star+Healthcare+Hospital+%26+Ultrasound-Hospital/nct-11109123", waiting until "domcontentloaded"
 (attempt 2/2)
[2026-07-27 21:49:29] INFO | Phase 1 [832/1083]: Cribs Hospital
[2026-07-27 21:49:39] WARNING |   Nav error: Page.goto: net::ERR_HTTP2_PROTOCOL_ERROR at https://www.justdial.com/All-Cities/Cribs+Hospital-Hospital/nct-11109123
Call log:
  - navigating to "https://www.justdial.com/All-Cities/Cribs+Hospital-Hospital/nct-11109123", waiting until "domcontentloaded"
 (attempt 1/2)
[2026-07-27 21:49:41] WARNING |   Nav error: Page.goto: net::ERR_HTTP2_PROTOCOL_ERROR at https://www.justdial.com/All-Cities/Cribs+Hospital-Hospital/nct-11109123
Call log:
  - navigating to "https://www.justdial.com/All-Cities/Cribs+Hospital-Hospital/nct-11109123", waiting until "domcontentloaded"
 (attempt 2/2)
[2026-07-27 21:49:42] INFO | Phase 1 [833/1083]: Employees State Insurance Corporation Hospital
[2026-07-27 21:49:51] WARNING |   Nav error: Page.goto: net::ERR_HTTP2_PROTOCOL_ERROR at https://www.justdial.com/All-Cities/Employees+State+Insurance+Corporation+Hospital-Hospital/nct-11109123
Call log:
  - navigating to "https://www.justdial.com/All-Cities/Employees+State+Insurance+Corporation+Hospital-Hospital/nct-11109123", waiting until "domcontentloaded"
 (attempt 1/2)
[2026-07-27 21:49:53] WARNING |   Nav error: Page.goto: net::ERR_HTTP2_PROTOCOL_ERROR at https://www.justdial.com/All-Cities/Employees+State+Insurance+Corporation+Hospital-Hospital/nct-11109123
Call log:
  - navigating to "https://www.justdial.com/All-Cities/Employees+State+Insurance+Corporation+Hospital-Hospital/nct-11109123", waiting until "domcontentloaded"
 (attempt 2/2)
[2026-07-27 21:49:55] INFO | Phase 1 [834/1083]: OKHLA PH-I ESI HOSPITAL BRANCH
[2026-07-27 21:50:05] WARNING |   Nav error: Page.goto: net::ERR_HTTP2_PROTOCOL_ERROR at https://www.justdial.com/All-Cities/OKHLA+PH-I+ESI+HOSPITAL+BRANCH-Hospital/nct-11109123
Call log:
  - navigating to "https://www.justdial.com/All-Cities/OKHLA+PH-I+ESI+HOSPITAL+BRANCH-Hospital/nct-11109123", waiting until "domcontentloaded"
 (attempt 1/2)
[2026-07-27 21:50:07] WARNING |   Nav error: Page.goto: net::ERR_HTTP2_PROTOCOL_ERROR at https://www.justdial.com/All-Cities/OKHLA+PH-I+ESI+HOSPITAL+BRANCH-Hospital/nct-11109123
Call log:
  - navigating to "https://www.justdial.com/All-Cities/OKHLA+PH-I+ESI+HOSPITAL+BRANCH-Hospital/nct-11109123", waiting until "domcontentloaded"
 (attempt 2/2)
[2026-07-27 21:50:09] INFO | Phase 1 [835/1083]: Care Well Medical Centre
[2026-07-27 21:50:19] WARNING |   Nav error: Page.goto: net::ERR_HTTP2_PROTOCOL_ERROR at https://www.justdial.com/All-Cities/Care+Well+Medical+Centre-Hospital/nct-11109123
Call log:
  - navigating to "https://www.justdial.com/All-Cities/Care+Well+Medical+Centre-Hospital/nct-11109123", waiting until "domcontentloaded"
 (attempt 1/2)
[2026-07-27 21:50:21] WARNING |   Nav error: Page.goto: net::ERR_HTTP2_PROTOCOL_ERROR at https://www.justdial.com/All-Cities/Care+Well+Medical+Centre-Hospital/nct-11109123
Call log:
  - navigating to "https://www.justdial.com/All-Cities/Care+Well+Medical+Centre-Hospital/nct-11109123", waiting until "domcontentloaded"
 (attempt 2/2)
[2026-07-27 21:50:24] INFO | Phase 1 [836/1083]: Banarsidas Chandiwala Institute of Medical Sciences
[2026-07-27 21:50:33] WARNING |   Nav error: Page.goto: net::ERR_HTTP2_PROTOCOL_ERROR at https://www.justdial.com/All-Cities/Banarsidas+Chandiwala+Institute+of+Medical+Sciences-Hospital/nct-11109123
Call log:
  - navigating to "https://www.justdial.com/All-Cities/Banarsidas+Chandiwala+Institute+of+Medical+Sciences-Hospital/nct-11109123", waiting until "domcontentloaded"
 (attempt 1/2)
[2026-07-27 21:50:35] WARNING |   Nav error: Page.goto: net::ERR_HTTP2_PROTOCOL_ERROR at https://www.justdial.com/All-Cities/Banarsidas+Chandiwala+Institute+of+Medical+Sciences-Hospital/nct-11109123
Call log:
  - navigating to "https://www.justdial.com/All-Cities/Banarsidas+Chandiwala+Institute+of+Medical+Sciences-Hospital/nct-11109123", waiting until "domcontentloaded"
 (attempt 2/2)
[2026-07-27 21:50:37] INFO | Phase 1 [837/1083]: Dr Piyush Jain Genesis Neurogen
[2026-07-27 21:50:47] WARNING |   Nav error: Page.goto: net::ERR_HTTP2_PROTOCOL_ERROR at https://www.justdial.com/All-Cities/Dr+Piyush+Jain+Genesis+Neurogen-Hospital/nct-11109123
Call log:
  - navigating to "https://www.justdial.com/All-Cities/Dr+Piyush+Jain+Genesis+Neurogen-Hospital/nct-11109123", waiting until "domcontentloaded"
 (attempt 1/2)
[2026-07-27 21:50:49] WARNING |   Nav error: Page.goto: net::ERR_HTTP2_PROTOCOL_ERROR at https://www.justdial.com/All-Cities/Dr+Piyush+Jain+Genesis+Neurogen-Hospital/nct-11109123
Call log:
  - navigating to "https://www.justdial.com/All-Cities/Dr+Piyush+Jain+Genesis+Neurogen-Hospital/nct-11109123", waiting until "domcontentloaded"
 (attempt 2/2)
[2026-07-27 21:50:51] INFO | Phase 1 [838/1083]: M & CW center - Giri nagar PHC
[2026-07-27 21:51:00] WARNING |   Nav error: Page.goto: net::ERR_HTTP2_PROTOCOL_ERROR at https://www.justdial.com/All-Cities/M+%26+CW+center+-+Giri+nagar+PHC-Hospital/nct-11109123
Call log:
  - navigating to "https://www.justdial.com/All-Cities/M+%26+CW+center+-+Giri+nagar+PHC-Hospital/nct-11109123", waiting until "domcontentloaded"
 (attempt 1/2)
[2026-07-27 21:51:02] WARNING |   Nav error: Page.goto: net::ERR_HTTP2_PROTOCOL_ERROR at https://www.justdial.com/All-Cities/M+%26+CW+center+-+Giri+nagar+PHC-Hospital/nct-11109123
Call log:
  - navigating to "https://www.justdial.com/All-Cities/M+%26+CW+center+-+Giri+nagar+PHC-Hospital/nct-11109123", waiting until "domcontentloaded"
 (attempt 2/2)
[2026-07-27 21:51:04] INFO | Phase 1 [839/1083]: Apollo Spectra Hospitals
[2026-07-27 21:51:13] WARNING |   Nav error: Page.goto: net::ERR_HTTP2_PROTOCOL_ERROR at https://www.justdial.com/All-Cities/Apollo+Spectra+Hospitals-Hospital/nct-11109123
Call log:
  - navigating to "https://www.justdial.com/All-Cities/Apollo+Spectra+Hospitals-Hospital/nct-11109123", waiting until "domcontentloaded"
 (attempt 1/2)
[2026-07-27 21:51:15] WARNING |   Nav error: Page.goto: net::ERR_HTTP2_PROTOCOL_ERROR at https://www.justdial.com/All-Cities/Apollo+Spectra+Hospitals-Hospital/nct-11109123
Call log:
  - navigating to "https://www.justdial.com/All-Cities/Apollo+Spectra+Hospitals-Hospital/nct-11109123", waiting until "domcontentloaded"
 (attempt 2/2)
[2026-07-27 21:51:17] INFO | Phase 1 [840/1083]: Talwar Hospital
[2026-07-27 21:51:26] WARNING |   Nav error: Page.goto: net::ERR_HTTP2_PROTOCOL_ERROR at https://www.justdial.com/All-Cities/Talwar+Hospital-Hospital/nct-11109123
Call log:
  - navigating to "https://www.justdial.com/All-Cities/Talwar+Hospital-Hospital/nct-11109123", waiting until "domcontentloaded"
 (attempt 1/2)
[2026-07-27 21:51:28] WARNING |   Nav error: Page.goto: net::ERR_HTTP2_PROTOCOL_ERROR at https://www.justdial.com/All-Cities/Talwar+Hospital-Hospital/nct-11109123
Call log:
  - navigating to "https://www.justdial.com/All-Cities/Talwar+Hospital-Hospital/nct-11109123", waiting until "domcontentloaded"
 (attempt 2/2)
[2026-07-27 21:51:30] INFO | Phase 1 [841/1083]: FAIZ HOME HEALTH SERVICE
[2026-07-27 21:51:41] WARNING |   Nav error: Page.goto: net::ERR_HTTP2_PROTOCOL_ERROR at https://www.justdial.com/All-Cities/FAIZ+HOME+HEALTH+SERVICE-Hospital/nct-11109123
Call log:
  - navigating to "https://www.justdial.com/All-Cities/FAIZ+HOME+HEALTH+SERVICE-Hospital/nct-11109123", waiting until "domcontentloaded"
 (attempt 1/2)
[2026-07-27 21:51:43] WARNING |   Nav error: Page.goto: net::ERR_HTTP2_PROTOCOL_ERROR at https://www.justdial.com/All-Cities/FAIZ+HOME+HEALTH+SERVICE-Hospital/nct-11109123
Call log:
  - navigating to "https://www.justdial.com/All-Cities/FAIZ+HOME+HEALTH+SERVICE-Hospital/nct-11109123", waiting until "domcontentloaded"
 (attempt 2/2)
[2026-07-27 21:51:45] INFO | Phase 1 [842/1083]: CGHS Dispensary
[2026-07-27 21:51:54] WARNING |   Nav error: Page.goto: net::ERR_HTTP2_PROTOCOL_ERROR at https://www.justdial.com/All-Cities/CGHS+Dispensary-Hospital/nct-11109123
Call log:
  - navigating to "https://www.justdial.com/All-Cities/CGHS+Dispensary-Hospital/nct-11109123", waiting until "domcontentloaded"
 (attempt 1/2)
[2026-07-27 21:51:56] WARNING |   Nav error: Page.goto: net::ERR_HTTP2_PROTOCOL_ERROR at https://www.justdial.com/All-Cities/CGHS+Dispensary-Hospital/nct-11109123
Call log:
  - navigating to "https://www.justdial.com/All-Cities/CGHS+Dispensary-Hospital/nct-11109123", waiting until "domcontentloaded"
 (attempt 2/2)
[2026-07-27 21:52:00] INFO | Phase 1 [843/1083]: Ariston Multispeciality Hospital
[2026-07-27 21:52:09] WARNING |   Nav error: Page.goto: net::ERR_HTTP2_PROTOCOL_ERROR at https://www.justdial.com/All-Cities/Ariston+Multispeciality+Hospital-Hospital/nct-11109123
Call log:
  - navigating to "https://www.justdial.com/All-Cities/Ariston+Multispeciality+Hospital-Hospital/nct-11109123", waiting until "domcontentloaded"
 (attempt 1/2)
[2026-07-27 21:52:11] WARNING |   Nav error: Page.goto: net::ERR_HTTP2_PROTOCOL_ERROR at https://www.justdial.com/All-Cities/Ariston+Multispeciality+Hospital-Hospital/nct-11109123
Call log:
  - navigating to "https://www.justdial.com/All-Cities/Ariston+Multispeciality+Hospital-Hospital/nct-11109123", waiting until "domcontentloaded"
 (attempt 2/2)
[2026-07-27 21:52:13] INFO | Phase 1 [844/1083]: D-5 Kalkaji New Delhi-110019
[2026-07-27 21:52:23] WARNING |   Nav error: Page.goto: net::ERR_HTTP2_PROTOCOL_ERROR at https://www.justdial.com/All-Cities/D-5+Kalkaji+New+Delhi-110019-Hospital/nct-11109123
Call log:
  - navigating to "https://www.justdial.com/All-Cities/D-5+Kalkaji+New+Delhi-110019-Hospital/nct-11109123", waiting until "domcontentloaded"
 (attempt 1/2)
[2026-07-27 21:52:25] WARNING |   Nav error: Page.goto: net::ERR_HTTP2_PROTOCOL_ERROR at https://www.justdial.com/All-Cities/D-5+Kalkaji+New+Delhi-110019-Hospital/nct-11109123
Call log:
  - navigating to "https://www.justdial.com/All-Cities/D-5+Kalkaji+New+Delhi-110019-Hospital/nct-11109123", waiting until "domcontentloaded"
 (attempt 2/2)
[2026-07-27 21:52:27] INFO | Phase 1 [845/1083]: Trehan Maternity & Health Centre
[2026-07-27 21:52:36] WARNING |   Nav error: Page.goto: net::ERR_HTTP2_PROTOCOL_ERROR at https://www.justdial.com/All-Cities/Trehan+Maternity+%26+Health+Centre-Hospital/nct-11109123
Call log:
  - navigating to "https://www.justdial.com/All-Cities/Trehan+Maternity+%26+Health+Centre-Hospital/nct-11109123", waiting until "domcontentloaded"
 (attempt 1/2)
[2026-07-27 21:52:38] WARNING |   Nav error: Page.goto: net::ERR_HTTP2_PROTOCOL_ERROR at https://www.justdial.com/All-Cities/Trehan+Maternity+%26+Health+Centre-Hospital/nct-11109123
Call log:
  - navigating to "https://www.justdial.com/All-Cities/Trehan+Maternity+%26+Health+Centre-Hospital/nct-11109123", waiting until "domcontentloaded"
 (attempt 2/2)
[2026-07-27 21:52:40] INFO | Phase 1 [846/1083]: Akbar Nursing Home Acupuncture Health Centre
[2026-07-27 21:52:50] WARNING |   Nav error: Page.goto: net::ERR_HTTP2_PROTOCOL_ERROR at https://www.justdial.com/All-Cities/Akbar+Nursing+Home+Acupuncture+Health+Centre-Hospital/nct-11109123
Call log:
  - navigating to "https://www.justdial.com/All-Cities/Akbar+Nursing+Home+Acupuncture+Health+Centre-Hospital/nct-11109123", waiting until "domcontentloaded"
 (attempt 1/2)
[2026-07-27 21:52:52] WARNING |   Nav error: Page.goto: net::ERR_HTTP2_PROTOCOL_ERROR at https://www.justdial.com/All-Cities/Akbar+Nursing+Home+Acupuncture+Health+Centre-Hospital/nct-11109123
Call log:
  - navigating to "https://www.justdial.com/All-Cities/Akbar+Nursing+Home+Acupuncture+Health+Centre-Hospital/nct-11109123", waiting until "domcontentloaded"
 (attempt 2/2)
[2026-07-27 21:52:53] INFO | Phase 1 [847/1083]: Poornima Sethi Multi Speciality Hospital
[2026-07-27 21:53:03] WARNING |   Nav error: Page.goto: net::ERR_HTTP2_PROTOCOL_ERROR at https://www.justdial.com/All-Cities/Poornima+Sethi+Multi+Speciality+Hospital-Hospital/nct-11109123
Call log:
  - navigating to "https://www.justdial.com/All-Cities/Poornima+Sethi+Multi+Speciality+Hospital-Hospital/nct-11109123", waiting until "domcontentloaded"
 (attempt 1/2)
[2026-07-27 21:53:05] WARNING |   Nav error: Page.goto: net::ERR_HTTP2_PROTOCOL_ERROR at https://www.justdial.com/All-Cities/Poornima+Sethi+Multi+Speciality+Hospital-Hospital/nct-11109123
Call log:
  - navigating to "https://www.justdial.com/All-Cities/Poornima+Sethi+Multi+Speciality+Hospital-Hospital/nct-11109123", waiting until "domcontentloaded"
 (attempt 2/2)
[2026-07-27 21:53:07] INFO | Phase 1 [848/1083]: Irene Hospital - Gynecologist Hospital in Delhi | Best Hospital for Normal Delivery Fibroid Surgery Fistula Surgery Kidney Stone Treatment in Kalkaji
[2026-07-27 21:53:17] WARNING |   Nav error: Page.goto: net::ERR_HTTP2_PROTOCOL_ERROR at https://www.justdial.com/All-Cities/Irene+Hospital+-+Gynecologist+Hospital+in+Delhi+%7C+Best+Hospital+for+Normal+Delivery+Fibroid+Surgery+Fistula+Surgery+Kidney+Stone+Treatment+in+Kalkaji-Hospital/nct-11109123
Call log:
  - navigating to "https://www.justdial.com/All-Cities/Irene+Hospital+-+Gynecologist+Hospital+in+Delhi+%7C+Best+Hospital+for+Normal+Delivery+Fibroid+Surgery+Fistula+Surgery+Kidney+Stone+Treatment+in+Kalkaji-Hospital/nct-11109123", waiting until "domcontentloaded"
 (attempt 1/2)
[2026-07-27 21:53:20] WARNING |   Nav error: Page.goto: net::ERR_HTTP2_PROTOCOL_ERROR at https://www.justdial.com/All-Cities/Irene+Hospital+-+Gynecologist+Hospital+in+Delhi+%7C+Best+Hospital+for+Normal+Delivery+Fibroid+Surgery+Fistula+Surgery+Kidney+Stone+Treatment+in+Kalkaji-Hospital/nct-11109123
Call log:
  - navigating to "https://www.justdial.com/All-Cities/Irene+Hospital+-+Gynecologist+Hospital+in+Delhi+%7C+Best+Hospital+for+Normal+Delivery+Fibroid+Surgery+Fistula+Surgery+Kidney+Stone+Treatment+in+Kalkaji-Hospital/nct-11109123", waiting until "domcontentloaded"
 (attempt 2/2)
[2026-07-27 21:53:22] INFO | Phase 1 [849/1083]: Westend Eye Hospital
[2026-07-27 21:53:31] WARNING |   Nav error: Page.goto: net::ERR_HTTP2_PROTOCOL_ERROR at https://www.justdial.com/All-Cities/Westend+Eye+Hospital-Hospital/nct-11109123
Call log:
  - navigating to "https://www.justdial.com/All-Cities/Westend+Eye+Hospital-Hospital/nct-11109123", waiting until "domcontentloaded"
 (attempt 1/2)
[2026-07-27 21:53:34] WARNING |   Nav error: Page.goto: net::ERR_HTTP2_PROTOCOL_ERROR at https://www.justdial.com/All-Cities/Westend+Eye+Hospital-Hospital/nct-11109123
Call log:
  - navigating to "https://www.justdial.com/All-Cities/Westend+Eye+Hospital-Hospital/nct-11109123", waiting until "domcontentloaded"
 (attempt 2/2)
[2026-07-27 21:53:37] INFO | Phase 1 [850/1083]: Lotus Hospital
[2026-07-27 21:53:47] WARNING |   Nav error: Page.goto: net::ERR_HTTP2_PROTOCOL_ERROR at https://www.justdial.com/All-Cities/Lotus+Hospital-Hospital/nct-11109123
Call log:
  - navigating to "https://www.justdial.com/All-Cities/Lotus+Hospital-Hospital/nct-11109123", waiting until "domcontentloaded"
 (attempt 1/2)
[2026-07-27 21:53:49] WARNING |   Nav error: Page.goto: net::ERR_HTTP2_PROTOCOL_ERROR at https://www.justdial.com/All-Cities/Lotus+Hospital-Hospital/nct-11109123
Call log:
  - navigating to "https://www.justdial.com/All-Cities/Lotus+Hospital-Hospital/nct-11109123", waiting until "domcontentloaded"
 (attempt 2/2)
[2026-07-27 21:53:51] INFO | Phase 1 [851/1083]: Guru Gobind Singh Govt Hospital
[2026-07-27 21:54:00] WARNING |   Nav error: Page.goto: net::ERR_HTTP2_PROTOCOL_ERROR at https://www.justdial.com/All-Cities/Guru+Gobind+Singh+Govt+Hospital-Hospital/nct-11109123
Call log:
  - navigating to "https://www.justdial.com/All-Cities/Guru+Gobind+Singh+Govt+Hospital-Hospital/nct-11109123", waiting until "domcontentloaded"
 (attempt 1/2)
[2026-07-27 21:54:03] WARNING |   Nav error: Page.goto: net::ERR_HTTP2_PROTOCOL_ERROR at https://www.justdial.com/All-Cities/Guru+Gobind+Singh+Govt+Hospital-Hospital/nct-11109123
Call log:
  - navigating to "https://www.justdial.com/All-Cities/Guru+Gobind+Singh+Govt+Hospital-Hospital/nct-11109123", waiting until "domcontentloaded"
 (attempt 2/2)
[2026-07-27 21:54:05] INFO | Phase 1 [852/1083]: DESHPANDE HOSPITAL
[2026-07-27 21:54:14] WARNING |   Nav error: Page.goto: net::ERR_HTTP2_PROTOCOL_ERROR at https://www.justdial.com/All-Cities/DESHPANDE+HOSPITAL-Hospital/nct-11109123
Call log:
  - navigating to "https://www.justdial.com/All-Cities/DESHPANDE+HOSPITAL-Hospital/nct-11109123", waiting until "domcontentloaded"
 (attempt 1/2)
[2026-07-27 21:54:16] WARNING |   Nav error: Page.goto: net::ERR_HTTP2_PROTOCOL_ERROR at https://www.justdial.com/All-Cities/DESHPANDE+HOSPITAL-Hospital/nct-11109123
Call log:
  - navigating to "https://www.justdial.com/All-Cities/DESHPANDE+HOSPITAL-Hospital/nct-11109123", waiting until "domcontentloaded"
 (attempt 2/2)
[2026-07-27 21:54:18] INFO | Phase 1 [853/1083]: Dashmesh Hospital
[2026-07-27 21:54:27] WARNING |   Nav error: Page.goto: net::ERR_HTTP2_PROTOCOL_ERROR at https://www.justdial.com/All-Cities/Dashmesh+Hospital-Hospital/nct-11109123
Call log:
  - navigating to "https://www.justdial.com/All-Cities/Dashmesh+Hospital-Hospital/nct-11109123", waiting until "domcontentloaded"
 (attempt 1/2)
[2026-07-27 21:54:30] WARNING |   Nav error: Page.goto: net::ERR_HTTP2_PROTOCOL_ERROR at https://www.justdial.com/All-Cities/Dashmesh+Hospital-Hospital/nct-11109123
Call log:
  - navigating to "https://www.justdial.com/All-Cities/Dashmesh+Hospital-Hospital/nct-11109123", waiting until "domcontentloaded"
 (attempt 2/2)
[2026-07-27 21:54:32] INFO | Phase 1 [854/1083]: Amarleela Hospital
[2026-07-27 21:54:41] WARNING |   Nav error: Page.goto: net::ERR_HTTP2_PROTOCOL_ERROR at https://www.justdial.com/All-Cities/Amarleela+Hospital-Hospital/nct-11109123
Call log:
  - navigating to "https://www.justdial.com/All-Cities/Amarleela+Hospital-Hospital/nct-11109123", waiting until "domcontentloaded"
 (attempt 1/2)
[2026-07-27 21:54:43] WARNING |   Nav error: Page.goto: net::ERR_HTTP2_PROTOCOL_ERROR at https://www.justdial.com/All-Cities/Amarleela+Hospital-Hospital/nct-11109123
Call log:
  - navigating to "https://www.justdial.com/All-Cities/Amarleela+Hospital-Hospital/nct-11109123", waiting until "domcontentloaded"
 (attempt 2/2)
[2026-07-27 21:54:44] INFO | Phase 1 [855/1083]: Guru Angad Dev Medical Centre
[2026-07-27 21:54:54] WARNING |   Nav error: Page.goto: net::ERR_HTTP2_PROTOCOL_ERROR at https://www.justdial.com/All-Cities/Guru+Angad+Dev+Medical+Centre-Hospital/nct-11109123
Call log:
  - navigating to "https://www.justdial.com/All-Cities/Guru+Angad+Dev+Medical+Centre-Hospital/nct-11109123", waiting until "domcontentloaded"
 (attempt 1/2)
[2026-07-27 21:54:56] WARNING |   Nav error: Page.goto: net::ERR_HTTP2_PROTOCOL_ERROR at https://www.justdial.com/All-Cities/Guru+Angad+Dev+Medical+Centre-Hospital/nct-11109123
Call log:
  - navigating to "https://www.justdial.com/All-Cities/Guru+Angad+Dev+Medical+Centre-Hospital/nct-11109123", waiting until "domcontentloaded"
 (attempt 2/2)
[2026-07-27 21:54:57] INFO | Phase 1 [856/1083]: Tyagi Hospital
[2026-07-27 21:55:07] WARNING |   Nav error: Page.goto: net::ERR_HTTP2_PROTOCOL_ERROR at https://www.justdial.com/All-Cities/Tyagi+Hospital-Hospital/nct-11109123
Call log:
  - navigating to "https://www.justdial.com/All-Cities/Tyagi+Hospital-Hospital/nct-11109123", waiting until "domcontentloaded"
 (attempt 1/2)
[2026-07-27 21:55:09] WARNING |   Nav error: Page.goto: net::ERR_HTTP2_PROTOCOL_ERROR at https://www.justdial.com/All-Cities/Tyagi+Hospital-Hospital/nct-11109123
Call log:
  - navigating to "https://www.justdial.com/All-Cities/Tyagi+Hospital-Hospital/nct-11109123", waiting until "domcontentloaded"
 (attempt 2/2)
[2026-07-27 21:55:13] INFO | Phase 1 [857/1083]: Gujral Medical Centre
[2026-07-27 21:55:22] WARNING |   Nav error: Page.goto: net::ERR_HTTP2_PROTOCOL_ERROR at https://www.justdial.com/All-Cities/Gujral+Medical+Centre-Hospital/nct-11109123
Call log:
  - navigating to "https://www.justdial.com/All-Cities/Gujral+Medical+Centre-Hospital/nct-11109123", waiting until "domcontentloaded"
 (attempt 1/2)
[2026-07-27 21:55:25] WARNING |   Nav error: Page.goto: net::ERR_HTTP2_PROTOCOL_ERROR at https://www.justdial.com/All-Cities/Gujral+Medical+Centre-Hospital/nct-11109123
Call log:
  - navigating to "https://www.justdial.com/All-Cities/Gujral+Medical+Centre-Hospital/nct-11109123", waiting until "domcontentloaded"
 (attempt 2/2)
[2026-07-27 21:55:27] INFO | Phase 1 [858/1083]: Family Hospital
[2026-07-27 21:55:36] WARNING |   Nav error: Page.goto: net::ERR_HTTP2_PROTOCOL_ERROR at https://www.justdial.com/All-Cities/Family+Hospital-Hospital/nct-11109123
Call log:
  - navigating to "https://www.justdial.com/All-Cities/Family+Hospital-Hospital/nct-11109123", waiting until "domcontentloaded"
 (attempt 1/2)
[2026-07-27 21:55:38] WARNING |   Nav error: Page.goto: net::ERR_HTTP2_PROTOCOL_ERROR at https://www.justdial.com/All-Cities/Family+Hospital-Hospital/nct-11109123
Call log:
  - navigating to "https://www.justdial.com/All-Cities/Family+Hospital-Hospital/nct-11109123", waiting until "domcontentloaded"
 (attempt 2/2)
[2026-07-27 21:55:39] INFO | Phase 1 [859/1083]: Shri Daya Dutt Vashist Hospital
[2026-07-27 21:55:49] WARNING |   Nav error: Page.goto: net::ERR_HTTP2_PROTOCOL_ERROR at https://www.justdial.com/All-Cities/Shri+Daya+Dutt+Vashist+Hospital-Hospital/nct-11109123
Call log:
  - navigating to "https://www.justdial.com/All-Cities/Shri+Daya+Dutt+Vashist+Hospital-Hospital/nct-11109123", waiting until "domcontentloaded"
 (attempt 1/2)
[2026-07-27 21:55:51] WARNING |   Nav error: Page.goto: net::ERR_HTTP2_PROTOCOL_ERROR at https://www.justdial.com/All-Cities/Shri+Daya+Dutt+Vashist+Hospital-Hospital/nct-11109123
Call log:
  - navigating to "https://www.justdial.com/All-Cities/Shri+Daya+Dutt+Vashist+Hospital-Hospital/nct-11109123", waiting until "domcontentloaded"
 (attempt 2/2)
[2026-07-27 21:55:53] INFO | Phase 1 [860/1083]: Aastha Hospital & IVF Centre | 24 Hrs Emergency Hospital
[2026-07-27 21:56:02] WARNING |   Nav error: Page.goto: net::ERR_HTTP2_PROTOCOL_ERROR at https://www.justdial.com/All-Cities/Aastha+Hospital+%26+IVF+Centre+%7C+24+Hrs+Emergency+Hospital-Hospital/nct-11109123
Call log:
  - navigating to "https://www.justdial.com/All-Cities/Aastha+Hospital+%26+IVF+Centre+%7C+24+Hrs+Emergency+Hospital-Hospital/nct-11109123", waiting until "domcontentloaded"
 (attempt 1/2)
[2026-07-27 21:56:04] WARNING |   Nav error: Page.goto: net::ERR_HTTP2_PROTOCOL_ERROR at https://www.justdial.com/All-Cities/Aastha+Hospital+%26+IVF+Centre+%7C+24+Hrs+Emergency+Hospital-Hospital/nct-11109123
Call log:
  - navigating to "https://www.justdial.com/All-Cities/Aastha+Hospital+%26+IVF+Centre+%7C+24+Hrs+Emergency+Hospital-Hospital/nct-11109123", waiting until "domcontentloaded"
 (attempt 2/2)
[2026-07-27 21:56:06] INFO | Phase 1 [861/1083]: Westend Hospital
[2026-07-27 21:56:15] WARNING |   Nav error: Page.goto: net::ERR_HTTP2_PROTOCOL_ERROR at https://www.justdial.com/All-Cities/Westend+Hospital-Hospital/nct-11109123
Call log:
  - navigating to "https://www.justdial.com/All-Cities/Westend+Hospital-Hospital/nct-11109123", waiting until "domcontentloaded"
 (attempt 1/2)
[2026-07-27 21:56:17] WARNING |   Nav error: Page.goto: net::ERR_HTTP2_PROTOCOL_ERROR at https://www.justdial.com/All-Cities/Westend+Hospital-Hospital/nct-11109123
Call log:
  - navigating to "https://www.justdial.com/All-Cities/Westend+Hospital-Hospital/nct-11109123", waiting until "domcontentloaded"
 (attempt 2/2)
[2026-07-27 21:56:18] INFO | Phase 1 [862/1083]: Vibhu Nursing Home
[2026-07-27 21:56:27] WARNING |   Nav error: Page.goto: net::ERR_HTTP2_PROTOCOL_ERROR at https://www.justdial.com/All-Cities/Vibhu+Nursing+Home-Hospital/nct-11109123
Call log:
  - navigating to "https://www.justdial.com/All-Cities/Vibhu+Nursing+Home-Hospital/nct-11109123", waiting until "domcontentloaded"
 (attempt 1/2)
[2026-07-27 21:56:29] WARNING |   Nav error: Page.goto: net::ERR_HTTP2_PROTOCOL_ERROR at https://www.justdial.com/All-Cities/Vibhu+Nursing+Home-Hospital/nct-11109123
Call log:
  - navigating to "https://www.justdial.com/All-Cities/Vibhu+Nursing+Home-Hospital/nct-11109123", waiting until "domcontentloaded"
 (attempt 2/2)
[2026-07-27 21:56:31] INFO | Phase 1 [863/1083]: Bal Kishan Memorial Hospital
[2026-07-27 21:56:41] WARNING |   Nav error: Page.goto: net::ERR_HTTP2_PROTOCOL_ERROR at https://www.justdial.com/All-Cities/Bal+Kishan+Memorial+Hospital-Hospital/nct-11109123
Call log:
  - navigating to "https://www.justdial.com/All-Cities/Bal+Kishan+Memorial+Hospital-Hospital/nct-11109123", waiting until "domcontentloaded"
 (attempt 1/2)
[2026-07-27 21:56:43] WARNING |   Nav error: Page.goto: net::ERR_HTTP2_PROTOCOL_ERROR at https://www.justdial.com/All-Cities/Bal+Kishan+Memorial+Hospital-Hospital/nct-11109123
Call log:
  - navigating to "https://www.justdial.com/All-Cities/Bal+Kishan+Memorial+Hospital-Hospital/nct-11109123", waiting until "domcontentloaded"
 (attempt 2/2)
[2026-07-27 21:56:47] INFO | Phase 1 [864/1083]: Dr Sunder Lal Memorial Hospital
[2026-07-27 21:56:55] WARNING |   Nav error: Page.goto: net::ERR_HTTP2_PROTOCOL_ERROR at https://www.justdial.com/All-Cities/Dr+Sunder+Lal+Memorial+Hospital-Hospital/nct-11109123
Call log:
  - navigating to "https://www.justdial.com/All-Cities/Dr+Sunder+Lal+Memorial+Hospital-Hospital/nct-11109123", waiting until "domcontentloaded"
 (attempt 1/2)
[2026-07-27 21:56:58] WARNING |   Nav error: Page.goto: net::ERR_HTTP2_PROTOCOL_ERROR at https://www.justdial.com/All-Cities/Dr+Sunder+Lal+Memorial+Hospital-Hospital/nct-11109123
Call log:
  - navigating to "https://www.justdial.com/All-Cities/Dr+Sunder+Lal+Memorial+Hospital-Hospital/nct-11109123", waiting until "domcontentloaded"
 (attempt 2/2)
[2026-07-27 21:57:00] INFO | Phase 1 [865/1083]: Sukhda Hospital
[2026-07-27 21:57:09] WARNING |   Nav error: Page.goto: net::ERR_HTTP2_PROTOCOL_ERROR at https://www.justdial.com/All-Cities/Sukhda+Hospital-Hospital/nct-11109123
Call log:
  - navigating to "https://www.justdial.com/All-Cities/Sukhda+Hospital-Hospital/nct-11109123", waiting until "domcontentloaded"
 (attempt 1/2)
[2026-07-27 21:57:12] WARNING |   Nav error: Page.goto: net::ERR_HTTP2_PROTOCOL_ERROR at https://www.justdial.com/All-Cities/Sukhda+Hospital-Hospital/nct-11109123
Call log:
  - navigating to "https://www.justdial.com/All-Cities/Sukhda+Hospital-Hospital/nct-11109123", waiting until "domcontentloaded"
 (attempt 2/2)
[2026-07-27 21:57:13] INFO | Phase 1 [866/1083]: C.G.H.S. Dispensary
[2026-07-27 21:57:22] WARNING |   Nav error: Page.goto: net::ERR_HTTP2_PROTOCOL_ERROR at https://www.justdial.com/All-Cities/C.G.H.S.+Dispensary-Hospital/nct-11109123
Call log:
  - navigating to "https://www.justdial.com/All-Cities/C.G.H.S.+Dispensary-Hospital/nct-11109123", waiting until "domcontentloaded"
 (attempt 1/2)
[2026-07-27 21:57:25] WARNING |   Nav error: Page.goto: net::ERR_HTTP2_PROTOCOL_ERROR at https://www.justdial.com/All-Cities/C.G.H.S.+Dispensary-Hospital/nct-11109123
Call log:
  - navigating to "https://www.justdial.com/All-Cities/C.G.H.S.+Dispensary-Hospital/nct-11109123", waiting until "domcontentloaded"
 (attempt 2/2)
[2026-07-27 21:57:27] INFO | Phase 1 [867/1083]: The Honest Cardiology Clinic
[2026-07-27 21:57:36] WARNING |   Nav error: Page.goto: net::ERR_HTTP2_PROTOCOL_ERROR at https://www.justdial.com/All-Cities/The+Honest+Cardiology+Clinic-Hospital/nct-11109123
Call log:
  - navigating to "https://www.justdial.com/All-Cities/The+Honest+Cardiology+Clinic-Hospital/nct-11109123", waiting until "domcontentloaded"
 (attempt 1/2)
[2026-07-27 21:57:38] WARNING |   Nav error: Page.goto: net::ERR_HTTP2_PROTOCOL_ERROR at https://www.justdial.com/All-Cities/The+Honest+Cardiology+Clinic-Hospital/nct-11109123
Call log:
  - navigating to "https://www.justdial.com/All-Cities/The+Honest+Cardiology+Clinic-Hospital/nct-11109123", waiting until "domcontentloaded"
 (attempt 2/2)
[2026-07-27 21:57:39] INFO | Phase 1 [868/1083]: Mehta Hospital
[2026-07-27 21:57:48] WARNING |   Nav error: Page.goto: net::ERR_HTTP2_PROTOCOL_ERROR at https://www.justdial.com/All-Cities/Mehta+Hospital-Hospital/nct-11109123
Call log:
  - navigating to "https://www.justdial.com/All-Cities/Mehta+Hospital-Hospital/nct-11109123", waiting until "domcontentloaded"
 (attempt 1/2)
[2026-07-27 21:57:50] WARNING |   Nav error: Page.goto: net::ERR_HTTP2_PROTOCOL_ERROR at https://www.justdial.com/All-Cities/Mehta+Hospital-Hospital/nct-11109123
Call log:
  - navigating to "https://www.justdial.com/All-Cities/Mehta+Hospital-Hospital/nct-11109123", waiting until "domcontentloaded"
 (attempt 2/2)
[2026-07-27 21:57:52] INFO | Phase 1 [869/1083]: Vashishta Clinics & Hospital For Orthopaedics
[2026-07-27 21:58:01] WARNING |   Nav error: Page.goto: net::ERR_HTTP2_PROTOCOL_ERROR at https://www.justdial.com/All-Cities/Vashishta+Clinics+%26+Hospital+For+Orthopaedics-Hospital/nct-11109123
Call log:
  - navigating to "https://www.justdial.com/All-Cities/Vashishta+Clinics+%26+Hospital+For+Orthopaedics-Hospital/nct-11109123", waiting until "domcontentloaded"
 (attempt 1/2)
[2026-07-27 21:58:03] WARNING |   Nav error: Page.goto: net::ERR_HTTP2_PROTOCOL_ERROR at https://www.justdial.com/All-Cities/Vashishta+Clinics+%26+Hospital+For+Orthopaedics-Hospital/nct-11109123
Call log:
  - navigating to "https://www.justdial.com/All-Cities/Vashishta+Clinics+%26+Hospital+For+Orthopaedics-Hospital/nct-11109123", waiting until "domcontentloaded"
 (attempt 2/2)
[2026-07-27 21:58:04] INFO | Phase 1 [870/1083]: Max Smart Super Speciality Hospital Saket (Max Smart)
[2026-07-27 21:58:13] WARNING |   Nav error: Page.goto: net::ERR_HTTP2_PROTOCOL_ERROR at https://www.justdial.com/All-Cities/Max+Smart+Super+Speciality+Hospital+Saket+%28Max+Smart%29-Hospital/nct-11109123
Call log:
  - navigating to "https://www.justdial.com/All-Cities/Max+Smart+Super+Speciality+Hospital+Saket+%28Max+Smart%29-Hospital/nct-11109123", waiting until "domcontentloaded"
 (attempt 1/2)
[2026-07-27 21:58:15] WARNING |   Nav error: Page.goto: net::ERR_HTTP2_PROTOCOL_ERROR at https://www.justdial.com/All-Cities/Max+Smart+Super+Speciality+Hospital+Saket+%28Max+Smart%29-Hospital/nct-11109123
Call log:
  - navigating to "https://www.justdial.com/All-Cities/Max+Smart+Super+Speciality+Hospital+Saket+%28Max+Smart%29-Hospital/nct-11109123", waiting until "domcontentloaded"
 (attempt 2/2)
[2026-07-27 21:58:18] INFO | Phase 1 [871/1083]: Chikitsa Hospital
[2026-07-27 21:58:27] WARNING |   Nav error: Page.goto: net::ERR_HTTP2_PROTOCOL_ERROR at https://www.justdial.com/All-Cities/Chikitsa+Hospital-Hospital/nct-11109123
Call log:
  - navigating to "https://www.justdial.com/All-Cities/Chikitsa+Hospital-Hospital/nct-11109123", waiting until "domcontentloaded"
 (attempt 1/2)
[2026-07-27 21:58:29] WARNING |   Nav error: Page.goto: net::ERR_HTTP2_PROTOCOL_ERROR at https://www.justdial.com/All-Cities/Chikitsa+Hospital-Hospital/nct-11109123
Call log:
  - navigating to "https://www.justdial.com/All-Cities/Chikitsa+Hospital-Hospital/nct-11109123", waiting until "domcontentloaded"
 (attempt 2/2)
[2026-07-27 21:58:31] INFO | Phase 1 [872/1083]: My Care India
[2026-07-27 21:58:41] WARNING |   Nav error: Page.goto: net::ERR_HTTP2_PROTOCOL_ERROR at https://www.justdial.com/All-Cities/My+Care+India-Hospital/nct-11109123
Call log:
  - navigating to "https://www.justdial.com/All-Cities/My+Care+India-Hospital/nct-11109123", waiting until "domcontentloaded"
 (attempt 1/2)
[2026-07-27 21:58:43] WARNING |   Nav error: Page.goto: net::ERR_HTTP2_PROTOCOL_ERROR at https://www.justdial.com/All-Cities/My+Care+India-Hospital/nct-11109123
Call log:
  - navigating to "https://www.justdial.com/All-Cities/My+Care+India-Hospital/nct-11109123", waiting until "domcontentloaded"
 (attempt 2/2)
[2026-07-27 21:58:45] INFO | Phase 1 [873/1083]: The Specialist Clinic Dental & Medical Care
[2026-07-27 21:58:56] WARNING |   Nav error: Page.goto: net::ERR_HTTP2_PROTOCOL_ERROR at https://www.justdial.com/All-Cities/The+Specialist+Clinic+Dental+%26+Medical+Care-Hospital/nct-11109123
Call log:
  - navigating to "https://www.justdial.com/All-Cities/The+Specialist+Clinic+Dental+%26+Medical+Care-Hospital/nct-11109123", waiting until "domcontentloaded"
 (attempt 1/2)
[2026-07-27 21:58:58] WARNING |   Nav error: Page.goto: net::ERR_HTTP2_PROTOCOL_ERROR at https://www.justdial.com/All-Cities/The+Specialist+Clinic+Dental+%26+Medical+Care-Hospital/nct-11109123
Call log:
  - navigating to "https://www.justdial.com/All-Cities/The+Specialist+Clinic+Dental+%26+Medical+Care-Hospital/nct-11109123", waiting until "domcontentloaded"
 (attempt 2/2)
[2026-07-27 21:59:00] INFO | Phase 1 [874/1083]: PSRI Multispeciality Hospital Delhi
[2026-07-27 21:59:09] WARNING |   Nav error: Page.goto: net::ERR_HTTP2_PROTOCOL_ERROR at https://www.justdial.com/All-Cities/PSRI+Multispeciality+Hospital+Delhi-Hospital/nct-11109123
Call log:
  - navigating to "https://www.justdial.com/All-Cities/PSRI+Multispeciality+Hospital+Delhi-Hospital/nct-11109123", waiting until "domcontentloaded"
 (attempt 1/2)
[2026-07-27 21:59:12] WARNING |   Nav error: Page.goto: net::ERR_HTTP2_PROTOCOL_ERROR at https://www.justdial.com/All-Cities/PSRI+Multispeciality+Hospital+Delhi-Hospital/nct-11109123
Call log:
  - navigating to "https://www.justdial.com/All-Cities/PSRI+Multispeciality+Hospital+Delhi-Hospital/nct-11109123", waiting until "domcontentloaded"
 (attempt 2/2)
[2026-07-27 21:59:13] INFO | Phase 1 [875/1083]: Vardaan Hospital
[2026-07-27 21:59:22] WARNING |   Nav error: Page.goto: net::ERR_HTTP2_PROTOCOL_ERROR at https://www.justdial.com/All-Cities/Vardaan+Hospital-Hospital/nct-11109123
Call log:
  - navigating to "https://www.justdial.com/All-Cities/Vardaan+Hospital-Hospital/nct-11109123", waiting until "domcontentloaded"
 (attempt 1/2)
[2026-07-27 21:59:24] WARNING |   Nav error: Page.goto: net::ERR_HTTP2_PROTOCOL_ERROR at https://www.justdial.com/All-Cities/Vardaan+Hospital-Hospital/nct-11109123
Call log:
  - navigating to "https://www.justdial.com/All-Cities/Vardaan+Hospital-Hospital/nct-11109123", waiting until "domcontentloaded"
 (attempt 2/2)
[2026-07-27 21:59:26] INFO | Phase 1 [876/1083]: Madhukar Rainbow Children s Hospital & BirthRight By Rainbow Hospitals
[2026-07-27 21:59:36] WARNING |   Nav error: Page.goto: net::ERR_HTTP2_PROTOCOL_ERROR at https://www.justdial.com/All-Cities/Madhukar+Rainbow+Children+s+Hospital+%26+BirthRight+By+Rainbow+Hospitals-Hospital/nct-11109123
Call log:
  - navigating to "https://www.justdial.com/All-Cities/Madhukar+Rainbow+Children+s+Hospital+%26+BirthRight+By+Rainbow+Hospitals-Hospital/nct-11109123", waiting until "domcontentloaded"
 (attempt 1/2)
[2026-07-27 21:59:38] WARNING |   Nav error: Page.goto: net::ERR_HTTP2_PROTOCOL_ERROR at https://www.justdial.com/All-Cities/Madhukar+Rainbow+Children+s+Hospital+%26+BirthRight+By+Rainbow+Hospitals-Hospital/nct-11109123
Call log:
  - navigating to "https://www.justdial.com/All-Cities/Madhukar+Rainbow+Children+s+Hospital+%26+BirthRight+By+Rainbow+Hospitals-Hospital/nct-11109123", waiting until "domcontentloaded"
 (attempt 2/2)
[2026-07-27 21:59:40] INFO | Phase 1 [877/1083]: Central Govt. Health Scheme
[2026-07-27 21:59:49] WARNING |   Nav error: Page.goto: net::ERR_HTTP2_PROTOCOL_ERROR at https://www.justdial.com/All-Cities/Central+Govt.+Health+Scheme-Hospital/nct-11109123
Call log:
  - navigating to "https://www.justdial.com/All-Cities/Central+Govt.+Health+Scheme-Hospital/nct-11109123", waiting until "domcontentloaded"
 (attempt 1/2)
[2026-07-27 21:59:51] WARNING |   Nav error: Page.goto: net::ERR_HTTP2_PROTOCOL_ERROR at https://www.justdial.com/All-Cities/Central+Govt.+Health+Scheme-Hospital/nct-11109123
Call log:
  - navigating to "https://www.justdial.com/All-Cities/Central+Govt.+Health+Scheme-Hospital/nct-11109123", waiting until "domcontentloaded"
 (attempt 2/2)
[2026-07-27 21:59:55] INFO | Phase 1 [878/1083]: Bhagwati Hospital
[2026-07-27 22:00:04] WARNING |   Nav error: Page.goto: net::ERR_HTTP2_PROTOCOL_ERROR at https://www.justdial.com/All-Cities/Bhagwati+Hospital-Hospital/nct-11109123
Call log:
  - navigating to "https://www.justdial.com/All-Cities/Bhagwati+Hospital-Hospital/nct-11109123", waiting until "domcontentloaded"
 (attempt 1/2)
[2026-07-27 22:00:06] WARNING |   Nav error: Page.goto: net::ERR_HTTP2_PROTOCOL_ERROR at https://www.justdial.com/All-Cities/Bhagwati+Hospital-Hospital/nct-11109123
Call log:
  - navigating to "https://www.justdial.com/All-Cities/Bhagwati+Hospital-Hospital/nct-11109123", waiting until "domcontentloaded"
 (attempt 2/2)
[2026-07-27 22:00:08] INFO | Phase 1 [879/1083]: Orthonova Hospital
[2026-07-27 22:00:18] WARNING |   Nav error: Page.goto: net::ERR_HTTP2_PROTOCOL_ERROR at https://www.justdial.com/All-Cities/Orthonova+Hospital-Hospital/nct-11109123
Call log:
  - navigating to "https://www.justdial.com/All-Cities/Orthonova+Hospital-Hospital/nct-11109123", waiting until "domcontentloaded"
 (attempt 1/2)
[2026-07-27 22:00:20] WARNING |   Nav error: Page.goto: net::ERR_HTTP2_PROTOCOL_ERROR at https://www.justdial.com/All-Cities/Orthonova+Hospital-Hospital/nct-11109123
Call log:
  - navigating to "https://www.justdial.com/All-Cities/Orthonova+Hospital-Hospital/nct-11109123", waiting until "domcontentloaded"
 (attempt 2/2)
[2026-07-27 22:00:23] INFO | Phase 1 [880/1083]: VNA Hospital - Best Urology Hospital in Delhi Best Orthopedic Hospital in Delhi Multi speciality Hospital
[2026-07-27 22:00:33] WARNING |   Nav error: Page.goto: net::ERR_HTTP2_PROTOCOL_ERROR at https://www.justdial.com/All-Cities/VNA+Hospital+-+Best+Urology+Hospital+in+Delhi+Best+Orthopedic+Hospital+in+Delhi+Multi+speciality+Hospital-Hospital/nct-11109123
Call log:
  - navigating to "https://www.justdial.com/All-Cities/VNA+Hospital+-+Best+Urology+Hospital+in+Delhi+Best+Orthopedic+Hospital+in+Delhi+Multi+speciality+Hospital-Hospital/nct-11109123", waiting until "domcontentloaded"
 (attempt 1/2)
[2026-07-27 22:00:35] WARNING |   Nav error: Page.goto: net::ERR_HTTP2_PROTOCOL_ERROR at https://www.justdial.com/All-Cities/VNA+Hospital+-+Best+Urology+Hospital+in+Delhi+Best+Orthopedic+Hospital+in+Delhi+Multi+speciality+Hospital-Hospital/nct-11109123
Call log:
  - navigating to "https://www.justdial.com/All-Cities/VNA+Hospital+-+Best+Urology+Hospital+in+Delhi+Best+Orthopedic+Hospital+in+Delhi+Multi+speciality+Hospital-Hospital/nct-11109123", waiting until "domcontentloaded"
 (attempt 2/2)
[2026-07-27 22:00:37] INFO | Phase 1 [881/1083]: Healing Touch Surgicals
[2026-07-27 22:00:47] WARNING |   Nav error: Page.goto: net::ERR_HTTP2_PROTOCOL_ERROR at https://www.justdial.com/All-Cities/Healing+Touch+Surgicals-Hospital/nct-11109123
Call log:
  - navigating to "https://www.justdial.com/All-Cities/Healing+Touch+Surgicals-Hospital/nct-11109123", waiting until "domcontentloaded"
 (attempt 1/2)
[2026-07-27 22:00:49] WARNING |   Nav error: Page.goto: net::ERR_HTTP2_PROTOCOL_ERROR at https://www.justdial.com/All-Cities/Healing+Touch+Surgicals-Hospital/nct-11109123
Call log:
  - navigating to "https://www.justdial.com/All-Cities/Healing+Touch+Surgicals-Hospital/nct-11109123", waiting until "domcontentloaded"
 (attempt 2/2)
[2026-07-27 22:00:51] INFO | Phase 1 [882/1083]: MCW Hauz Khas
[2026-07-27 22:01:00] WARNING |   Nav error: Page.goto: net::ERR_HTTP2_PROTOCOL_ERROR at https://www.justdial.com/All-Cities/MCW+Hauz+Khas-Hospital/nct-11109123
Call log:
  - navigating to "https://www.justdial.com/All-Cities/MCW+Hauz+Khas-Hospital/nct-11109123", waiting until "domcontentloaded"
 (attempt 1/2)
[2026-07-27 22:01:02] WARNING |   Nav error: Page.goto: net::ERR_HTTP2_PROTOCOL_ERROR at https://www.justdial.com/All-Cities/MCW+Hauz+Khas-Hospital/nct-11109123
Call log:
  - navigating to "https://www.justdial.com/All-Cities/MCW+Hauz+Khas-Hospital/nct-11109123", waiting until "domcontentloaded"
 (attempt 2/2)
[2026-07-27 22:01:03] INFO | Phase 1 [883/1083]: i Care Centre Eye Hospital in South Delhi
[2026-07-27 22:01:12] WARNING |   Nav error: Page.goto: net::ERR_HTTP2_PROTOCOL_ERROR at https://www.justdial.com/All-Cities/i+Care+Centre+Eye+Hospital+in+South+Delhi-Hospital/nct-11109123
Call log:
  - navigating to "https://www.justdial.com/All-Cities/i+Care+Centre+Eye+Hospital+in+South+Delhi-Hospital/nct-11109123", waiting until "domcontentloaded"
 (attempt 1/2)
[2026-07-27 22:01:15] WARNING |   Nav error: Page.goto: net::ERR_HTTP2_PROTOCOL_ERROR at https://www.justdial.com/All-Cities/i+Care+Centre+Eye+Hospital+in+South+Delhi-Hospital/nct-11109123
Call log:
  - navigating to "https://www.justdial.com/All-Cities/i+Care+Centre+Eye+Hospital+in+South+Delhi-Hospital/nct-11109123", waiting until "domcontentloaded"
 (attempt 2/2)
[2026-07-27 22:01:17] INFO | Phase 1 [884/1083]: Sarthak Hospitals
[2026-07-27 22:01:25] WARNING |   Nav error: Page.goto: net::ERR_HTTP2_PROTOCOL_ERROR at https://www.justdial.com/All-Cities/Sarthak+Hospitals-Hospital/nct-11109123
Call log:
  - navigating to "https://www.justdial.com/All-Cities/Sarthak+Hospitals-Hospital/nct-11109123", waiting until "domcontentloaded"
 (attempt 1/2)
[2026-07-27 22:01:28] WARNING |   Nav error: Page.goto: net::ERR_HTTP2_PROTOCOL_ERROR at https://www.justdial.com/All-Cities/Sarthak+Hospitals-Hospital/nct-11109123
Call log:
  - navigating to "https://www.justdial.com/All-Cities/Sarthak+Hospitals-Hospital/nct-11109123", waiting until "domcontentloaded"
 (attempt 2/2)
[2026-07-27 22:01:31] INFO | Phase 1 [885/1083]: Sitaram Bhartia Institute of Science and Research
[2026-07-27 22:01:41] WARNING |   Nav error: Page.goto: net::ERR_HTTP2_PROTOCOL_ERROR at https://www.justdial.com/All-Cities/Sitaram+Bhartia+Institute+of+Science+and+Research-Hospital/nct-11109123
Call log:
  - navigating to "https://www.justdial.com/All-Cities/Sitaram+Bhartia+Institute+of+Science+and+Research-Hospital/nct-11109123", waiting until "domcontentloaded"
 (attempt 1/2)
[2026-07-27 22:01:43] WARNING |   Nav error: Page.goto: net::ERR_HTTP2_PROTOCOL_ERROR at https://www.justdial.com/All-Cities/Sitaram+Bhartia+Institute+of+Science+and+Research-Hospital/nct-11109123
Call log:
  - navigating to "https://www.justdial.com/All-Cities/Sitaram+Bhartia+Institute+of+Science+and+Research-Hospital/nct-11109123", waiting until "domcontentloaded"
 (attempt 2/2)
[2026-07-27 22:01:45] INFO | Phase 1 [886/1083]: Hospital
[2026-07-27 22:01:55] WARNING |   Nav error: Page.goto: net::ERR_HTTP2_PROTOCOL_ERROR at https://www.justdial.com/All-Cities/Hospital-Hospital/nct-11109123
Call log:
  - navigating to "https://www.justdial.com/All-Cities/Hospital-Hospital/nct-11109123", waiting until "domcontentloaded"
 (attempt 1/2)
[2026-07-27 22:01:57] WARNING |   Nav error: Page.goto: net::ERR_HTTP2_PROTOCOL_ERROR at https://www.justdial.com/All-Cities/Hospital-Hospital/nct-11109123
Call log:
  - navigating to "https://www.justdial.com/All-Cities/Hospital-Hospital/nct-11109123", waiting until "domcontentloaded"
 (attempt 2/2)
[2026-07-27 22:01:59] INFO | Phase 1 [887/1083]: Mami%u2019s Doctor
[2026-07-27 22:02:10] WARNING |   Nav error: Page.goto: net::ERR_HTTP2_PROTOCOL_ERROR at https://www.justdial.com/All-Cities/Mami%25u2019s+Doctor-Hospital/nct-11109123
Call log:
  - navigating to "https://www.justdial.com/All-Cities/Mami%25u2019s+Doctor-Hospital/nct-11109123", waiting until "domcontentloaded"
 (attempt 1/2)
[2026-07-27 22:02:12] WARNING |   Nav error: Page.goto: net::ERR_HTTP2_PROTOCOL_ERROR at https://www.justdial.com/All-Cities/Mami%25u2019s+Doctor-Hospital/nct-11109123
Call log:
  - navigating to "https://www.justdial.com/All-Cities/Mami%25u2019s+Doctor-Hospital/nct-11109123", waiting until "domcontentloaded"
 (attempt 2/2)
[2026-07-27 22:02:15] INFO | Phase 1 [888/1083]: The Neptune Hospital
[2026-07-27 22:02:24] WARNING |   Nav error: Page.goto: net::ERR_HTTP2_PROTOCOL_ERROR at https://www.justdial.com/All-Cities/The+Neptune+Hospital-Hospital/nct-11109123
Call log:
  - navigating to "https://www.justdial.com/All-Cities/The+Neptune+Hospital-Hospital/nct-11109123", waiting until "domcontentloaded"
 (attempt 1/2)
[2026-07-27 22:02:26] WARNING |   Nav error: Page.goto: net::ERR_HTTP2_PROTOCOL_ERROR at https://www.justdial.com/All-Cities/The+Neptune+Hospital-Hospital/nct-11109123
Call log:
  - navigating to "https://www.justdial.com/All-Cities/The+Neptune+Hospital-Hospital/nct-11109123", waiting until "domcontentloaded"
 (attempt 2/2)
[2026-07-27 22:02:28] INFO | Phase 1 [889/1083]: Medeor Hospital Qutab Institutional Area New Delhi
[2026-07-27 22:02:37] WARNING |   Nav error: Page.goto: net::ERR_HTTP2_PROTOCOL_ERROR at https://www.justdial.com/All-Cities/Medeor+Hospital+Qutab+Institutional+Area+New+Delhi-Hospital/nct-11109123
Call log:
  - navigating to "https://www.justdial.com/All-Cities/Medeor+Hospital+Qutab+Institutional+Area+New+Delhi-Hospital/nct-11109123", waiting until "domcontentloaded"
 (attempt 1/2)
[2026-07-27 22:02:40] WARNING |   Nav error: Page.goto: net::ERR_HTTP2_PROTOCOL_ERROR at https://www.justdial.com/All-Cities/Medeor+Hospital+Qutab+Institutional+Area+New+Delhi-Hospital/nct-11109123
Call log:
  - navigating to "https://www.justdial.com/All-Cities/Medeor+Hospital+Qutab+Institutional+Area+New+Delhi-Hospital/nct-11109123", waiting until "domcontentloaded"
 (attempt 2/2)
[2026-07-27 22:02:41] INFO | Phase 1 [890/1083]: Healing Touch Hospital
[2026-07-27 22:02:50] WARNING |   Nav error: Page.goto: net::ERR_HTTP2_PROTOCOL_ERROR at https://www.justdial.com/All-Cities/Healing+Touch+Hospital-Hospital/nct-11109123
Call log:
  - navigating to "https://www.justdial.com/All-Cities/Healing+Touch+Hospital-Hospital/nct-11109123", waiting until "domcontentloaded"
 (attempt 1/2)
[2026-07-27 22:02:52] WARNING |   Nav error: Page.goto: net::ERR_HTTP2_PROTOCOL_ERROR at https://www.justdial.com/All-Cities/Healing+Touch+Hospital-Hospital/nct-11109123
Call log:
  - navigating to "https://www.justdial.com/All-Cities/Healing+Touch+Hospital-Hospital/nct-11109123", waiting until "domcontentloaded"
 (attempt 2/2)
[2026-07-27 22:02:54] INFO | Phase 1 [891/1083]: MKW Hospital
[2026-07-27 22:03:03] WARNING |   Nav error: Page.goto: net::ERR_HTTP2_PROTOCOL_ERROR at https://www.justdial.com/All-Cities/MKW+Hospital-Hospital/nct-11109123
Call log:
  - navigating to "https://www.justdial.com/All-Cities/MKW+Hospital-Hospital/nct-11109123", waiting until "domcontentloaded"
 (attempt 1/2)
[2026-07-27 22:03:05] WARNING |   Nav error: Page.goto: net::ERR_HTTP2_PROTOCOL_ERROR at https://www.justdial.com/All-Cities/MKW+Hospital-Hospital/nct-11109123
Call log:
  - navigating to "https://www.justdial.com/All-Cities/MKW+Hospital-Hospital/nct-11109123", waiting until "domcontentloaded"
 (attempt 2/2)
[2026-07-27 22:03:07] INFO | Phase 1 [892/1083]: Joyce IVF
[2026-07-27 22:03:17] WARNING |   Nav error: Page.goto: net::ERR_HTTP2_PROTOCOL_ERROR at https://www.justdial.com/All-Cities/Joyce+IVF-Hospital/nct-11109123
Call log:
  - navigating to "https://www.justdial.com/All-Cities/Joyce+IVF-Hospital/nct-11109123", waiting until "domcontentloaded"
 (attempt 1/2)
[2026-07-27 22:03:19] WARNING |   Nav error: Page.goto: net::ERR_HTTP2_PROTOCOL_ERROR at https://www.justdial.com/All-Cities/Joyce+IVF-Hospital/nct-11109123
Call log:
  - navigating to "https://www.justdial.com/All-Cities/Joyce+IVF-Hospital/nct-11109123", waiting until "domcontentloaded"
 (attempt 2/2)
[2026-07-27 22:03:22] INFO | Phase 1 [893/1083]: CK Birla Hospital Delhi
[2026-07-27 22:03:32] WARNING |   Nav error: Page.goto: net::ERR_HTTP2_PROTOCOL_ERROR at https://www.justdial.com/All-Cities/CK+Birla+Hospital+Delhi-Hospital/nct-11109123
Call log:
  - navigating to "https://www.justdial.com/All-Cities/CK+Birla+Hospital+Delhi-Hospital/nct-11109123", waiting until "domcontentloaded"
 (attempt 1/2)
[2026-07-27 22:03:34] WARNING |   Nav error: Page.goto: net::ERR_HTTP2_PROTOCOL_ERROR at https://www.justdial.com/All-Cities/CK+Birla+Hospital+Delhi-Hospital/nct-11109123
Call log:
  - navigating to "https://www.justdial.com/All-Cities/CK+Birla+Hospital+Delhi-Hospital/nct-11109123", waiting until "domcontentloaded"
 (attempt 2/2)
[2026-07-27 22:03:36] INFO | Phase 1 [894/1083]: Complete Dental Care Ramesh Nagar
[2026-07-27 22:03:45] WARNING |   Nav error: Page.goto: net::ERR_HTTP2_PROTOCOL_ERROR at https://www.justdial.com/All-Cities/Complete+Dental+Care+Ramesh+Nagar-Hospital/nct-11109123
Call log:
  - navigating to "https://www.justdial.com/All-Cities/Complete+Dental+Care+Ramesh+Nagar-Hospital/nct-11109123", waiting until "domcontentloaded"
 (attempt 1/2)
[2026-07-27 22:03:47] WARNING |   Nav error: Page.goto: net::ERR_HTTP2_PROTOCOL_ERROR at https://www.justdial.com/All-Cities/Complete+Dental+Care+Ramesh+Nagar-Hospital/nct-11109123
Call log:
  - navigating to "https://www.justdial.com/All-Cities/Complete+Dental+Care+Ramesh+Nagar-Hospital/nct-11109123", waiting until "domcontentloaded"
 (attempt 2/2)
[2026-07-27 22:03:49] INFO | Phase 1 [895/1083]: Govt. Ayurvedic Hospital
[2026-07-27 22:03:58] WARNING |   Nav error: Page.goto: net::ERR_HTTP2_PROTOCOL_ERROR at https://www.justdial.com/All-Cities/Govt.+Ayurvedic+Hospital-Hospital/nct-11109123
Call log:
  - navigating to "https://www.justdial.com/All-Cities/Govt.+Ayurvedic+Hospital-Hospital/nct-11109123", waiting until "domcontentloaded"
 (attempt 1/2)
[2026-07-27 22:04:00] WARNING |   Nav error: Page.goto: net::ERR_HTTP2_PROTOCOL_ERROR at https://www.justdial.com/All-Cities/Govt.+Ayurvedic+Hospital-Hospital/nct-11109123
Call log:
  - navigating to "https://www.justdial.com/All-Cities/Govt.+Ayurvedic+Hospital-Hospital/nct-11109123", waiting until "domcontentloaded"
 (attempt 2/2)
[2026-07-27 22:04:01] INFO | Phase 1 [896/1083]: New Medical Centre
[2026-07-27 22:04:11] WARNING |   Nav error: Page.goto: net::ERR_HTTP2_PROTOCOL_ERROR at https://www.justdial.com/All-Cities/New+Medical+Centre-Hospital/nct-11109123
Call log:
  - navigating to "https://www.justdial.com/All-Cities/New+Medical+Centre-Hospital/nct-11109123", waiting until "domcontentloaded"
 (attempt 1/2)
[2026-07-27 22:04:13] WARNING |   Nav error: Page.goto: net::ERR_HTTP2_PROTOCOL_ERROR at https://www.justdial.com/All-Cities/New+Medical+Centre-Hospital/nct-11109123
Call log:
  - navigating to "https://www.justdial.com/All-Cities/New+Medical+Centre-Hospital/nct-11109123", waiting until "domcontentloaded"
 (attempt 2/2)
[2026-07-27 22:04:15] INFO | Phase 1 [897/1083]: Employees State Insurance Model Hospital
[2026-07-27 22:04:24] WARNING |   Nav error: Page.goto: net::ERR_HTTP2_PROTOCOL_ERROR at https://www.justdial.com/All-Cities/Employees+State+Insurance+Model+Hospital-Hospital/nct-11109123
Call log:
  - navigating to "https://www.justdial.com/All-Cities/Employees+State+Insurance+Model+Hospital-Hospital/nct-11109123", waiting until "domcontentloaded"
 (attempt 1/2)
[2026-07-27 22:04:26] WARNING |   Nav error: Page.goto: net::ERR_HTTP2_PROTOCOL_ERROR at https://www.justdial.com/All-Cities/Employees+State+Insurance+Model+Hospital-Hospital/nct-11109123
Call log:
  - navigating to "https://www.justdial.com/All-Cities/Employees+State+Insurance+Model+Hospital-Hospital/nct-11109123", waiting until "domcontentloaded"
 (attempt 2/2)
[2026-07-27 22:04:28] INFO | Phase 1 [898/1083]: Ayu Health Hospitals
[2026-07-27 22:04:38] WARNING |   Nav error: Page.goto: net::ERR_HTTP2_PROTOCOL_ERROR at https://www.justdial.com/All-Cities/Ayu+Health+Hospitals-Hospital/nct-11109123
Call log:
  - navigating to "https://www.justdial.com/All-Cities/Ayu+Health+Hospitals-Hospital/nct-11109123", waiting until "domcontentloaded"
 (attempt 1/2)
[2026-07-27 22:04:40] WARNING |   Nav error: Page.goto: net::ERR_HTTP2_PROTOCOL_ERROR at https://www.justdial.com/All-Cities/Ayu+Health+Hospitals-Hospital/nct-11109123
Call log:
  - navigating to "https://www.justdial.com/All-Cities/Ayu+Health+Hospitals-Hospital/nct-11109123", waiting until "domcontentloaded"
 (attempt 2/2)
[2026-07-27 22:04:41] INFO | Phase 1 [899/1083]: Sahi Hospital
[2026-07-27 22:04:51] WARNING |   Nav error: Page.goto: net::ERR_HTTP2_PROTOCOL_ERROR at https://www.justdial.com/All-Cities/Sahi+Hospital-Hospital/nct-11109123
Call log:
  - navigating to "https://www.justdial.com/All-Cities/Sahi+Hospital-Hospital/nct-11109123", waiting until "domcontentloaded"
 (attempt 1/2)
[2026-07-27 22:04:53] WARNING |   Nav error: Page.goto: net::ERR_HTTP2_PROTOCOL_ERROR at https://www.justdial.com/All-Cities/Sahi+Hospital-Hospital/nct-11109123
Call log:
  - navigating to "https://www.justdial.com/All-Cities/Sahi+Hospital-Hospital/nct-11109123", waiting until "domcontentloaded"
 (attempt 2/2)
[2026-07-27 22:04:56] INFO | Phase 1 [900/1083]: Amliya butick
[2026-07-27 22:05:06] WARNING |   Nav error: Page.goto: net::ERR_HTTP2_PROTOCOL_ERROR at https://www.justdial.com/All-Cities/Amliya+butick-Hospital/nct-11109123
Call log:
  - navigating to "https://www.justdial.com/All-Cities/Amliya+butick-Hospital/nct-11109123", waiting until "domcontentloaded"
 (attempt 1/2)
[2026-07-27 22:05:08] WARNING |   Nav error: Page.goto: net::ERR_HTTP2_PROTOCOL_ERROR at https://www.justdial.com/All-Cities/Amliya+butick-Hospital/nct-11109123
Call log:
  - navigating to "https://www.justdial.com/All-Cities/Amliya+butick-Hospital/nct-11109123", waiting until "domcontentloaded"
 (attempt 2/2)
[2026-07-27 22:05:10] INFO | Phase 1 [901/1083]: Satyanand Medical Centre
[2026-07-27 22:05:19] WARNING |   Nav error: Page.goto: net::ERR_HTTP2_PROTOCOL_ERROR at https://www.justdial.com/All-Cities/Satyanand+Medical+Centre-Hospital/nct-11109123
Call log:
  - navigating to "https://www.justdial.com/All-Cities/Satyanand+Medical+Centre-Hospital/nct-11109123", waiting until "domcontentloaded"
 (attempt 1/2)
[2026-07-27 22:05:21] WARNING |   Nav error: Page.goto: net::ERR_HTTP2_PROTOCOL_ERROR at https://www.justdial.com/All-Cities/Satyanand+Medical+Centre-Hospital/nct-11109123
Call log:
  - navigating to "https://www.justdial.com/All-Cities/Satyanand+Medical+Centre-Hospital/nct-11109123", waiting until "domcontentloaded"
 (attempt 2/2)
[2026-07-27 22:05:23] INFO | Phase 1 [902/1083]: Dr. Sukhbir Singh
[2026-07-27 22:05:32] WARNING |   Nav error: Page.goto: net::ERR_HTTP2_PROTOCOL_ERROR at https://www.justdial.com/All-Cities/Dr.+Sukhbir+Singh-Hospital/nct-11109123
Call log:
  - navigating to "https://www.justdial.com/All-Cities/Dr.+Sukhbir+Singh-Hospital/nct-11109123", waiting until "domcontentloaded"
 (attempt 1/2)
[2026-07-27 22:05:34] WARNING |   Nav error: Page.goto: net::ERR_HTTP2_PROTOCOL_ERROR at https://www.justdial.com/All-Cities/Dr.+Sukhbir+Singh-Hospital/nct-11109123
Call log:
  - navigating to "https://www.justdial.com/All-Cities/Dr.+Sukhbir+Singh-Hospital/nct-11109123", waiting until "domcontentloaded"
 (attempt 2/2)
[2026-07-27 22:05:36] INFO | Phase 1 [903/1083]: Acharya Shree Bhikshu Hospital
[2026-07-27 22:05:45] WARNING |   Nav error: Page.goto: net::ERR_HTTP2_PROTOCOL_ERROR at https://www.justdial.com/All-Cities/Acharya+Shree+Bhikshu+Hospital-Hospital/nct-11109123
Call log:
  - navigating to "https://www.justdial.com/All-Cities/Acharya+Shree+Bhikshu+Hospital-Hospital/nct-11109123", waiting until "domcontentloaded"
 (attempt 1/2)
[2026-07-27 22:05:47] WARNING |   Nav error: Page.goto: net::ERR_HTTP2_PROTOCOL_ERROR at https://www.justdial.com/All-Cities/Acharya+Shree+Bhikshu+Hospital-Hospital/nct-11109123
Call log:
  - navigating to "https://www.justdial.com/All-Cities/Acharya+Shree+Bhikshu+Hospital-Hospital/nct-11109123", waiting until "domcontentloaded"
 (attempt 2/2)
[2026-07-27 22:05:48] INFO | Phase 1 [904/1083]: Himgiri Hospital
[2026-07-27 22:05:57] WARNING |   Nav error: Page.goto: net::ERR_HTTP2_PROTOCOL_ERROR at https://www.justdial.com/All-Cities/Himgiri+Hospital-Hospital/nct-11109123
Call log:
  - navigating to "https://www.justdial.com/All-Cities/Himgiri+Hospital-Hospital/nct-11109123", waiting until "domcontentloaded"
 (attempt 1/2)
[2026-07-27 22:05:59] WARNING |   Nav error: Page.goto: net::ERR_HTTP2_PROTOCOL_ERROR at https://www.justdial.com/All-Cities/Himgiri+Hospital-Hospital/nct-11109123
Call log:
  - navigating to "https://www.justdial.com/All-Cities/Himgiri+Hospital-Hospital/nct-11109123", waiting until "domcontentloaded"
 (attempt 2/2)
[2026-07-27 22:06:01] INFO | Phase 1 [905/1083]: dELHI gOVT hOSPITAL
[2026-07-27 22:06:10] WARNING |   Nav error: Page.goto: net::ERR_HTTP2_PROTOCOL_ERROR at https://www.justdial.com/All-Cities/dELHI+gOVT+hOSPITAL-Hospital/nct-11109123
Call log:
  - navigating to "https://www.justdial.com/All-Cities/dELHI+gOVT+hOSPITAL-Hospital/nct-11109123", waiting until "domcontentloaded"
 (attempt 1/2)
[2026-07-27 22:06:13] WARNING |   Nav error: Page.goto: net::ERR_HTTP2_PROTOCOL_ERROR at https://www.justdial.com/All-Cities/dELHI+gOVT+hOSPITAL-Hospital/nct-11109123
Call log:
  - navigating to "https://www.justdial.com/All-Cities/dELHI+gOVT+hOSPITAL-Hospital/nct-11109123", waiting until "domcontentloaded"
 (attempt 2/2)
[2026-07-27 22:06:15] INFO | Phase 1 [906/1083]: Ashray Medical Centre
[2026-07-27 22:06:24] WARNING |   Nav error: Page.goto: net::ERR_HTTP2_PROTOCOL_ERROR at https://www.justdial.com/All-Cities/Ashray+Medical+Centre-Hospital/nct-11109123
Call log:
  - navigating to "https://www.justdial.com/All-Cities/Ashray+Medical+Centre-Hospital/nct-11109123", waiting until "domcontentloaded"
 (attempt 1/2)
[2026-07-27 22:06:26] WARNING |   Nav error: Page.goto: net::ERR_HTTP2_PROTOCOL_ERROR at https://www.justdial.com/All-Cities/Ashray+Medical+Centre-Hospital/nct-11109123
Call log:
  - navigating to "https://www.justdial.com/All-Cities/Ashray+Medical+Centre-Hospital/nct-11109123", waiting until "domcontentloaded"
 (attempt 2/2)
[2026-07-27 22:06:30] INFO | Phase 1 [907/1083]: Kapoor Medical Centre
[2026-07-27 22:06:39] WARNING |   Nav error: Page.goto: net::ERR_HTTP2_PROTOCOL_ERROR at https://www.justdial.com/All-Cities/Kapoor+Medical+Centre-Hospital/nct-11109123
Call log:
  - navigating to "https://www.justdial.com/All-Cities/Kapoor+Medical+Centre-Hospital/nct-11109123", waiting until "domcontentloaded"
 (attempt 1/2)
[2026-07-27 22:06:42] WARNING |   Nav error: Page.goto: net::ERR_HTTP2_PROTOCOL_ERROR at https://www.justdial.com/All-Cities/Kapoor+Medical+Centre-Hospital/nct-11109123
Call log:
  - navigating to "https://www.justdial.com/All-Cities/Kapoor+Medical+Centre-Hospital/nct-11109123", waiting until "domcontentloaded"
 (attempt 2/2)
[2026-07-27 22:06:43] INFO | Phase 1 [908/1083]: Sri Guru Nanak Charitable Hospital
[2026-07-27 22:06:53] WARNING |   Nav error: Page.goto: net::ERR_HTTP2_PROTOCOL_ERROR at https://www.justdial.com/All-Cities/Sri+Guru+Nanak+Charitable+Hospital-Hospital/nct-11109123
Call log:
  - navigating to "https://www.justdial.com/All-Cities/Sri+Guru+Nanak+Charitable+Hospital-Hospital/nct-11109123", waiting until "domcontentloaded"
 (attempt 1/2)
[2026-07-27 22:06:55] WARNING |   Nav error: Page.goto: net::ERR_HTTP2_PROTOCOL_ERROR at https://www.justdial.com/All-Cities/Sri+Guru+Nanak+Charitable+Hospital-Hospital/nct-11109123
Call log:
  - navigating to "https://www.justdial.com/All-Cities/Sri+Guru+Nanak+Charitable+Hospital-Hospital/nct-11109123", waiting until "domcontentloaded"
 (attempt 2/2)
[2026-07-27 22:06:56] INFO | Phase 1 [909/1083]: Daya Memorial Hospital / Hygiea Hospital
[2026-07-27 22:07:05] WARNING |   Nav error: Page.goto: net::ERR_HTTP2_PROTOCOL_ERROR at https://www.justdial.com/All-Cities/Daya+Memorial+Hospital+%2F+Hygiea+Hospital-Hospital/nct-11109123
Call log:
  - navigating to "https://www.justdial.com/All-Cities/Daya+Memorial+Hospital+%2F+Hygiea+Hospital-Hospital/nct-11109123", waiting until "domcontentloaded"
 (attempt 1/2)
[2026-07-27 22:07:07] WARNING |   Nav error: Page.goto: net::ERR_HTTP2_PROTOCOL_ERROR at https://www.justdial.com/All-Cities/Daya+Memorial+Hospital+%2F+Hygiea+Hospital-Hospital/nct-11109123
Call log:
  - navigating to "https://www.justdial.com/All-Cities/Daya+Memorial+Hospital+%2F+Hygiea+Hospital-Hospital/nct-11109123", waiting until "domcontentloaded"
 (attempt 2/2)
[2026-07-27 22:07:09] INFO | Phase 1 [910/1083]: Triton Hospital
[2026-07-27 22:07:18] WARNING |   Nav error: Page.goto: net::ERR_HTTP2_PROTOCOL_ERROR at https://www.justdial.com/All-Cities/Triton+Hospital-Hospital/nct-11109123
Call log:
  - navigating to "https://www.justdial.com/All-Cities/Triton+Hospital-Hospital/nct-11109123", waiting until "domcontentloaded"
 (attempt 1/2)
[2026-07-27 22:07:21] WARNING |   Nav error: Page.goto: net::ERR_HTTP2_PROTOCOL_ERROR at https://www.justdial.com/All-Cities/Triton+Hospital-Hospital/nct-11109123
Call log:
  - navigating to "https://www.justdial.com/All-Cities/Triton+Hospital-Hospital/nct-11109123", waiting until "domcontentloaded"
 (attempt 2/2)
[2026-07-27 22:07:23] INFO | Phase 1 [911/1083]: Mission DELHI (Delhi Emergency Heart-Attack Initiative)
[2026-07-27 22:07:33] WARNING |   Nav error: Page.goto: net::ERR_HTTP2_PROTOCOL_ERROR at https://www.justdial.com/All-Cities/Mission+DELHI+%28Delhi+Emergency+Heart-Attack+Initiative%29-Hospital/nct-11109123
Call log:
  - navigating to "https://www.justdial.com/All-Cities/Mission+DELHI+%28Delhi+Emergency+Heart-Attack+Initiative%29-Hospital/nct-11109123", waiting until "domcontentloaded"
 (attempt 1/2)
[2026-07-27 22:07:35] WARNING |   Nav error: Page.goto: net::ERR_HTTP2_PROTOCOL_ERROR at https://www.justdial.com/All-Cities/Mission+DELHI+%28Delhi+Emergency+Heart-Attack+Initiative%29-Hospital/nct-11109123
Call log:
  - navigating to "https://www.justdial.com/All-Cities/Mission+DELHI+%28Delhi+Emergency+Heart-Attack+Initiative%29-Hospital/nct-11109123", waiting until "domcontentloaded"
 (attempt 2/2)
[2026-07-27 22:07:37] INFO | Phase 1 [912/1083]: Contact 877708t0496 Vikas Hospital
[2026-07-27 22:07:46] WARNING |   Nav error: Page.goto: net::ERR_HTTP2_PROTOCOL_ERROR at https://www.justdial.com/All-Cities/Contact+877708t0496+Vikas+Hospital-Hospital/nct-11109123
Call log:
  - navigating to "https://www.justdial.com/All-Cities/Contact+877708t0496+Vikas+Hospital-Hospital/nct-11109123", waiting until "domcontentloaded"
 (attempt 1/2)
[2026-07-27 22:07:48] WARNING |   Nav error: Page.goto: net::ERR_HTTP2_PROTOCOL_ERROR at https://www.justdial.com/All-Cities/Contact+877708t0496+Vikas+Hospital-Hospital/nct-11109123
Call log:
  - navigating to "https://www.justdial.com/All-Cities/Contact+877708t0496+Vikas+Hospital-Hospital/nct-11109123", waiting until "domcontentloaded"
 (attempt 2/2)
[2026-07-27 22:07:49] INFO | Phase 1 [913/1083]: BSF Hospital
[2026-07-27 22:07:59] WARNING |   Nav error: Page.goto: net::ERR_HTTP2_PROTOCOL_ERROR at https://www.justdial.com/All-Cities/BSF+Hospital-Hospital/nct-11109123
Call log:
  - navigating to "https://www.justdial.com/All-Cities/BSF+Hospital-Hospital/nct-11109123", waiting until "domcontentloaded"
 (attempt 1/2)
[2026-07-27 22:08:01] WARNING |   Nav error: Page.goto: net::ERR_HTTP2_PROTOCOL_ERROR at https://www.justdial.com/All-Cities/BSF+Hospital-Hospital/nct-11109123
Call log:
  - navigating to "https://www.justdial.com/All-Cities/BSF+Hospital-Hospital/nct-11109123", waiting until "domcontentloaded"
 (attempt 2/2)
[2026-07-27 22:08:02] INFO | Phase 1 [914/1083]: Central Hospital
[2026-07-27 22:08:12] WARNING |   Nav error: Page.goto: net::ERR_HTTP2_PROTOCOL_ERROR at https://www.justdial.com/All-Cities/Central+Hospital-Hospital/nct-11109123
Call log:
  - navigating to "https://www.justdial.com/All-Cities/Central+Hospital-Hospital/nct-11109123", waiting until "domcontentloaded"
 (attempt 1/2)
[2026-07-27 22:08:14] WARNING |   Nav error: Page.goto: net::ERR_HTTP2_PROTOCOL_ERROR at https://www.justdial.com/All-Cities/Central+Hospital-Hospital/nct-11109123
Call log:
  - navigating to "https://www.justdial.com/All-Cities/Central+Hospital-Hospital/nct-11109123", waiting until "domcontentloaded"
 (attempt 2/2)
[2026-07-27 22:08:18] INFO | Phase 1 [915/1083]: Mother & Child Hospital
[2026-07-27 22:08:28] WARNING |   Nav error: Page.goto: net::ERR_HTTP2_PROTOCOL_ERROR at https://www.justdial.com/All-Cities/Mother+%26+Child+Hospital-Hospital/nct-11109123
Call log:
  - navigating to "https://www.justdial.com/All-Cities/Mother+%26+Child+Hospital-Hospital/nct-11109123", waiting until "domcontentloaded"
 (attempt 1/2)
[2026-07-27 22:08:30] WARNING |   Nav error: Page.goto: net::ERR_HTTP2_PROTOCOL_ERROR at https://www.justdial.com/All-Cities/Mother+%26+Child+Hospital-Hospital/nct-11109123
Call log:
  - navigating to "https://www.justdial.com/All-Cities/Mother+%26+Child+Hospital-Hospital/nct-11109123", waiting until "domcontentloaded"
 (attempt 2/2)
[2026-07-27 22:08:32] INFO | Phase 1 [916/1083]: %u0627%u0641%u0636%u0644 %u0645%u0633%u062A%u0634%u0641%u064A%u0627%u062A %u0627%u0644%u0647%u0646%u062F
[2026-07-27 22:08:42] WARNING |   Nav error: Page.goto: net::ERR_HTTP2_PROTOCOL_ERROR at https://www.justdial.com/All-Cities/%25u0627%25u0641%25u0636%25u0644+%25u0645%25u0633%25u062A%25u0634%25u0641%25u064A%25u0627%25u062A+%25u0627%25u0644%25u0647%25u0646%25u062F-Hospital/nct-11109123
Call log:
  - navigating to "https://www.justdial.com/All-Cities/%25u0627%25u0641%25u0636%25u0644+%25u0645%25u0633%25u062A%25u0634%25u0641%25u064A%25u0627%25u062A+%25u0627%25u0644%25u0647%25u0646%25u062F-Hospital/nct-11109123", waiting until "domcontentloaded"
 (attempt 1/2)
[2026-07-27 22:08:44] WARNING |   Nav error: Page.goto: net::ERR_HTTP2_PROTOCOL_ERROR at https://www.justdial.com/All-Cities/%25u0627%25u0641%25u0636%25u0644+%25u0645%25u0633%25u062A%25u0634%25u0641%25u064A%25u0627%25u062A+%25u0627%25u0644%25u0647%25u0646%25u062F-Hospital/nct-11109123
Call log:
  - navigating to "https://www.justdial.com/All-Cities/%25u0627%25u0641%25u0636%25u0644+%25u0645%25u0633%25u062A%25u0634%25u0641%25u064A%25u0627%25u062A+%25u0627%25u0644%25u0647%25u0646%25u062F-Hospital/nct-11109123", waiting until "domcontentloaded"
 (attempt 2/2)
[2026-07-27 22:08:46] INFO | Phase 1 [917/1083]: Base Hospital Delhi Cantt
[2026-07-27 22:08:55] WARNING |   Nav error: Page.goto: net::ERR_HTTP2_PROTOCOL_ERROR at https://www.justdial.com/All-Cities/Base+Hospital+Delhi+Cantt-Hospital/nct-11109123
Call log:
  - navigating to "https://www.justdial.com/All-Cities/Base+Hospital+Delhi+Cantt-Hospital/nct-11109123", waiting until "domcontentloaded"
 (attempt 1/2)
[2026-07-27 22:08:57] WARNING |   Nav error: Page.goto: net::ERR_HTTP2_PROTOCOL_ERROR at https://www.justdial.com/All-Cities/Base+Hospital+Delhi+Cantt-Hospital/nct-11109123
Call log:
  - navigating to "https://www.justdial.com/All-Cities/Base+Hospital+Delhi+Cantt-Hospital/nct-11109123", waiting until "domcontentloaded"
 (attempt 2/2)
[2026-07-27 22:08:59] INFO | Phase 1 [918/1083]: The Clinical Establishments (Registration and Regulation) Act 2010
[2026-07-27 22:09:08] WARNING |   Nav error: Page.goto: net::ERR_HTTP2_PROTOCOL_ERROR at https://www.justdial.com/All-Cities/The+Clinical+Establishments+%28Registration+and+Regulation%29+Act+2010-Hospital/nct-11109123
Call log:
  - navigating to "https://www.justdial.com/All-Cities/The+Clinical+Establishments+%28Registration+and+Regulation%29+Act+2010-Hospital/nct-11109123", waiting until "domcontentloaded"
 (attempt 1/2)
[2026-07-27 22:09:10] WARNING |   Nav error: Page.goto: net::ERR_HTTP2_PROTOCOL_ERROR at https://www.justdial.com/All-Cities/The+Clinical+Establishments+%28Registration+and+Regulation%29+Act+2010-Hospital/nct-11109123
Call log:
  - navigating to "https://www.justdial.com/All-Cities/The+Clinical+Establishments+%28Registration+and+Regulation%29+Act+2010-Hospital/nct-11109123", waiting until "domcontentloaded"
 (attempt 2/2)
[2026-07-27 22:09:12] INFO | Phase 1 [919/1083]: Moolchand Hospital
[2026-07-27 22:09:21] WARNING |   Nav error: Page.goto: net::ERR_HTTP2_PROTOCOL_ERROR at https://www.justdial.com/All-Cities/Moolchand+Hospital-Hospital/nct-11109123
Call log:
  - navigating to "https://www.justdial.com/All-Cities/Moolchand+Hospital-Hospital/nct-11109123", waiting until "domcontentloaded"
 (attempt 1/2)
[2026-07-27 22:09:23] WARNING |   Nav error: Page.goto: net::ERR_HTTP2_PROTOCOL_ERROR at https://www.justdial.com/All-Cities/Moolchand+Hospital-Hospital/nct-11109123
Call log:
  - navigating to "https://www.justdial.com/All-Cities/Moolchand+Hospital-Hospital/nct-11109123", waiting until "domcontentloaded"
 (attempt 2/2)
[2026-07-27 22:09:25] INFO | Phase 1 [920/1083]: Ramlal Kundanlal Multi Speciality Hospital
[2026-07-27 22:09:34] WARNING |   Nav error: Page.goto: net::ERR_HTTP2_PROTOCOL_ERROR at https://www.justdial.com/All-Cities/Ramlal+Kundanlal+Multi+Speciality+Hospital-Hospital/nct-11109123
Call log:
  - navigating to "https://www.justdial.com/All-Cities/Ramlal+Kundanlal+Multi+Speciality+Hospital-Hospital/nct-11109123", waiting until "domcontentloaded"
 (attempt 1/2)
[2026-07-27 22:09:36] WARNING |   Nav error: Page.goto: net::ERR_HTTP2_PROTOCOL_ERROR at https://www.justdial.com/All-Cities/Ramlal+Kundanlal+Multi+Speciality+Hospital-Hospital/nct-11109123
Call log:
  - navigating to "https://www.justdial.com/All-Cities/Ramlal+Kundanlal+Multi+Speciality+Hospital-Hospital/nct-11109123", waiting until "domcontentloaded"
 (attempt 2/2)
[2026-07-27 22:09:38] INFO | Phase 1 [921/1083]: Jeewan Hospital and Nursing Home Gate No. 2
[2026-07-27 22:09:47] WARNING |   Nav error: Page.goto: net::ERR_HTTP2_PROTOCOL_ERROR at https://www.justdial.com/All-Cities/Jeewan+Hospital+and+Nursing+Home+Gate+No.+2-Hospital/nct-11109123
Call log:
  - navigating to "https://www.justdial.com/All-Cities/Jeewan+Hospital+and+Nursing+Home+Gate+No.+2-Hospital/nct-11109123", waiting until "domcontentloaded"
 (attempt 1/2)
[2026-07-27 22:09:49] WARNING |   Nav error: Page.goto: net::ERR_HTTP2_PROTOCOL_ERROR at https://www.justdial.com/All-Cities/Jeewan+Hospital+and+Nursing+Home+Gate+No.+2-Hospital/nct-11109123
Call log:
  - navigating to "https://www.justdial.com/All-Cities/Jeewan+Hospital+and+Nursing+Home+Gate+No.+2-Hospital/nct-11109123", waiting until "domcontentloaded"
 (attempt 2/2)
[2026-07-27 22:09:51] INFO | Phase 1 [922/1083]: Fortis C-Doc Hospital
[2026-07-27 22:10:00] WARNING |   Nav error: Page.goto: net::ERR_HTTP2_PROTOCOL_ERROR at https://www.justdial.com/All-Cities/Fortis+C-Doc+Hospital-Hospital/nct-11109123
Call log:
  - navigating to "https://www.justdial.com/All-Cities/Fortis+C-Doc+Hospital-Hospital/nct-11109123", waiting until "domcontentloaded"
 (attempt 1/2)
[2026-07-27 22:10:03] WARNING |   Nav error: Page.goto: net::ERR_HTTP2_PROTOCOL_ERROR at https://www.justdial.com/All-Cities/Fortis+C-Doc+Hospital-Hospital/nct-11109123
Call log:
  - navigating to "https://www.justdial.com/All-Cities/Fortis+C-Doc+Hospital-Hospital/nct-11109123", waiting until "domcontentloaded"
 (attempt 2/2)
[2026-07-27 22:10:06] INFO | Phase 1 [923/1083]: Delhi Dental Hospital
[2026-07-27 22:10:16] WARNING |   Nav error: Page.goto: net::ERR_HTTP2_PROTOCOL_ERROR at https://www.justdial.com/All-Cities/Delhi+Dental+Hospital-Hospital/nct-11109123
Call log:
  - navigating to "https://www.justdial.com/All-Cities/Delhi+Dental+Hospital-Hospital/nct-11109123", waiting until "domcontentloaded"
 (attempt 1/2)
[2026-07-27 22:10:18] WARNING |   Nav error: Page.goto: net::ERR_HTTP2_PROTOCOL_ERROR at https://www.justdial.com/All-Cities/Delhi+Dental+Hospital-Hospital/nct-11109123
Call log:
  - navigating to "https://www.justdial.com/All-Cities/Delhi+Dental+Hospital-Hospital/nct-11109123", waiting until "domcontentloaded"
 (attempt 2/2)
[2026-07-27 22:10:20] INFO | Phase 1 [924/1083]: Malik Radix Healthcare
[2026-07-27 22:10:30] WARNING |   Nav error: Page.goto: net::ERR_HTTP2_PROTOCOL_ERROR at https://www.justdial.com/All-Cities/Malik+Radix+Healthcare-Hospital/nct-11109123
Call log:
  - navigating to "https://www.justdial.com/All-Cities/Malik+Radix+Healthcare-Hospital/nct-11109123", waiting until "domcontentloaded"
 (attempt 1/2)
[2026-07-27 22:10:32] WARNING |   Nav error: Page.goto: net::ERR_HTTP2_PROTOCOL_ERROR at https://www.justdial.com/All-Cities/Malik+Radix+Healthcare-Hospital/nct-11109123
Call log:
  - navigating to "https://www.justdial.com/All-Cities/Malik+Radix+Healthcare-Hospital/nct-11109123", waiting until "domcontentloaded"
 (attempt 2/2)
[2026-07-27 22:10:34] INFO | Phase 1 [925/1083]: Parth Hospital & Pathvo Diagnostic Centre
[2026-07-27 22:10:43] WARNING |   Nav error: Page.goto: net::ERR_HTTP2_PROTOCOL_ERROR at https://www.justdial.com/All-Cities/Parth+Hospital+%26+Pathvo+Diagnostic+Centre-Hospital/nct-11109123
Call log:
  - navigating to "https://www.justdial.com/All-Cities/Parth+Hospital+%26+Pathvo+Diagnostic+Centre-Hospital/nct-11109123", waiting until "domcontentloaded"
 (attempt 1/2)
[2026-07-27 22:10:45] WARNING |   Nav error: Page.goto: net::ERR_HTTP2_PROTOCOL_ERROR at https://www.justdial.com/All-Cities/Parth+Hospital+%26+Pathvo+Diagnostic+Centre-Hospital/nct-11109123
Call log:
  - navigating to "https://www.justdial.com/All-Cities/Parth+Hospital+%26+Pathvo+Diagnostic+Centre-Hospital/nct-11109123", waiting until "domcontentloaded"
 (attempt 2/2)
[2026-07-27 22:10:47] INFO | Phase 1 [926/1083]: Manav Medicare Centre
[2026-07-27 22:10:57] WARNING |   Nav error: Page.goto: net::ERR_HTTP2_PROTOCOL_ERROR at https://www.justdial.com/All-Cities/Manav+Medicare+Centre-Hospital/nct-11109123
Call log:
  - navigating to "https://www.justdial.com/All-Cities/Manav+Medicare+Centre-Hospital/nct-11109123", waiting until "domcontentloaded"
 (attempt 1/2)
[2026-07-27 22:10:59] WARNING |   Nav error: Page.goto: net::ERR_HTTP2_PROTOCOL_ERROR at https://www.justdial.com/All-Cities/Manav+Medicare+Centre-Hospital/nct-11109123
Call log:
  - navigating to "https://www.justdial.com/All-Cities/Manav+Medicare+Centre-Hospital/nct-11109123", waiting until "domcontentloaded"
 (attempt 2/2)
[2026-07-27 22:11:00] INFO | Phase 1 [927/1083]: IBS Hospital
[2026-07-27 22:11:09] WARNING |   Nav error: Page.goto: net::ERR_HTTP2_PROTOCOL_ERROR at https://www.justdial.com/All-Cities/IBS+Hospital-Hospital/nct-11109123
Call log:
  - navigating to "https://www.justdial.com/All-Cities/IBS+Hospital-Hospital/nct-11109123", waiting until "domcontentloaded"
 (attempt 1/2)
[2026-07-27 22:11:11] WARNING |   Nav error: Page.goto: net::ERR_HTTP2_PROTOCOL_ERROR at https://www.justdial.com/All-Cities/IBS+Hospital-Hospital/nct-11109123
Call log:
  - navigating to "https://www.justdial.com/All-Cities/IBS+Hospital-Hospital/nct-11109123", waiting until "domcontentloaded"
 (attempt 2/2)
[2026-07-27 22:11:13] INFO | Phase 1 [928/1083]: Army Hospital Research And Referral
[2026-07-27 22:11:23] WARNING |   Nav error: Page.goto: net::ERR_HTTP2_PROTOCOL_ERROR at https://www.justdial.com/All-Cities/Army+Hospital+Research+And+Referral-Hospital/nct-11109123
Call log:
  - navigating to "https://www.justdial.com/All-Cities/Army+Hospital+Research+And+Referral-Hospital/nct-11109123", waiting until "domcontentloaded"
 (attempt 1/2)
[2026-07-27 22:11:25] WARNING |   Nav error: Page.goto: net::ERR_HTTP2_PROTOCOL_ERROR at https://www.justdial.com/All-Cities/Army+Hospital+Research+And+Referral-Hospital/nct-11109123
Call log:
  - navigating to "https://www.justdial.com/All-Cities/Army+Hospital+Research+And+Referral-Hospital/nct-11109123", waiting until "domcontentloaded"
 (attempt 2/2)
[2026-07-27 22:11:27] INFO | Phase 1 [929/1083]: DIYOS Hospital
[2026-07-27 22:11:36] WARNING |   Nav error: Page.goto: net::ERR_HTTP2_PROTOCOL_ERROR at https://www.justdial.com/All-Cities/DIYOS+Hospital-Hospital/nct-11109123
Call log:
  - navigating to "https://www.justdial.com/All-Cities/DIYOS+Hospital-Hospital/nct-11109123", waiting until "domcontentloaded"
 (attempt 1/2)
[2026-07-27 22:11:39] WARNING |   Nav error: Page.goto: net::ERR_HTTP2_PROTOCOL_ERROR at https://www.justdial.com/All-Cities/DIYOS+Hospital-Hospital/nct-11109123
Call log:
  - navigating to "https://www.justdial.com/All-Cities/DIYOS+Hospital-Hospital/nct-11109123", waiting until "domcontentloaded"
 (attempt 2/2)
[2026-07-27 22:11:42] INFO | Phase 1 [930/1083]: Aashlok Hospital
[2026-07-27 22:11:52] WARNING |   Nav error: Page.goto: net::ERR_HTTP2_PROTOCOL_ERROR at https://www.justdial.com/All-Cities/Aashlok+Hospital-Hospital/nct-11109123
Call log:
  - navigating to "https://www.justdial.com/All-Cities/Aashlok+Hospital-Hospital/nct-11109123", waiting until "domcontentloaded"
 (attempt 1/2)
[2026-07-27 22:11:54] WARNING |   Nav error: Page.goto: net::ERR_HTTP2_PROTOCOL_ERROR at https://www.justdial.com/All-Cities/Aashlok+Hospital-Hospital/nct-11109123
Call log:
  - navigating to "https://www.justdial.com/All-Cities/Aashlok+Hospital-Hospital/nct-11109123", waiting until "domcontentloaded"
 (attempt 2/2)
[2026-07-27 22:11:55] INFO | Phase 1 [931/1083]: Sood Medical Centre
[2026-07-27 22:12:05] WARNING |   Nav error: Page.goto: net::ERR_HTTP2_PROTOCOL_ERROR at https://www.justdial.com/All-Cities/Sood+Medical+Centre-Hospital/nct-11109123
Call log:
  - navigating to "https://www.justdial.com/All-Cities/Sood+Medical+Centre-Hospital/nct-11109123", waiting until "domcontentloaded"
 (attempt 1/2)
[2026-07-27 22:12:07] WARNING |   Nav error: Page.goto: net::ERR_HTTP2_PROTOCOL_ERROR at https://www.justdial.com/All-Cities/Sood+Medical+Centre-Hospital/nct-11109123
Call log:
  - navigating to "https://www.justdial.com/All-Cities/Sood+Medical+Centre-Hospital/nct-11109123", waiting until "domcontentloaded"
 (attempt 2/2)
[2026-07-27 22:12:09] INFO | Phase 1 [932/1083]: Divya Prastha Hospital
[2026-07-27 22:12:18] WARNING |   Nav error: Page.goto: net::ERR_HTTP2_PROTOCOL_ERROR at https://www.justdial.com/All-Cities/Divya+Prastha+Hospital-Hospital/nct-11109123
Call log:
  - navigating to "https://www.justdial.com/All-Cities/Divya+Prastha+Hospital-Hospital/nct-11109123", waiting until "domcontentloaded"
 (attempt 1/2)
[2026-07-27 22:12:20] WARNING |   Nav error: Page.goto: net::ERR_HTTP2_PROTOCOL_ERROR at https://www.justdial.com/All-Cities/Divya+Prastha+Hospital-Hospital/nct-11109123
Call log:
  - navigating to "https://www.justdial.com/All-Cities/Divya+Prastha+Hospital-Hospital/nct-11109123", waiting until "domcontentloaded"
 (attempt 2/2)
[2026-07-27 22:12:22] INFO | Phase 1 [933/1083]: Dr. Vijaypal Yadav Hospital
[2026-07-27 22:12:31] WARNING |   Nav error: Page.goto: net::ERR_HTTP2_PROTOCOL_ERROR at https://www.justdial.com/All-Cities/Dr.+Vijaypal+Yadav+Hospital-Hospital/nct-11109123
Call log:
  - navigating to "https://www.justdial.com/All-Cities/Dr.+Vijaypal+Yadav+Hospital-Hospital/nct-11109123", waiting until "domcontentloaded"
 (attempt 1/2)
[2026-07-27 22:12:33] WARNING |   Nav error: Page.goto: net::ERR_HTTP2_PROTOCOL_ERROR at https://www.justdial.com/All-Cities/Dr.+Vijaypal+Yadav+Hospital-Hospital/nct-11109123
Call log:
  - navigating to "https://www.justdial.com/All-Cities/Dr.+Vijaypal+Yadav+Hospital-Hospital/nct-11109123", waiting until "domcontentloaded"
 (attempt 2/2)
[2026-07-27 22:12:35] INFO | Phase 1 [934/1083]: Singhal Hospital
[2026-07-27 22:12:44] WARNING |   Nav error: Page.goto: net::ERR_HTTP2_PROTOCOL_ERROR at https://www.justdial.com/All-Cities/Singhal+Hospital-Hospital/nct-11109123
Call log:
  - navigating to "https://www.justdial.com/All-Cities/Singhal+Hospital-Hospital/nct-11109123", waiting until "domcontentloaded"
 (attempt 1/2)
[2026-07-27 22:12:47] WARNING |   Nav error: Page.goto: net::ERR_HTTP2_PROTOCOL_ERROR at https://www.justdial.com/All-Cities/Singhal+Hospital-Hospital/nct-11109123
Call log:
  - navigating to "https://www.justdial.com/All-Cities/Singhal+Hospital-Hospital/nct-11109123", waiting until "domcontentloaded"
 (attempt 2/2)
[2026-07-27 22:12:49] INFO | Phase 1 [935/1083]: New OPD Complex Base Hospital
[2026-07-27 22:12:58] WARNING |   Nav error: Page.goto: net::ERR_HTTP2_PROTOCOL_ERROR at https://www.justdial.com/All-Cities/New+OPD+Complex+Base+Hospital-Hospital/nct-11109123
Call log:
  - navigating to "https://www.justdial.com/All-Cities/New+OPD+Complex+Base+Hospital-Hospital/nct-11109123", waiting until "domcontentloaded"
 (attempt 1/2)
[2026-07-27 22:13:00] WARNING |   Nav error: Page.goto: net::ERR_HTTP2_PROTOCOL_ERROR at https://www.justdial.com/All-Cities/New+OPD+Complex+Base+Hospital-Hospital/nct-11109123
Call log:
  - navigating to "https://www.justdial.com/All-Cities/New+OPD+Complex+Base+Hospital-Hospital/nct-11109123", waiting until "domcontentloaded"
 (attempt 2/2)
[2026-07-27 22:13:01] INFO | Phase 1 [936/1083]: Army Hospital Research And Referral
[2026-07-27 22:13:11] WARNING |   Nav error: Page.goto: net::ERR_HTTP2_PROTOCOL_ERROR at https://www.justdial.com/All-Cities/Army+Hospital+Research+And+Referral-Hospital/nct-11109123
Call log:
  - navigating to "https://www.justdial.com/All-Cities/Army+Hospital+Research+And+Referral-Hospital/nct-11109123", waiting until "domcontentloaded"
 (attempt 1/2)
[2026-07-27 22:13:13] WARNING |   Nav error: Page.goto: net::ERR_HTTP2_PROTOCOL_ERROR at https://www.justdial.com/All-Cities/Army+Hospital+Research+And+Referral-Hospital/nct-11109123
Call log:
  - navigating to "https://www.justdial.com/All-Cities/Army+Hospital+Research+And+Referral-Hospital/nct-11109123", waiting until "domcontentloaded"
 (attempt 2/2)
[2026-07-27 22:13:15] INFO | Phase 1 [937/1083]: Base Hospital Delhi Cantt Personal Line
[2026-07-27 22:13:25] WARNING |   Nav error: Page.goto: net::ERR_HTTP2_PROTOCOL_ERROR at https://www.justdial.com/All-Cities/Base+Hospital+Delhi+Cantt+Personal+Line-Hospital/nct-11109123
Call log:
  - navigating to "https://www.justdial.com/All-Cities/Base+Hospital+Delhi+Cantt+Personal+Line-Hospital/nct-11109123", waiting until "domcontentloaded"
 (attempt 1/2)
[2026-07-27 22:13:27] WARNING |   Nav error: Page.goto: net::ERR_HTTP2_PROTOCOL_ERROR at https://www.justdial.com/All-Cities/Base+Hospital+Delhi+Cantt+Personal+Line-Hospital/nct-11109123
Call log:
  - navigating to "https://www.justdial.com/All-Cities/Base+Hospital+Delhi+Cantt+Personal+Line-Hospital/nct-11109123", waiting until "domcontentloaded"
 (attempt 2/2)
[2026-07-27 22:13:31] INFO | Phase 1 [938/1083]: Delhi Cantonment General Hospital
[2026-07-27 22:13:40] WARNING |   Nav error: Page.goto: net::ERR_HTTP2_PROTOCOL_ERROR at https://www.justdial.com/All-Cities/Delhi+Cantonment+General+Hospital-Hospital/nct-11109123
Call log:
  - navigating to "https://www.justdial.com/All-Cities/Delhi+Cantonment+General+Hospital-Hospital/nct-11109123", waiting until "domcontentloaded"
 (attempt 1/2)
[2026-07-27 22:13:42] WARNING |   Nav error: Page.goto: net::ERR_HTTP2_PROTOCOL_ERROR at https://www.justdial.com/All-Cities/Delhi+Cantonment+General+Hospital-Hospital/nct-11109123
Call log:
  - navigating to "https://www.justdial.com/All-Cities/Delhi+Cantonment+General+Hospital-Hospital/nct-11109123", waiting until "domcontentloaded"
 (attempt 2/2)
[2026-07-27 22:13:44] INFO | Phase 1 [939/1083]: Base Hospital Delhi Cantt
[2026-07-27 22:13:53] WARNING |   Nav error: Page.goto: net::ERR_HTTP2_PROTOCOL_ERROR at https://www.justdial.com/All-Cities/Base+Hospital+Delhi+Cantt-Hospital/nct-11109123
Call log:
  - navigating to "https://www.justdial.com/All-Cities/Base+Hospital+Delhi+Cantt-Hospital/nct-11109123", waiting until "domcontentloaded"
 (attempt 1/2)
[2026-07-27 22:13:56] WARNING |   Nav error: Page.goto: net::ERR_HTTP2_PROTOCOL_ERROR at https://www.justdial.com/All-Cities/Base+Hospital+Delhi+Cantt-Hospital/nct-11109123
Call log:
  - navigating to "https://www.justdial.com/All-Cities/Base+Hospital+Delhi+Cantt-Hospital/nct-11109123", waiting until "domcontentloaded"
 (attempt 2/2)
[2026-07-27 22:13:57] INFO | Phase 1 [940/1083]: Sharma Hospital
[2026-07-27 22:14:07] WARNING |   Nav error: Page.goto: net::ERR_HTTP2_PROTOCOL_ERROR at https://www.justdial.com/All-Cities/Sharma+Hospital-Hospital/nct-11109123
Call log:
  - navigating to "https://www.justdial.com/All-Cities/Sharma+Hospital-Hospital/nct-11109123", waiting until "domcontentloaded"
 (attempt 1/2)
[2026-07-27 22:14:09] WARNING |   Nav error: Page.goto: net::ERR_HTTP2_PROTOCOL_ERROR at https://www.justdial.com/All-Cities/Sharma+Hospital-Hospital/nct-11109123
Call log:
  - navigating to "https://www.justdial.com/All-Cities/Sharma+Hospital-Hospital/nct-11109123", waiting until "domcontentloaded"
 (attempt 2/2)
[2026-07-27 22:14:11] INFO | Phase 1 [941/1083]: Maharishi Valmiki Hospital
[2026-07-27 22:14:21] WARNING |   Nav error: Page.goto: net::ERR_HTTP2_PROTOCOL_ERROR at https://www.justdial.com/All-Cities/Maharishi+Valmiki+Hospital-Hospital/nct-11109123
Call log:
  - navigating to "https://www.justdial.com/All-Cities/Maharishi+Valmiki+Hospital-Hospital/nct-11109123", waiting until "domcontentloaded"
 (attempt 1/2)
[2026-07-27 22:14:23] WARNING |   Nav error: Page.goto: net::ERR_HTTP2_PROTOCOL_ERROR at https://www.justdial.com/All-Cities/Maharishi+Valmiki+Hospital-Hospital/nct-11109123
Call log:
  - navigating to "https://www.justdial.com/All-Cities/Maharishi+Valmiki+Hospital-Hospital/nct-11109123", waiting until "domcontentloaded"
 (attempt 2/2)
[2026-07-27 22:14:25] INFO | Phase 1 [942/1083]: Bansal Global Hospital
[2026-07-27 22:14:33] WARNING |   Nav error: Page.goto: net::ERR_HTTP2_PROTOCOL_ERROR at https://www.justdial.com/All-Cities/Bansal+Global+Hospital-Hospital/nct-11109123
Call log:
  - navigating to "https://www.justdial.com/All-Cities/Bansal+Global+Hospital-Hospital/nct-11109123", waiting until "domcontentloaded"
 (attempt 1/2)
[2026-07-27 22:14:36] WARNING |   Nav error: Page.goto: net::ERR_HTTP2_PROTOCOL_ERROR at https://www.justdial.com/All-Cities/Bansal+Global+Hospital-Hospital/nct-11109123
Call log:
  - navigating to "https://www.justdial.com/All-Cities/Bansal+Global+Hospital-Hospital/nct-11109123", waiting until "domcontentloaded"
 (attempt 2/2)
[2026-07-27 22:14:38] INFO | Phase 1 [943/1083]: KESAR HOSPITAL
[2026-07-27 22:14:47] WARNING |   Nav error: Page.goto: net::ERR_HTTP2_PROTOCOL_ERROR at https://www.justdial.com/All-Cities/KESAR+HOSPITAL-Hospital/nct-11109123
Call log:
  - navigating to "https://www.justdial.com/All-Cities/KESAR+HOSPITAL-Hospital/nct-11109123", waiting until "domcontentloaded"
 (attempt 1/2)
[2026-07-27 22:14:49] WARNING |   Nav error: Page.goto: net::ERR_HTTP2_PROTOCOL_ERROR at https://www.justdial.com/All-Cities/KESAR+HOSPITAL-Hospital/nct-11109123
Call log:
  - navigating to "https://www.justdial.com/All-Cities/KESAR+HOSPITAL-Hospital/nct-11109123", waiting until "domcontentloaded"
 (attempt 2/2)
[2026-07-27 22:14:51] INFO | Phase 1 [944/1083]: Khanna Eye Centre
[2026-07-27 22:15:00] WARNING |   Nav error: Page.goto: net::ERR_HTTP2_PROTOCOL_ERROR at https://www.justdial.com/All-Cities/Khanna+Eye+Centre-Hospital/nct-11109123
Call log:
  - navigating to "https://www.justdial.com/All-Cities/Khanna+Eye+Centre-Hospital/nct-11109123", waiting until "domcontentloaded"
 (attempt 1/2)
[2026-07-27 22:15:02] WARNING |   Nav error: Page.goto: net::ERR_HTTP2_PROTOCOL_ERROR at https://www.justdial.com/All-Cities/Khanna+Eye+Centre-Hospital/nct-11109123
Call log:
  - navigating to "https://www.justdial.com/All-Cities/Khanna+Eye+Centre-Hospital/nct-11109123", waiting until "domcontentloaded"
 (attempt 2/2)
[2026-07-27 22:15:04] INFO | Phase 1 [945/1083]: Adarsh Multispeciality Hospital and Trauma Centre
[2026-07-27 22:15:13] WARNING |   Nav error: Page.goto: net::ERR_HTTP2_PROTOCOL_ERROR at https://www.justdial.com/All-Cities/Adarsh+Multispeciality+Hospital+and+Trauma+Centre-Hospital/nct-11109123
Call log:
  - navigating to "https://www.justdial.com/All-Cities/Adarsh+Multispeciality+Hospital+and+Trauma+Centre-Hospital/nct-11109123", waiting until "domcontentloaded"
 (attempt 1/2)
[2026-07-27 22:15:15] WARNING |   Nav error: Page.goto: net::ERR_HTTP2_PROTOCOL_ERROR at https://www.justdial.com/All-Cities/Adarsh+Multispeciality+Hospital+and+Trauma+Centre-Hospital/nct-11109123
Call log:
  - navigating to "https://www.justdial.com/All-Cities/Adarsh+Multispeciality+Hospital+and+Trauma+Centre-Hospital/nct-11109123", waiting until "domcontentloaded"
 (attempt 2/2)
[2026-07-27 22:15:19] INFO | Phase 1 [946/1083]: Shanti Kumud Hospital- best hospital in adarsh nagar | best surgeon in adarsh nagar
[2026-07-27 22:15:29] WARNING |   Nav error: Page.goto: net::ERR_HTTP2_PROTOCOL_ERROR at https://www.justdial.com/All-Cities/Shanti+Kumud+Hospital-+best+hospital+in+adarsh+nagar+%7C+best+surgeon+in+adarsh+nagar-Hospital/nct-11109123
Call log:
  - navigating to "https://www.justdial.com/All-Cities/Shanti+Kumud+Hospital-+best+hospital+in+adarsh+nagar+%7C+best+surgeon+in+adarsh+nagar-Hospital/nct-11109123", waiting until "domcontentloaded"
 (attempt 1/2)
[2026-07-27 22:15:31] WARNING |   Nav error: Page.goto: net::ERR_HTTP2_PROTOCOL_ERROR at https://www.justdial.com/All-Cities/Shanti+Kumud+Hospital-+best+hospital+in+adarsh+nagar+%7C+best+surgeon+in+adarsh+nagar-Hospital/nct-11109123
Call log:
  - navigating to "https://www.justdial.com/All-Cities/Shanti+Kumud+Hospital-+best+hospital+in+adarsh+nagar+%7C+best+surgeon+in+adarsh+nagar-Hospital/nct-11109123", waiting until "domcontentloaded"
 (attempt 2/2)
[2026-07-27 22:15:32] INFO | Phase 1 [947/1083]: Dharmarth Aspatal
[2026-07-27 22:15:42] WARNING |   Nav error: Page.goto: net::ERR_HTTP2_PROTOCOL_ERROR at https://www.justdial.com/All-Cities/Dharmarth+Aspatal-Hospital/nct-11109123
Call log:
  - navigating to "https://www.justdial.com/All-Cities/Dharmarth+Aspatal-Hospital/nct-11109123", waiting until "domcontentloaded"
 (attempt 1/2)
[2026-07-27 22:15:44] WARNING |   Nav error: Page.goto: net::ERR_HTTP2_PROTOCOL_ERROR at https://www.justdial.com/All-Cities/Dharmarth+Aspatal-Hospital/nct-11109123
Call log:
  - navigating to "https://www.justdial.com/All-Cities/Dharmarth+Aspatal-Hospital/nct-11109123", waiting until "domcontentloaded"
 (attempt 2/2)
[2026-07-27 22:15:46] INFO | Phase 1 [948/1083]: Divine Multispeciality Hospital & Cancer Centre
[2026-07-27 22:15:55] WARNING |   Nav error: Page.goto: net::ERR_HTTP2_PROTOCOL_ERROR at https://www.justdial.com/All-Cities/Divine+Multispeciality+Hospital+%26+Cancer+Centre-Hospital/nct-11109123
Call log:
  - navigating to "https://www.justdial.com/All-Cities/Divine+Multispeciality+Hospital+%26+Cancer+Centre-Hospital/nct-11109123", waiting until "domcontentloaded"
 (attempt 1/2)
[2026-07-27 22:15:57] WARNING |   Nav error: Page.goto: net::ERR_HTTP2_PROTOCOL_ERROR at https://www.justdial.com/All-Cities/Divine+Multispeciality+Hospital+%26+Cancer+Centre-Hospital/nct-11109123
Call log:
  - navigating to "https://www.justdial.com/All-Cities/Divine+Multispeciality+Hospital+%26+Cancer+Centre-Hospital/nct-11109123", waiting until "domcontentloaded"
 (attempt 2/2)
[2026-07-27 22:15:59] INFO | Phase 1 [949/1083]: Guru Gobind Singh Hospital (GGSH)
[2026-07-27 22:16:08] WARNING |   Nav error: Page.goto: net::ERR_HTTP2_PROTOCOL_ERROR at https://www.justdial.com/All-Cities/Guru+Gobind+Singh+Hospital+%28GGSH%29-Hospital/nct-11109123
Call log:
  - navigating to "https://www.justdial.com/All-Cities/Guru+Gobind+Singh+Hospital+%28GGSH%29-Hospital/nct-11109123", waiting until "domcontentloaded"
 (attempt 1/2)
[2026-07-27 22:16:11] WARNING |   Nav error: Page.goto: net::ERR_HTTP2_PROTOCOL_ERROR at https://www.justdial.com/All-Cities/Guru+Gobind+Singh+Hospital+%28GGSH%29-Hospital/nct-11109123
Call log:
  - navigating to "https://www.justdial.com/All-Cities/Guru+Gobind+Singh+Hospital+%28GGSH%29-Hospital/nct-11109123", waiting until "domcontentloaded"
 (attempt 2/2)
[2026-07-27 22:16:13] INFO | Phase 1 [950/1083]: Nidhi Yadav Homeopathic Hospital
[2026-07-27 22:16:22] WARNING |   Nav error: Page.goto: net::ERR_HTTP2_PROTOCOL_ERROR at https://www.justdial.com/All-Cities/Nidhi+Yadav+Homeopathic+Hospital-Hospital/nct-11109123
Call log:
  - navigating to "https://www.justdial.com/All-Cities/Nidhi+Yadav+Homeopathic+Hospital-Hospital/nct-11109123", waiting until "domcontentloaded"
 (attempt 1/2)
[2026-07-27 22:16:24] WARNING |   Nav error: Page.goto: net::ERR_HTTP2_PROTOCOL_ERROR at https://www.justdial.com/All-Cities/Nidhi+Yadav+Homeopathic+Hospital-Hospital/nct-11109123
Call log:
  - navigating to "https://www.justdial.com/All-Cities/Nidhi+Yadav+Homeopathic+Hospital-Hospital/nct-11109123", waiting until "domcontentloaded"
 (attempt 2/2)
[2026-07-27 22:16:26] INFO | Phase 1 [951/1083]: Durga Hospital Pvt Ltd
[2026-07-27 22:16:35] WARNING |   Nav error: Page.goto: net::ERR_HTTP2_PROTOCOL_ERROR at https://www.justdial.com/All-Cities/Durga+Hospital+Pvt+Ltd-Hospital/nct-11109123
Call log:
  - navigating to "https://www.justdial.com/All-Cities/Durga+Hospital+Pvt+Ltd-Hospital/nct-11109123", waiting until "domcontentloaded"
 (attempt 1/2)
[2026-07-27 22:16:38] WARNING |   Nav error: Page.goto: net::ERR_HTTP2_PROTOCOL_ERROR at https://www.justdial.com/All-Cities/Durga+Hospital+Pvt+Ltd-Hospital/nct-11109123
Call log:
  - navigating to "https://www.justdial.com/All-Cities/Durga+Hospital+Pvt+Ltd-Hospital/nct-11109123", waiting until "domcontentloaded"
 (attempt 2/2)
[2026-07-27 22:16:40] INFO | Phase 1 [952/1083]: Dayal Medical Center
[2026-07-27 22:16:49] WARNING |   Nav error: Page.goto: net::ERR_HTTP2_PROTOCOL_ERROR at https://www.justdial.com/All-Cities/Dayal+Medical+Center-Hospital/nct-11109123
Call log:
  - navigating to "https://www.justdial.com/All-Cities/Dayal+Medical+Center-Hospital/nct-11109123", waiting until "domcontentloaded"
 (attempt 1/2)
[2026-07-27 22:16:51] WARNING |   Nav error: Page.goto: net::ERR_HTTP2_PROTOCOL_ERROR at https://www.justdial.com/All-Cities/Dayal+Medical+Center-Hospital/nct-11109123
Call log:
  - navigating to "https://www.justdial.com/All-Cities/Dayal+Medical+Center-Hospital/nct-11109123", waiting until "domcontentloaded"
 (attempt 2/2)
[2026-07-27 22:16:53] INFO | Phase 1 [953/1083]: Nulife Multi Specialty Hospital
[2026-07-27 22:17:03] WARNING |   Nav error: Page.goto: net::ERR_HTTP2_PROTOCOL_ERROR at https://www.justdial.com/All-Cities/Nulife+Multi+Specialty+Hospital-Hospital/nct-11109123
Call log:
  - navigating to "https://www.justdial.com/All-Cities/Nulife+Multi+Specialty+Hospital-Hospital/nct-11109123", waiting until "domcontentloaded"
 (attempt 1/2)
[2026-07-27 22:17:05] WARNING |   Nav error: Page.goto: net::ERR_HTTP2_PROTOCOL_ERROR at https://www.justdial.com/All-Cities/Nulife+Multi+Specialty+Hospital-Hospital/nct-11109123
Call log:
  - navigating to "https://www.justdial.com/All-Cities/Nulife+Multi+Specialty+Hospital-Hospital/nct-11109123", waiting until "domcontentloaded"
 (attempt 2/2)
[2026-07-27 22:17:09] INFO | Phase 1 [954/1083]: Apollo Cradle Maternity & Children s Hospital in Moti Nagar New Delhi
[2026-07-27 22:17:18] WARNING |   Nav error: Page.goto: net::ERR_HTTP2_PROTOCOL_ERROR at https://www.justdial.com/All-Cities/Apollo+Cradle+Maternity+%26+Children+s+Hospital+in+Moti+Nagar+New+Delhi-Hospital/nct-11109123
Call log:
  - navigating to "https://www.justdial.com/All-Cities/Apollo+Cradle+Maternity+%26+Children+s+Hospital+in+Moti+Nagar+New+Delhi-Hospital/nct-11109123", waiting until "domcontentloaded"
 (attempt 1/2)
[2026-07-27 22:17:20] WARNING |   Nav error: Page.goto: net::ERR_HTTP2_PROTOCOL_ERROR at https://www.justdial.com/All-Cities/Apollo+Cradle+Maternity+%26+Children+s+Hospital+in+Moti+Nagar+New+Delhi-Hospital/nct-11109123
Call log:
  - navigating to "https://www.justdial.com/All-Cities/Apollo+Cradle+Maternity+%26+Children+s+Hospital+in+Moti+Nagar+New+Delhi-Hospital/nct-11109123", waiting until "domcontentloaded"
 (attempt 2/2)
[2026-07-27 22:17:21] INFO | Phase 1 [955/1083]: Bharti Eye Foundation
[2026-07-27 22:17:31] WARNING |   Nav error: Page.goto: net::ERR_HTTP2_PROTOCOL_ERROR at https://www.justdial.com/All-Cities/Bharti+Eye+Foundation-Hospital/nct-11109123
Call log:
  - navigating to "https://www.justdial.com/All-Cities/Bharti+Eye+Foundation-Hospital/nct-11109123", waiting until "domcontentloaded"
 (attempt 1/2)
[2026-07-27 22:17:33] WARNING |   Nav error: Page.goto: net::ERR_HTTP2_PROTOCOL_ERROR at https://www.justdial.com/All-Cities/Bharti+Eye+Foundation-Hospital/nct-11109123
Call log:
  - navigating to "https://www.justdial.com/All-Cities/Bharti+Eye+Foundation-Hospital/nct-11109123", waiting until "domcontentloaded"
 (attempt 2/2)
[2026-07-27 22:17:35] INFO | Phase 1 [956/1083]: Electro Acupressure Therapy
[2026-07-27 22:17:43] WARNING |   Nav error: Page.goto: net::ERR_HTTP2_PROTOCOL_ERROR at https://www.justdial.com/All-Cities/Electro+Acupressure+Therapy-Hospital/nct-11109123
Call log:
  - navigating to "https://www.justdial.com/All-Cities/Electro+Acupressure+Therapy-Hospital/nct-11109123", waiting until "domcontentloaded"
 (attempt 1/2)
[2026-07-27 22:17:45] WARNING |   Nav error: Page.goto: net::ERR_HTTP2_PROTOCOL_ERROR at https://www.justdial.com/All-Cities/Electro+Acupressure+Therapy-Hospital/nct-11109123
Call log:
  - navigating to "https://www.justdial.com/All-Cities/Electro+Acupressure+Therapy-Hospital/nct-11109123", waiting until "domcontentloaded"
 (attempt 2/2)
[2026-07-27 22:17:47] INFO | Phase 1 [957/1083]: clinic
[2026-07-27 22:17:57] WARNING |   Nav error: Page.goto: net::ERR_HTTP2_PROTOCOL_ERROR at https://www.justdial.com/All-Cities/clinic-Hospital/nct-11109123
Call log:
  - navigating to "https://www.justdial.com/All-Cities/clinic-Hospital/nct-11109123", waiting until "domcontentloaded"
 (attempt 1/2)
[2026-07-27 22:17:59] WARNING |   Nav error: Page.goto: net::ERR_HTTP2_PROTOCOL_ERROR at https://www.justdial.com/All-Cities/clinic-Hospital/nct-11109123
Call log:
  - navigating to "https://www.justdial.com/All-Cities/clinic-Hospital/nct-11109123", waiting until "domcontentloaded"
 (attempt 2/2)
[2026-07-27 22:18:01] INFO | Phase 1 [958/1083]: RBTB HOSPITAL KINGSWAY LANE GTB NAGAR
[2026-07-27 22:18:11] WARNING |   Nav error: Page.goto: net::ERR_HTTP2_PROTOCOL_ERROR at https://www.justdial.com/All-Cities/RBTB+HOSPITAL+KINGSWAY+LANE+GTB+NAGAR-Hospital/nct-11109123
Call log:
  - navigating to "https://www.justdial.com/All-Cities/RBTB+HOSPITAL+KINGSWAY+LANE+GTB+NAGAR-Hospital/nct-11109123", waiting until "domcontentloaded"
 (attempt 1/2)
[2026-07-27 22:18:13] WARNING |   Nav error: Page.goto: net::ERR_HTTP2_PROTOCOL_ERROR at https://www.justdial.com/All-Cities/RBTB+HOSPITAL+KINGSWAY+LANE+GTB+NAGAR-Hospital/nct-11109123
Call log:
  - navigating to "https://www.justdial.com/All-Cities/RBTB+HOSPITAL+KINGSWAY+LANE+GTB+NAGAR-Hospital/nct-11109123", waiting until "domcontentloaded"
 (attempt 2/2)
[2026-07-27 22:18:15] INFO | Phase 1 [959/1083]: Shakti Super Diagnostic Centre - Diagnostic centre in delhi University | Diagnostic centre in kamla nagar | pathology lab
[2026-07-27 22:18:23] WARNING |   Nav error: Page.goto: net::ERR_HTTP2_PROTOCOL_ERROR at https://www.justdial.com/All-Cities/Shakti+Super+Diagnostic+Centre+-+Diagnostic+centre+in+delhi+University+%7C+Diagnostic+centre+in+kamla+nagar+%7C+pathology+lab-Hospital/nct-11109123
Call log:
  - navigating to "https://www.justdial.com/All-Cities/Shakti+Super+Diagnostic+Centre+-+Diagnostic+centre+in+delhi+University+%7C+Diagnostic+centre+in+kamla+nagar+%7C+pathology+lab-Hospital/nct-11109123", waiting until "domcontentloaded"
 (attempt 1/2)
[2026-07-27 22:18:26] WARNING |   Nav error: Page.goto: net::ERR_HTTP2_PROTOCOL_ERROR at https://www.justdial.com/All-Cities/Shakti+Super+Diagnostic+Centre+-+Diagnostic+centre+in+delhi+University+%7C+Diagnostic+centre+in+kamla+nagar+%7C+pathology+lab-Hospital/nct-11109123
Call log:
  - navigating to "https://www.justdial.com/All-Cities/Shakti+Super+Diagnostic+Centre+-+Diagnostic+centre+in+delhi+University+%7C+Diagnostic+centre+in+kamla+nagar+%7C+pathology+lab-Hospital/nct-11109123", waiting until "domcontentloaded"
 (attempt 2/2)
[2026-07-27 22:18:27] INFO | Phase 1 [960/1083]: Gouri Hospital (Best Gynecologist In Delhi)
[2026-07-27 22:18:37] WARNING |   Nav error: Page.goto: net::ERR_HTTP2_PROTOCOL_ERROR at https://www.justdial.com/All-Cities/Gouri+Hospital+%28Best+Gynecologist+In+Delhi%29-Hospital/nct-11109123
Call log:
  - navigating to "https://www.justdial.com/All-Cities/Gouri+Hospital+%28Best+Gynecologist+In+Delhi%29-Hospital/nct-11109123", waiting until "domcontentloaded"
 (attempt 1/2)
[2026-07-27 22:18:39] WARNING |   Nav error: Page.goto: net::ERR_HTTP2_PROTOCOL_ERROR at https://www.justdial.com/All-Cities/Gouri+Hospital+%28Best+Gynecologist+In+Delhi%29-Hospital/nct-11109123
Call log:
  - navigating to "https://www.justdial.com/All-Cities/Gouri+Hospital+%28Best+Gynecologist+In+Delhi%29-Hospital/nct-11109123", waiting until "domcontentloaded"
 (attempt 2/2)
[2026-07-27 22:18:41] INFO | Phase 1 [961/1083]: Hans Charitable Hospital
[2026-07-27 22:18:50] WARNING |   Nav error: Page.goto: net::ERR_HTTP2_PROTOCOL_ERROR at https://www.justdial.com/All-Cities/Hans+Charitable+Hospital-Hospital/nct-11109123
Call log:
  - navigating to "https://www.justdial.com/All-Cities/Hans+Charitable+Hospital-Hospital/nct-11109123", waiting until "domcontentloaded"
 (attempt 1/2)
[2026-07-27 22:18:53] WARNING |   Nav error: Page.goto: net::ERR_HTTP2_PROTOCOL_ERROR at https://www.justdial.com/All-Cities/Hans+Charitable+Hospital-Hospital/nct-11109123
Call log:
  - navigating to "https://www.justdial.com/All-Cities/Hans+Charitable+Hospital-Hospital/nct-11109123", waiting until "domcontentloaded"
 (attempt 2/2)
[2026-07-27 22:18:57] INFO | Phase 1 [962/1083]: Aarushi Clinic
[2026-07-27 22:19:07] WARNING |   Nav error: Page.goto: net::ERR_HTTP2_PROTOCOL_ERROR at https://www.justdial.com/All-Cities/Aarushi+Clinic-Hospital/nct-11109123
Call log:
  - navigating to "https://www.justdial.com/All-Cities/Aarushi+Clinic-Hospital/nct-11109123", waiting until "domcontentloaded"
 (attempt 1/2)
[2026-07-27 22:19:09] WARNING |   Nav error: Page.goto: net::ERR_HTTP2_PROTOCOL_ERROR at https://www.justdial.com/All-Cities/Aarushi+Clinic-Hospital/nct-11109123
Call log:
  - navigating to "https://www.justdial.com/All-Cities/Aarushi+Clinic-Hospital/nct-11109123", waiting until "domcontentloaded"
 (attempt 2/2)
[2026-07-27 22:19:12] INFO | Phase 1 [963/1083]: Gouri Hospitals Limited
[2026-07-27 22:19:21] WARNING |   Nav error: Page.goto: net::ERR_HTTP2_PROTOCOL_ERROR at https://www.justdial.com/All-Cities/Gouri+Hospitals+Limited-Hospital/nct-11109123
Call log:
  - navigating to "https://www.justdial.com/All-Cities/Gouri+Hospitals+Limited-Hospital/nct-11109123", waiting until "domcontentloaded"
 (attempt 1/2)
[2026-07-27 22:19:23] WARNING |   Nav error: Page.goto: net::ERR_HTTP2_PROTOCOL_ERROR at https://www.justdial.com/All-Cities/Gouri+Hospitals+Limited-Hospital/nct-11109123
Call log:
  - navigating to "https://www.justdial.com/All-Cities/Gouri+Hospitals+Limited-Hospital/nct-11109123", waiting until "domcontentloaded"
 (attempt 2/2)
[2026-07-27 22:19:25] INFO | Phase 1 [964/1083]: Hindu Rao Hospital
[2026-07-27 22:19:35] WARNING |   Nav error: Page.goto: net::ERR_HTTP2_PROTOCOL_ERROR at https://www.justdial.com/All-Cities/Hindu+Rao+Hospital-Hospital/nct-11109123
Call log:
  - navigating to "https://www.justdial.com/All-Cities/Hindu+Rao+Hospital-Hospital/nct-11109123", waiting until "domcontentloaded"
 (attempt 1/2)
[2026-07-27 22:19:37] WARNING |   Nav error: Page.goto: net::ERR_HTTP2_PROTOCOL_ERROR at https://www.justdial.com/All-Cities/Hindu+Rao+Hospital-Hospital/nct-11109123
Call log:
  - navigating to "https://www.justdial.com/All-Cities/Hindu+Rao+Hospital-Hospital/nct-11109123", waiting until "domcontentloaded"
 (attempt 2/2)
[2026-07-27 22:19:39] INFO | Phase 1 [965/1083]: Delhi Institute of Trauma & Orthopedics (DITO) - Best Orthopaedic Hospital in Delhi NCR India
[2026-07-27 22:19:48] WARNING |   Nav error: Page.goto: net::ERR_HTTP2_PROTOCOL_ERROR at https://www.justdial.com/All-Cities/Delhi+Institute+of+Trauma+%26+Orthopedics+%28DITO%29+-+Best+Orthopaedic+Hospital+in+Delhi+NCR+India-Hospital/nct-11109123
Call log:
  - navigating to "https://www.justdial.com/All-Cities/Delhi+Institute+of+Trauma+%26+Orthopedics+%28DITO%29+-+Best+Orthopaedic+Hospital+in+Delhi+NCR+India-Hospital/nct-11109123", waiting until "domcontentloaded"
 (attempt 1/2)
[2026-07-27 22:19:50] WARNING |   Nav error: Page.goto: net::ERR_HTTP2_PROTOCOL_ERROR at https://www.justdial.com/All-Cities/Delhi+Institute+of+Trauma+%26+Orthopedics+%28DITO%29+-+Best+Orthopaedic+Hospital+in+Delhi+NCR+India-Hospital/nct-11109123
Call log:
  - navigating to "https://www.justdial.com/All-Cities/Delhi+Institute+of+Trauma+%26+Orthopedics+%28DITO%29+-+Best+Orthopaedic+Hospital+in+Delhi+NCR+India-Hospital/nct-11109123", waiting until "domcontentloaded"
 (attempt 2/2)
[2026-07-27 22:19:52] INFO | Phase 1 [966/1083]: Divisional Hospital
[2026-07-27 22:20:01] WARNING |   Nav error: Page.goto: net::ERR_HTTP2_PROTOCOL_ERROR at https://www.justdial.com/All-Cities/Divisional+Hospital-Hospital/nct-11109123
Call log:
  - navigating to "https://www.justdial.com/All-Cities/Divisional+Hospital-Hospital/nct-11109123", waiting until "domcontentloaded"
 (attempt 1/2)
[2026-07-27 22:20:04] WARNING |   Nav error: Page.goto: net::ERR_HTTP2_PROTOCOL_ERROR at https://www.justdial.com/All-Cities/Divisional+Hospital-Hospital/nct-11109123
Call log:
  - navigating to "https://www.justdial.com/All-Cities/Divisional+Hospital-Hospital/nct-11109123", waiting until "domcontentloaded"
 (attempt 2/2)
[2026-07-27 22:20:05] INFO | Phase 1 [967/1083]: Charity Birds Hospital
[2026-07-27 22:20:15] WARNING |   Nav error: Page.goto: net::ERR_HTTP2_PROTOCOL_ERROR at https://www.justdial.com/All-Cities/Charity+Birds+Hospital-Hospital/nct-11109123
Call log:
  - navigating to "https://www.justdial.com/All-Cities/Charity+Birds+Hospital-Hospital/nct-11109123", waiting until "domcontentloaded"
 (attempt 1/2)
[2026-07-27 22:20:17] WARNING |   Nav error: Page.goto: net::ERR_HTTP2_PROTOCOL_ERROR at https://www.justdial.com/All-Cities/Charity+Birds+Hospital-Hospital/nct-11109123
Call log:
  - navigating to "https://www.justdial.com/All-Cities/Charity+Birds+Hospital-Hospital/nct-11109123", waiting until "domcontentloaded"
 (attempt 2/2)
[2026-07-27 22:20:20] INFO | Phase 1 [968/1083]: Delhi Gate Health Centre
[2026-07-27 22:20:29] WARNING |   Nav error: Page.goto: net::ERR_HTTP2_PROTOCOL_ERROR at https://www.justdial.com/All-Cities/Delhi+Gate+Health+Centre-Hospital/nct-11109123
Call log:
  - navigating to "https://www.justdial.com/All-Cities/Delhi+Gate+Health+Centre-Hospital/nct-11109123", waiting until "domcontentloaded"
 (attempt 1/2)
[2026-07-27 22:20:31] WARNING |   Nav error: Page.goto: net::ERR_HTTP2_PROTOCOL_ERROR at https://www.justdial.com/All-Cities/Delhi+Gate+Health+Centre-Hospital/nct-11109123
Call log:
  - navigating to "https://www.justdial.com/All-Cities/Delhi+Gate+Health+Centre-Hospital/nct-11109123", waiting until "domcontentloaded"
 (attempt 2/2)
[2026-07-27 22:20:33] INFO | Phase 1 [969/1083]: Kasturba Hospital
[2026-07-27 22:20:43] WARNING |   Nav error: Page.goto: net::ERR_HTTP2_PROTOCOL_ERROR at https://www.justdial.com/All-Cities/Kasturba+Hospital-Hospital/nct-11109123
Call log:
  - navigating to "https://www.justdial.com/All-Cities/Kasturba+Hospital-Hospital/nct-11109123", waiting until "domcontentloaded"
 (attempt 1/2)
[2026-07-27 22:20:45] WARNING |   Nav error: Page.goto: net::ERR_HTTP2_PROTOCOL_ERROR at https://www.justdial.com/All-Cities/Kasturba+Hospital-Hospital/nct-11109123
Call log:
  - navigating to "https://www.justdial.com/All-Cities/Kasturba+Hospital-Hospital/nct-11109123", waiting until "domcontentloaded"
 (attempt 2/2)
[2026-07-27 22:20:49] INFO | Phase 1 [970/1083]: WUS Health Centre
[2026-07-27 22:20:58] WARNING |   Nav error: Page.goto: net::ERR_HTTP2_PROTOCOL_ERROR at https://www.justdial.com/All-Cities/WUS+Health+Centre-Hospital/nct-11109123
Call log:
  - navigating to "https://www.justdial.com/All-Cities/WUS+Health+Centre-Hospital/nct-11109123", waiting until "domcontentloaded"
 (attempt 1/2)
[2026-07-27 22:21:00] WARNING |   Nav error: Page.goto: net::ERR_HTTP2_PROTOCOL_ERROR at https://www.justdial.com/All-Cities/WUS+Health+Centre-Hospital/nct-11109123
Call log:
  - navigating to "https://www.justdial.com/All-Cities/WUS+Health+Centre-Hospital/nct-11109123", waiting until "domcontentloaded"
 (attempt 2/2)
[2026-07-27 22:21:02] INFO | Phase 1 [971/1083]: St. Stephen s Hospital
[2026-07-27 22:21:11] WARNING |   Nav error: Page.goto: net::ERR_HTTP2_PROTOCOL_ERROR at https://www.justdial.com/All-Cities/St.+Stephen+s+Hospital-Hospital/nct-11109123
Call log:
  - navigating to "https://www.justdial.com/All-Cities/St.+Stephen+s+Hospital-Hospital/nct-11109123", waiting until "domcontentloaded"
 (attempt 1/2)
[2026-07-27 22:21:13] WARNING |   Nav error: Page.goto: net::ERR_HTTP2_PROTOCOL_ERROR at https://www.justdial.com/All-Cities/St.+Stephen+s+Hospital-Hospital/nct-11109123
Call log:
  - navigating to "https://www.justdial.com/All-Cities/St.+Stephen+s+Hospital-Hospital/nct-11109123", waiting until "domcontentloaded"
 (attempt 2/2)
[2026-07-27 22:21:15] INFO | Phase 1 [972/1083]: Kailash Nursing Home Eye Care IVF
[2026-07-27 22:21:24] WARNING |   Nav error: Page.goto: net::ERR_HTTP2_PROTOCOL_ERROR at https://www.justdial.com/All-Cities/Kailash+Nursing+Home+Eye+Care+IVF-Hospital/nct-11109123
Call log:
  - navigating to "https://www.justdial.com/All-Cities/Kailash+Nursing+Home+Eye+Care+IVF-Hospital/nct-11109123", waiting until "domcontentloaded"
 (attempt 1/2)
[2026-07-27 22:21:26] WARNING |   Nav error: Page.goto: net::ERR_HTTP2_PROTOCOL_ERROR at https://www.justdial.com/All-Cities/Kailash+Nursing+Home+Eye+Care+IVF-Hospital/nct-11109123
Call log:
  - navigating to "https://www.justdial.com/All-Cities/Kailash+Nursing+Home+Eye+Care+IVF-Hospital/nct-11109123", waiting until "domcontentloaded"
 (attempt 2/2)
[2026-07-27 22:21:28] INFO | Phase 1 [973/1083]: Attar Sain Jain Hospital
[2026-07-27 22:21:38] WARNING |   Nav error: Page.goto: net::ERR_HTTP2_PROTOCOL_ERROR at https://www.justdial.com/All-Cities/Attar+Sain+Jain+Hospital-Hospital/nct-11109123
Call log:
  - navigating to "https://www.justdial.com/All-Cities/Attar+Sain+Jain+Hospital-Hospital/nct-11109123", waiting until "domcontentloaded"
 (attempt 1/2)
[2026-07-27 22:21:40] WARNING |   Nav error: Page.goto: net::ERR_HTTP2_PROTOCOL_ERROR at https://www.justdial.com/All-Cities/Attar+Sain+Jain+Hospital-Hospital/nct-11109123
Call log:
  - navigating to "https://www.justdial.com/All-Cities/Attar+Sain+Jain+Hospital-Hospital/nct-11109123", waiting until "domcontentloaded"
 (attempt 2/2)
[2026-07-27 22:21:42] INFO | Phase 1 [974/1083]: Ishaan Test Tube Baby Center
[2026-07-27 22:21:51] WARNING |   Nav error: Page.goto: net::ERR_HTTP2_PROTOCOL_ERROR at https://www.justdial.com/All-Cities/Ishaan+Test+Tube+Baby+Center-Hospital/nct-11109123
Call log:
  - navigating to "https://www.justdial.com/All-Cities/Ishaan+Test+Tube+Baby+Center-Hospital/nct-11109123", waiting until "domcontentloaded"
 (attempt 1/2)
[2026-07-27 22:21:53] WARNING |   Nav error: Page.goto: net::ERR_HTTP2_PROTOCOL_ERROR at https://www.justdial.com/All-Cities/Ishaan+Test+Tube+Baby+Center-Hospital/nct-11109123
Call log:
  - navigating to "https://www.justdial.com/All-Cities/Ishaan+Test+Tube+Baby+Center-Hospital/nct-11109123", waiting until "domcontentloaded"
 (attempt 2/2)
[2026-07-27 22:21:54] INFO | Phase 1 [975/1083]: Deep Chand Bandhu Hospital
[2026-07-27 22:22:04] WARNING |   Nav error: Page.goto: net::ERR_HTTP2_PROTOCOL_ERROR at https://www.justdial.com/All-Cities/Deep+Chand+Bandhu+Hospital-Hospital/nct-11109123
Call log:
  - navigating to "https://www.justdial.com/All-Cities/Deep+Chand+Bandhu+Hospital-Hospital/nct-11109123", waiting until "domcontentloaded"
 (attempt 1/2)
[2026-07-27 22:22:06] WARNING |   Nav error: Page.goto: net::ERR_HTTP2_PROTOCOL_ERROR at https://www.justdial.com/All-Cities/Deep+Chand+Bandhu+Hospital-Hospital/nct-11109123
Call log:
  - navigating to "https://www.justdial.com/All-Cities/Deep+Chand+Bandhu+Hospital-Hospital/nct-11109123", waiting until "domcontentloaded"
 (attempt 2/2)
[2026-07-27 22:22:08] INFO | Phase 1 [976/1083]: Vinayak Hospital
[2026-07-27 22:22:18] WARNING |   Nav error: Page.goto: net::ERR_HTTP2_PROTOCOL_ERROR at https://www.justdial.com/All-Cities/Vinayak+Hospital-Hospital/nct-11109123
Call log:
  - navigating to "https://www.justdial.com/All-Cities/Vinayak+Hospital-Hospital/nct-11109123", waiting until "domcontentloaded"
 (attempt 1/2)
[2026-07-27 22:22:20] WARNING |   Nav error: Page.goto: net::ERR_HTTP2_PROTOCOL_ERROR at https://www.justdial.com/All-Cities/Vinayak+Hospital-Hospital/nct-11109123
Call log:
  - navigating to "https://www.justdial.com/All-Cities/Vinayak+Hospital-Hospital/nct-11109123", waiting until "domcontentloaded"
 (attempt 2/2)
[2026-07-27 22:22:22] INFO | Phase 1 [977/1083]: Khetarpal Hospital
[2026-07-27 22:22:32] WARNING |   Nav error: Page.goto: net::ERR_HTTP2_PROTOCOL_ERROR at https://www.justdial.com/All-Cities/Khetarpal+Hospital-Hospital/nct-11109123
Call log:
  - navigating to "https://www.justdial.com/All-Cities/Khetarpal+Hospital-Hospital/nct-11109123", waiting until "domcontentloaded"
 (attempt 1/2)
[2026-07-27 22:22:34] WARNING |   Nav error: Page.goto: net::ERR_HTTP2_PROTOCOL_ERROR at https://www.justdial.com/All-Cities/Khetarpal+Hospital-Hospital/nct-11109123
Call log:
  - navigating to "https://www.justdial.com/All-Cities/Khetarpal+Hospital-Hospital/nct-11109123", waiting until "domcontentloaded"
 (attempt 2/2)
[2026-07-27 22:22:36] INFO | Phase 1 [978/1083]: The Holistic
[2026-07-27 22:22:46] WARNING |   Nav error: Page.goto: net::ERR_HTTP2_PROTOCOL_ERROR at https://www.justdial.com/All-Cities/The+Holistic-Hospital/nct-11109123
Call log:
  - navigating to "https://www.justdial.com/All-Cities/The+Holistic-Hospital/nct-11109123", waiting until "domcontentloaded"
 (attempt 1/2)
[2026-07-27 22:22:49] WARNING |   Nav error: Page.goto: net::ERR_HTTP2_PROTOCOL_ERROR at https://www.justdial.com/All-Cities/The+Holistic-Hospital/nct-11109123
Call log:
  - navigating to "https://www.justdial.com/All-Cities/The+Holistic-Hospital/nct-11109123", waiting until "domcontentloaded"
 (attempt 2/2)
[2026-07-27 22:22:52] INFO | Phase 1 [979/1083]: hospital
[2026-07-27 22:23:01] WARNING |   Nav error: Page.goto: net::ERR_HTTP2_PROTOCOL_ERROR at https://www.justdial.com/All-Cities/hospital-Hospital/nct-11109123
Call log:
  - navigating to "https://www.justdial.com/All-Cities/hospital-Hospital/nct-11109123", waiting until "domcontentloaded"
 (attempt 1/2)
[2026-07-27 22:23:03] WARNING |   Nav error: Page.goto: net::ERR_HTTP2_PROTOCOL_ERROR at https://www.justdial.com/All-Cities/hospital-Hospital/nct-11109123
Call log:
  - navigating to "https://www.justdial.com/All-Cities/hospital-Hospital/nct-11109123", waiting until "domcontentloaded"
 (attempt 2/2)
[2026-07-27 22:23:05] INFO | Phase 1 [980/1083]: Maharaja Agrasen Hospital
[2026-07-27 22:23:13] WARNING |   Nav error: Page.goto: net::ERR_HTTP2_PROTOCOL_ERROR at https://www.justdial.com/All-Cities/Maharaja+Agrasen+Hospital-Hospital/nct-11109123
Call log:
  - navigating to "https://www.justdial.com/All-Cities/Maharaja+Agrasen+Hospital-Hospital/nct-11109123", waiting until "domcontentloaded"
 (attempt 1/2)
[2026-07-27 22:23:16] WARNING |   Nav error: Page.goto: net::ERR_HTTP2_PROTOCOL_ERROR at https://www.justdial.com/All-Cities/Maharaja+Agrasen+Hospital-Hospital/nct-11109123
Call log:
  - navigating to "https://www.justdial.com/All-Cities/Maharaja+Agrasen+Hospital-Hospital/nct-11109123", waiting until "domcontentloaded"
 (attempt 2/2)
[2026-07-27 22:23:17] INFO | Phase 1 [981/1083]: SRG Speciality Hospital
[2026-07-27 22:23:26] WARNING |   Nav error: Page.goto: net::ERR_HTTP2_PROTOCOL_ERROR at https://www.justdial.com/All-Cities/SRG+Speciality+Hospital-Hospital/nct-11109123
Call log:
  - navigating to "https://www.justdial.com/All-Cities/SRG+Speciality+Hospital-Hospital/nct-11109123", waiting until "domcontentloaded"
 (attempt 1/2)
[2026-07-27 22:23:28] WARNING |   Nav error: Page.goto: net::ERR_HTTP2_PROTOCOL_ERROR at https://www.justdial.com/All-Cities/SRG+Speciality+Hospital-Hospital/nct-11109123
Call log:
  - navigating to "https://www.justdial.com/All-Cities/SRG+Speciality+Hospital-Hospital/nct-11109123", waiting until "domcontentloaded"
 (attempt 2/2)
[2026-07-27 22:23:30] INFO | Phase 1 [982/1083]: NIJHARA HOSPITAL
[2026-07-27 22:23:40] WARNING |   Nav error: Page.goto: net::ERR_HTTP2_PROTOCOL_ERROR at https://www.justdial.com/All-Cities/NIJHARA+HOSPITAL-Hospital/nct-11109123
Call log:
  - navigating to "https://www.justdial.com/All-Cities/NIJHARA+HOSPITAL-Hospital/nct-11109123", waiting until "domcontentloaded"
 (attempt 1/2)
[2026-07-27 22:23:42] WARNING |   Nav error: Page.goto: net::ERR_HTTP2_PROTOCOL_ERROR at https://www.justdial.com/All-Cities/NIJHARA+HOSPITAL-Hospital/nct-11109123
Call log:
  - navigating to "https://www.justdial.com/All-Cities/NIJHARA+HOSPITAL-Hospital/nct-11109123", waiting until "domcontentloaded"
 (attempt 2/2)
[2026-07-27 22:23:43] INFO | Phase 1 [983/1083]: Shivam Hospital
[2026-07-27 22:23:53] WARNING |   Nav error: Page.goto: net::ERR_HTTP2_PROTOCOL_ERROR at https://www.justdial.com/All-Cities/Shivam+Hospital-Hospital/nct-11109123
Call log:
  - navigating to "https://www.justdial.com/All-Cities/Shivam+Hospital-Hospital/nct-11109123", waiting until "domcontentloaded"
 (attempt 1/2)
[2026-07-27 22:23:55] WARNING |   Nav error: Page.goto: net::ERR_HTTP2_PROTOCOL_ERROR at https://www.justdial.com/All-Cities/Shivam+Hospital-Hospital/nct-11109123
Call log:
  - navigating to "https://www.justdial.com/All-Cities/Shivam+Hospital-Hospital/nct-11109123", waiting until "domcontentloaded"
 (attempt 2/2)
[2026-07-27 22:23:57] INFO | Phase 1 [984/1083]: Kaushik Hospital
[2026-07-27 22:24:07] WARNING |   Nav error: Page.goto: net::ERR_HTTP2_PROTOCOL_ERROR at https://www.justdial.com/All-Cities/Kaushik+Hospital-Hospital/nct-11109123
Call log:
  - navigating to "https://www.justdial.com/All-Cities/Kaushik+Hospital-Hospital/nct-11109123", waiting until "domcontentloaded"
 (attempt 1/2)
[2026-07-27 22:24:09] WARNING |   Nav error: Page.goto: net::ERR_HTTP2_PROTOCOL_ERROR at https://www.justdial.com/All-Cities/Kaushik+Hospital-Hospital/nct-11109123
Call log:
  - navigating to "https://www.justdial.com/All-Cities/Kaushik+Hospital-Hospital/nct-11109123", waiting until "domcontentloaded"
 (attempt 2/2)
[2026-07-27 22:24:11] INFO | Phase 1 [985/1083]: Sardar Vallabh Bhai Patel Hospital
[2026-07-27 22:24:20] WARNING |   Nav error: Page.goto: net::ERR_HTTP2_PROTOCOL_ERROR at https://www.justdial.com/All-Cities/Sardar+Vallabh+Bhai+Patel+Hospital-Hospital/nct-11109123
Call log:
  - navigating to "https://www.justdial.com/All-Cities/Sardar+Vallabh+Bhai+Patel+Hospital-Hospital/nct-11109123", waiting until "domcontentloaded"
 (attempt 1/2)
[2026-07-27 22:24:22] WARNING |   Nav error: Page.goto: net::ERR_HTTP2_PROTOCOL_ERROR at https://www.justdial.com/All-Cities/Sardar+Vallabh+Bhai+Patel+Hospital-Hospital/nct-11109123
Call log:
  - navigating to "https://www.justdial.com/All-Cities/Sardar+Vallabh+Bhai+Patel+Hospital-Hospital/nct-11109123", waiting until "domcontentloaded"
 (attempt 2/2)
[2026-07-27 22:24:24] INFO | Phase 1 [986/1083]: NKS Super Speciality Hospital
[2026-07-27 22:24:34] WARNING |   Nav error: Page.goto: net::ERR_HTTP2_PROTOCOL_ERROR at https://www.justdial.com/All-Cities/NKS+Super+Speciality+Hospital-Hospital/nct-11109123
Call log:
  - navigating to "https://www.justdial.com/All-Cities/NKS+Super+Speciality+Hospital-Hospital/nct-11109123", waiting until "domcontentloaded"
 (attempt 1/2)
[2026-07-27 22:24:36] WARNING |   Nav error: Page.goto: net::ERR_HTTP2_PROTOCOL_ERROR at https://www.justdial.com/All-Cities/NKS+Super+Speciality+Hospital-Hospital/nct-11109123
Call log:
  - navigating to "https://www.justdial.com/All-Cities/NKS+Super+Speciality+Hospital-Hospital/nct-11109123", waiting until "domcontentloaded"
 (attempt 2/2)
[2026-07-27 22:24:40] INFO | Phase 1 [987/1083]: Exit Gate of BLK Hospital
[2026-07-27 22:24:49] WARNING |   Nav error: Page.goto: net::ERR_HTTP2_PROTOCOL_ERROR at https://www.justdial.com/All-Cities/Exit+Gate+of+BLK+Hospital-Hospital/nct-11109123
Call log:
  - navigating to "https://www.justdial.com/All-Cities/Exit+Gate+of+BLK+Hospital-Hospital/nct-11109123", waiting until "domcontentloaded"
 (attempt 1/2)
[2026-07-27 22:24:52] WARNING |   Nav error: Page.goto: net::ERR_HTTP2_PROTOCOL_ERROR at https://www.justdial.com/All-Cities/Exit+Gate+of+BLK+Hospital-Hospital/nct-11109123
Call log:
  - navigating to "https://www.justdial.com/All-Cities/Exit+Gate+of+BLK+Hospital-Hospital/nct-11109123", waiting until "domcontentloaded"
 (attempt 2/2)
[2026-07-27 22:24:53] INFO | Phase 1 [988/1083]: Bali Nursing Home
[2026-07-27 22:25:02] WARNING |   Nav error: Page.goto: net::ERR_HTTP2_PROTOCOL_ERROR at https://www.justdial.com/All-Cities/Bali+Nursing+Home-Hospital/nct-11109123
Call log:
  - navigating to "https://www.justdial.com/All-Cities/Bali+Nursing+Home-Hospital/nct-11109123", waiting until "domcontentloaded"
 (attempt 1/2)
[2026-07-27 22:25:04] WARNING |   Nav error: Page.goto: net::ERR_HTTP2_PROTOCOL_ERROR at https://www.justdial.com/All-Cities/Bali+Nursing+Home-Hospital/nct-11109123
Call log:
  - navigating to "https://www.justdial.com/All-Cities/Bali+Nursing+Home-Hospital/nct-11109123", waiting until "domcontentloaded"
 (attempt 2/2)
[2026-07-27 22:25:06] INFO | Phase 1 [989/1083]: Jan Kalyan Hospital
[2026-07-27 22:25:16] WARNING |   Nav error: Page.goto: net::ERR_HTTP2_PROTOCOL_ERROR at https://www.justdial.com/All-Cities/Jan+Kalyan+Hospital-Hospital/nct-11109123
Call log:
  - navigating to "https://www.justdial.com/All-Cities/Jan+Kalyan+Hospital-Hospital/nct-11109123", waiting until "domcontentloaded"
 (attempt 1/2)
[2026-07-27 22:25:18] WARNING |   Nav error: Page.goto: net::ERR_HTTP2_PROTOCOL_ERROR at https://www.justdial.com/All-Cities/Jan+Kalyan+Hospital-Hospital/nct-11109123
Call log:
  - navigating to "https://www.justdial.com/All-Cities/Jan+Kalyan+Hospital-Hospital/nct-11109123", waiting until "domcontentloaded"
 (attempt 2/2)
[2026-07-27 22:25:20] INFO | Phase 1 [990/1083]: JASSRAJ HOSPITAL
[2026-07-27 22:25:30] WARNING |   Nav error: Page.goto: net::ERR_HTTP2_PROTOCOL_ERROR at https://www.justdial.com/All-Cities/JASSRAJ+HOSPITAL-Hospital/nct-11109123
Call log:
  - navigating to "https://www.justdial.com/All-Cities/JASSRAJ+HOSPITAL-Hospital/nct-11109123", waiting until "domcontentloaded"
 (attempt 1/2)
[2026-07-27 22:25:32] WARNING |   Nav error: Page.goto: net::ERR_HTTP2_PROTOCOL_ERROR at https://www.justdial.com/All-Cities/JASSRAJ+HOSPITAL-Hospital/nct-11109123
Call log:
  - navigating to "https://www.justdial.com/All-Cities/JASSRAJ+HOSPITAL-Hospital/nct-11109123", waiting until "domcontentloaded"
 (attempt 2/2)
[2026-07-27 22:25:34] INFO | Phase 1 [991/1083]: Malik Hospital
[2026-07-27 22:25:44] WARNING |   Nav error: Page.goto: net::ERR_HTTP2_PROTOCOL_ERROR at https://www.justdial.com/All-Cities/Malik+Hospital-Hospital/nct-11109123
Call log:
  - navigating to "https://www.justdial.com/All-Cities/Malik+Hospital-Hospital/nct-11109123", waiting until "domcontentloaded"
 (attempt 1/2)
[2026-07-27 22:25:46] WARNING |   Nav error: Page.goto: net::ERR_HTTP2_PROTOCOL_ERROR at https://www.justdial.com/All-Cities/Malik+Hospital-Hospital/nct-11109123
Call log:
  - navigating to "https://www.justdial.com/All-Cities/Malik+Hospital-Hospital/nct-11109123", waiting until "domcontentloaded"
 (attempt 2/2)
[2026-07-27 22:25:48] INFO | Phase 1 [992/1083]: Harnam Singh Charitable Trust
[2026-07-27 22:25:57] WARNING |   Nav error: Page.goto: net::ERR_HTTP2_PROTOCOL_ERROR at https://www.justdial.com/All-Cities/Harnam+Singh+Charitable+Trust-Hospital/nct-11109123
Call log:
  - navigating to "https://www.justdial.com/All-Cities/Harnam+Singh+Charitable+Trust-Hospital/nct-11109123", waiting until "domcontentloaded"
 (attempt 1/2)
[2026-07-27 22:26:00] WARNING |   Nav error: Page.goto: net::ERR_HTTP2_PROTOCOL_ERROR at https://www.justdial.com/All-Cities/Harnam+Singh+Charitable+Trust-Hospital/nct-11109123
Call log:
  - navigating to "https://www.justdial.com/All-Cities/Harnam+Singh+Charitable+Trust-Hospital/nct-11109123", waiting until "domcontentloaded"
 (attempt 2/2)
[2026-07-27 22:26:01] INFO | Phase 1 [993/1083]: New Delhi Cancer Cure Centre
[2026-07-27 22:26:11] WARNING |   Nav error: Page.goto: net::ERR_HTTP2_PROTOCOL_ERROR at https://www.justdial.com/All-Cities/New+Delhi+Cancer+Cure+Centre-Hospital/nct-11109123
Call log:
  - navigating to "https://www.justdial.com/All-Cities/New+Delhi+Cancer+Cure+Centre-Hospital/nct-11109123", waiting until "domcontentloaded"
 (attempt 1/2)
[2026-07-27 22:26:13] WARNING |   Nav error: Page.goto: net::ERR_HTTP2_PROTOCOL_ERROR at https://www.justdial.com/All-Cities/New+Delhi+Cancer+Cure+Centre-Hospital/nct-11109123
Call log:
  - navigating to "https://www.justdial.com/All-Cities/New+Delhi+Cancer+Cure+Centre-Hospital/nct-11109123", waiting until "domcontentloaded"
 (attempt 2/2)
[2026-07-27 22:26:15] INFO | Phase 1 [994/1083]: Saraswati Memorial Hospital
[2026-07-27 22:26:24] WARNING |   Nav error: Page.goto: net::ERR_HTTP2_PROTOCOL_ERROR at https://www.justdial.com/All-Cities/Saraswati+Memorial+Hospital-Hospital/nct-11109123
Call log:
  - navigating to "https://www.justdial.com/All-Cities/Saraswati+Memorial+Hospital-Hospital/nct-11109123", waiting until "domcontentloaded"
 (attempt 1/2)
[2026-07-27 22:26:26] WARNING |   Nav error: Page.goto: net::ERR_HTTP2_PROTOCOL_ERROR at https://www.justdial.com/All-Cities/Saraswati+Memorial+Hospital-Hospital/nct-11109123
Call log:
  - navigating to "https://www.justdial.com/All-Cities/Saraswati+Memorial+Hospital-Hospital/nct-11109123", waiting until "domcontentloaded"
 (attempt 2/2)
[2026-07-27 22:26:29] INFO | Phase 1 [995/1083]: Shree Jeewan Hospital
[2026-07-27 22:26:39] WARNING |   Nav error: Page.goto: net::ERR_HTTP2_PROTOCOL_ERROR at https://www.justdial.com/All-Cities/Shree+Jeewan+Hospital-Hospital/nct-11109123
Call log:
  - navigating to "https://www.justdial.com/All-Cities/Shree+Jeewan+Hospital-Hospital/nct-11109123", waiting until "domcontentloaded"
 (attempt 1/2)
[2026-07-27 22:26:41] WARNING |   Nav error: Page.goto: net::ERR_HTTP2_PROTOCOL_ERROR at https://www.justdial.com/All-Cities/Shree+Jeewan+Hospital-Hospital/nct-11109123
Call log:
  - navigating to "https://www.justdial.com/All-Cities/Shree+Jeewan+Hospital-Hospital/nct-11109123", waiting until "domcontentloaded"
 (attempt 2/2)
[2026-07-27 22:26:43] INFO | Phase 1 [996/1083]: CollabDDS
[2026-07-27 22:26:52] WARNING |   Nav error: Page.goto: net::ERR_HTTP2_PROTOCOL_ERROR at https://www.justdial.com/All-Cities/CollabDDS-Hospital/nct-11109123
Call log:
  - navigating to "https://www.justdial.com/All-Cities/CollabDDS-Hospital/nct-11109123", waiting until "domcontentloaded"
 (attempt 1/2)
[2026-07-27 22:26:55] WARNING |   Nav error: Page.goto: net::ERR_HTTP2_PROTOCOL_ERROR at https://www.justdial.com/All-Cities/CollabDDS-Hospital/nct-11109123
Call log:
  - navigating to "https://www.justdial.com/All-Cities/CollabDDS-Hospital/nct-11109123", waiting until "domcontentloaded"
 (attempt 2/2)
[2026-07-27 22:26:56] INFO | Phase 1 [997/1083]: SDMC Lajpat Nagar Colony Hospital
[2026-07-27 22:27:06] WARNING |   Nav error: Page.goto: net::ERR_HTTP2_PROTOCOL_ERROR at https://www.justdial.com/All-Cities/SDMC+Lajpat+Nagar+Colony+Hospital-Hospital/nct-11109123
Call log:
  - navigating to "https://www.justdial.com/All-Cities/SDMC+Lajpat+Nagar+Colony+Hospital-Hospital/nct-11109123", waiting until "domcontentloaded"
 (attempt 1/2)
[2026-07-27 22:27:08] WARNING |   Nav error: Page.goto: net::ERR_HTTP2_PROTOCOL_ERROR at https://www.justdial.com/All-Cities/SDMC+Lajpat+Nagar+Colony+Hospital-Hospital/nct-11109123
Call log:
  - navigating to "https://www.justdial.com/All-Cities/SDMC+Lajpat+Nagar+Colony+Hospital-Hospital/nct-11109123", waiting until "domcontentloaded"
 (attempt 2/2)
[2026-07-27 22:27:10] INFO | Phase 1 [998/1083]: Jeewan Hospital
[2026-07-27 22:27:19] WARNING |   Nav error: Page.goto: net::ERR_HTTP2_PROTOCOL_ERROR at https://www.justdial.com/All-Cities/Jeewan+Hospital-Hospital/nct-11109123
Call log:
  - navigating to "https://www.justdial.com/All-Cities/Jeewan+Hospital-Hospital/nct-11109123", waiting until "domcontentloaded"
 (attempt 1/2)
[2026-07-27 22:27:22] WARNING |   Nav error: Page.goto: net::ERR_HTTP2_PROTOCOL_ERROR at https://www.justdial.com/All-Cities/Jeewan+Hospital-Hospital/nct-11109123
Call log:
  - navigating to "https://www.justdial.com/All-Cities/Jeewan+Hospital-Hospital/nct-11109123", waiting until "domcontentloaded"
 (attempt 2/2)
[2026-07-27 22:27:24] INFO | Phase 1 [999/1083]: Hospital
[2026-07-27 22:27:33] WARNING |   Nav error: Page.goto: net::ERR_HTTP2_PROTOCOL_ERROR at https://www.justdial.com/All-Cities/Hospital-Hospital/nct-11109123
Call log:
  - navigating to "https://www.justdial.com/All-Cities/Hospital-Hospital/nct-11109123", waiting until "domcontentloaded"
 (attempt 1/2)
[2026-07-27 22:27:35] WARNING |   Nav error: Page.goto: net::ERR_HTTP2_PROTOCOL_ERROR at https://www.justdial.com/All-Cities/Hospital-Hospital/nct-11109123
Call log:
  - navigating to "https://www.justdial.com/All-Cities/Hospital-Hospital/nct-11109123", waiting until "domcontentloaded"
 (attempt 2/2)
[2026-07-27 22:27:37] INFO | Phase 1 [1000/1083]: Manav Medicare Centre
[2026-07-27 22:27:47] WARNING |   Nav error: Page.goto: net::ERR_HTTP2_PROTOCOL_ERROR at https://www.justdial.com/All-Cities/Manav+Medicare+Centre-Hospital/nct-11109123
Call log:
  - navigating to "https://www.justdial.com/All-Cities/Manav+Medicare+Centre-Hospital/nct-11109123", waiting until "domcontentloaded"
 (attempt 1/2)
[2026-07-27 22:27:49] WARNING |   Nav error: Page.goto: net::ERR_HTTP2_PROTOCOL_ERROR at https://www.justdial.com/All-Cities/Manav+Medicare+Centre-Hospital/nct-11109123
Call log:
  - navigating to "https://www.justdial.com/All-Cities/Manav+Medicare+Centre-Hospital/nct-11109123", waiting until "domcontentloaded"
 (attempt 2/2)
[2026-07-27 22:27:50] INFO | Phase 1 [1001/1083]: Red Cross Bhawan
[2026-07-27 22:28:00] WARNING |   Nav error: Page.goto: net::ERR_HTTP2_PROTOCOL_ERROR at https://www.justdial.com/All-Cities/Red+Cross+Bhawan-Hospital/nct-11109123
Call log:
  - navigating to "https://www.justdial.com/All-Cities/Red+Cross+Bhawan-Hospital/nct-11109123", waiting until "domcontentloaded"
 (attempt 1/2)
[2026-07-27 22:28:02] WARNING |   Nav error: Page.goto: net::ERR_HTTP2_PROTOCOL_ERROR at https://www.justdial.com/All-Cities/Red+Cross+Bhawan-Hospital/nct-11109123
Call log:
  - navigating to "https://www.justdial.com/All-Cities/Red+Cross+Bhawan-Hospital/nct-11109123", waiting until "domcontentloaded"
 (attempt 2/2)
[2026-07-27 22:28:04] INFO | Phase 1 [1002/1083]: Farnsico
[2026-07-27 22:28:14] WARNING |   Nav error: Page.goto: net::ERR_HTTP2_PROTOCOL_ERROR at https://www.justdial.com/All-Cities/Farnsico-Hospital/nct-11109123
Call log:
  - navigating to "https://www.justdial.com/All-Cities/Farnsico-Hospital/nct-11109123", waiting until "domcontentloaded"
 (attempt 1/2)
[2026-07-27 22:28:16] WARNING |   Nav error: Page.goto: net::ERR_HTTP2_PROTOCOL_ERROR at https://www.justdial.com/All-Cities/Farnsico-Hospital/nct-11109123
Call log:
  - navigating to "https://www.justdial.com/All-Cities/Farnsico-Hospital/nct-11109123", waiting until "domcontentloaded"
 (attempt 2/2)
[2026-07-27 22:28:17] INFO | Phase 1 [1003/1083]: Venuhospital
[2026-07-27 22:28:27] WARNING |   Nav error: Page.goto: net::ERR_HTTP2_PROTOCOL_ERROR at https://www.justdial.com/All-Cities/Venuhospital-Hospital/nct-11109123
Call log:
  - navigating to "https://www.justdial.com/All-Cities/Venuhospital-Hospital/nct-11109123", waiting until "domcontentloaded"
 (attempt 1/2)
[2026-07-27 22:28:29] WARNING |   Nav error: Page.goto: net::ERR_HTTP2_PROTOCOL_ERROR at https://www.justdial.com/All-Cities/Venuhospital-Hospital/nct-11109123
Call log:
  - navigating to "https://www.justdial.com/All-Cities/Venuhospital-Hospital/nct-11109123", waiting until "domcontentloaded"
 (attempt 2/2)
[2026-07-27 22:28:33] INFO | Phase 1 [1004/1083]: Bmr Hospital
[2026-07-27 22:28:42] WARNING |   Nav error: Page.goto: net::ERR_HTTP2_PROTOCOL_ERROR at https://www.justdial.com/All-Cities/Bmr+Hospital-Hospital/nct-11109123
Call log:
  - navigating to "https://www.justdial.com/All-Cities/Bmr+Hospital-Hospital/nct-11109123", waiting until "domcontentloaded"
 (attempt 1/2)
[2026-07-27 22:28:44] WARNING |   Nav error: Page.goto: net::ERR_HTTP2_PROTOCOL_ERROR at https://www.justdial.com/All-Cities/Bmr+Hospital-Hospital/nct-11109123
Call log:
  - navigating to "https://www.justdial.com/All-Cities/Bmr+Hospital-Hospital/nct-11109123", waiting until "domcontentloaded"
 (attempt 2/2)
[2026-07-27 22:28:46] INFO | Phase 1 [1005/1083]: Palika Maternity Hospital
[2026-07-27 22:28:56] WARNING |   Nav error: Page.goto: net::ERR_HTTP2_PROTOCOL_ERROR at https://www.justdial.com/All-Cities/Palika+Maternity+Hospital-Hospital/nct-11109123
Call log:
  - navigating to "https://www.justdial.com/All-Cities/Palika+Maternity+Hospital-Hospital/nct-11109123", waiting until "domcontentloaded"
 (attempt 1/2)
[2026-07-27 22:28:58] WARNING |   Nav error: Page.goto: net::ERR_HTTP2_PROTOCOL_ERROR at https://www.justdial.com/All-Cities/Palika+Maternity+Hospital-Hospital/nct-11109123
Call log:
  - navigating to "https://www.justdial.com/All-Cities/Palika+Maternity+Hospital-Hospital/nct-11109123", waiting until "domcontentloaded"
 (attempt 2/2)
[2026-07-27 22:29:00] INFO | Phase 1 [1006/1083]: Government Hospital
[2026-07-27 22:29:10] WARNING |   Nav error: Page.goto: net::ERR_HTTP2_PROTOCOL_ERROR at https://www.justdial.com/All-Cities/Government+Hospital-Hospital/nct-11109123
Call log:
  - navigating to "https://www.justdial.com/All-Cities/Government+Hospital-Hospital/nct-11109123", waiting until "domcontentloaded"
 (attempt 1/2)
[2026-07-27 22:29:12] WARNING |   Nav error: Page.goto: net::ERR_HTTP2_PROTOCOL_ERROR at https://www.justdial.com/All-Cities/Government+Hospital-Hospital/nct-11109123
Call log:
  - navigating to "https://www.justdial.com/All-Cities/Government+Hospital-Hospital/nct-11109123", waiting until "domcontentloaded"
 (attempt 2/2)
[2026-07-27 22:29:13] INFO | Phase 1 [1007/1083]: Apex Citi Hospital
[2026-07-27 22:29:23] WARNING |   Nav error: Page.goto: net::ERR_HTTP2_PROTOCOL_ERROR at https://www.justdial.com/All-Cities/Apex+Citi+Hospital-Hospital/nct-11109123
Call log:
  - navigating to "https://www.justdial.com/All-Cities/Apex+Citi+Hospital-Hospital/nct-11109123", waiting until "domcontentloaded"
 (attempt 1/2)
[2026-07-27 22:29:25] WARNING |   Nav error: Page.goto: net::ERR_HTTP2_PROTOCOL_ERROR at https://www.justdial.com/All-Cities/Apex+Citi+Hospital-Hospital/nct-11109123
Call log:
  - navigating to "https://www.justdial.com/All-Cities/Apex+Citi+Hospital-Hospital/nct-11109123", waiting until "domcontentloaded"
 (attempt 2/2)
[2026-07-27 22:29:27] INFO | Phase 1 [1008/1083]: Mahesh Hospital
[2026-07-27 22:29:37] WARNING |   Nav error: Page.goto: net::ERR_HTTP2_PROTOCOL_ERROR at https://www.justdial.com/All-Cities/Mahesh+Hospital-Hospital/nct-11109123
Call log:
  - navigating to "https://www.justdial.com/All-Cities/Mahesh+Hospital-Hospital/nct-11109123", waiting until "domcontentloaded"
 (attempt 1/2)
[2026-07-27 22:29:39] WARNING |   Nav error: Page.goto: net::ERR_HTTP2_PROTOCOL_ERROR at https://www.justdial.com/All-Cities/Mahesh+Hospital-Hospital/nct-11109123
Call log:
  - navigating to "https://www.justdial.com/All-Cities/Mahesh+Hospital-Hospital/nct-11109123", waiting until "domcontentloaded"
 (attempt 2/2)
[2026-07-27 22:29:41] INFO | Phase 1 [1009/1083]: Hospital
[2026-07-27 22:29:51] WARNING |   Nav error: Page.goto: net::ERR_HTTP2_PROTOCOL_ERROR at https://www.justdial.com/All-Cities/Hospital-Hospital/nct-11109123
Call log:
  - navigating to "https://www.justdial.com/All-Cities/Hospital-Hospital/nct-11109123", waiting until "domcontentloaded"
 (attempt 1/2)
[2026-07-27 22:29:53] WARNING |   Nav error: Page.goto: net::ERR_HTTP2_PROTOCOL_ERROR at https://www.justdial.com/All-Cities/Hospital-Hospital/nct-11109123
Call log:
  - navigating to "https://www.justdial.com/All-Cities/Hospital-Hospital/nct-11109123", waiting until "domcontentloaded"
 (attempt 2/2)
[2026-07-27 22:29:54] INFO | Phase 1 [1010/1083]: Aruna Asaf Ali Govt Hospital
[2026-07-27 22:30:03] WARNING |   Nav error: Page.goto: net::ERR_HTTP2_PROTOCOL_ERROR at https://www.justdial.com/All-Cities/Aruna+Asaf+Ali+Govt+Hospital-Hospital/nct-11109123
Call log:
  - navigating to "https://www.justdial.com/All-Cities/Aruna+Asaf+Ali+Govt+Hospital-Hospital/nct-11109123", waiting until "domcontentloaded"
 (attempt 1/2)
[2026-07-27 22:30:06] WARNING |   Nav error: Page.goto: net::ERR_HTTP2_PROTOCOL_ERROR at https://www.justdial.com/All-Cities/Aruna+Asaf+Ali+Govt+Hospital-Hospital/nct-11109123
Call log:
  - navigating to "https://www.justdial.com/All-Cities/Aruna+Asaf+Ali+Govt+Hospital-Hospital/nct-11109123", waiting until "domcontentloaded"
 (attempt 2/2)
[2026-07-27 22:30:07] INFO | Phase 1 [1011/1083]: Singhla Hospital
[2026-07-27 22:30:16] WARNING |   Nav error: Page.goto: net::ERR_HTTP2_PROTOCOL_ERROR at https://www.justdial.com/All-Cities/Singhla+Hospital-Hospital/nct-11109123
Call log:
  - navigating to "https://www.justdial.com/All-Cities/Singhla+Hospital-Hospital/nct-11109123", waiting until "domcontentloaded"
 (attempt 1/2)
[2026-07-27 22:30:18] WARNING |   Nav error: Page.goto: net::ERR_HTTP2_PROTOCOL_ERROR at https://www.justdial.com/All-Cities/Singhla+Hospital-Hospital/nct-11109123
Call log:
  - navigating to "https://www.justdial.com/All-Cities/Singhla+Hospital-Hospital/nct-11109123", waiting until "domcontentloaded"
 (attempt 2/2)
[2026-07-27 22:30:20] INFO | Phase 1 [1012/1083]: Guru Nanak Eye Centre ( Annexed To Lok Nayak Hospital)
[2026-07-27 22:30:30] WARNING |   Nav error: Page.goto: net::ERR_HTTP2_PROTOCOL_ERROR at https://www.justdial.com/All-Cities/Guru+Nanak+Eye+Centre+%28+Annexed+To+Lok+Nayak+Hospital%29-Hospital/nct-11109123
Call log:
  - navigating to "https://www.justdial.com/All-Cities/Guru+Nanak+Eye+Centre+%28+Annexed+To+Lok+Nayak+Hospital%29-Hospital/nct-11109123", waiting until "domcontentloaded"
 (attempt 1/2)
[2026-07-27 22:30:32] WARNING |   Nav error: Page.goto: net::ERR_HTTP2_PROTOCOL_ERROR at https://www.justdial.com/All-Cities/Guru+Nanak+Eye+Centre+%28+Annexed+To+Lok+Nayak+Hospital%29-Hospital/nct-11109123
Call log:
  - navigating to "https://www.justdial.com/All-Cities/Guru+Nanak+Eye+Centre+%28+Annexed+To+Lok+Nayak+Hospital%29-Hospital/nct-11109123", waiting until "domcontentloaded"
 (attempt 2/2)
[2026-07-27 22:30:36] INFO | Phase 1 [1013/1083]: Eye Care Hospital
[2026-07-27 22:30:45] WARNING |   Nav error: Page.goto: net::ERR_HTTP2_PROTOCOL_ERROR at https://www.justdial.com/All-Cities/Eye+Care+Hospital-Hospital/nct-11109123
Call log:
  - navigating to "https://www.justdial.com/All-Cities/Eye+Care+Hospital-Hospital/nct-11109123", waiting until "domcontentloaded"
 (attempt 1/2)
[2026-07-27 22:30:47] WARNING |   Nav error: Page.goto: net::ERR_HTTP2_PROTOCOL_ERROR at https://www.justdial.com/All-Cities/Eye+Care+Hospital-Hospital/nct-11109123
Call log:
  - navigating to "https://www.justdial.com/All-Cities/Eye+Care+Hospital-Hospital/nct-11109123", waiting until "domcontentloaded"
 (attempt 2/2)
[2026-07-27 22:30:49] INFO | Phase 1 [1014/1083]: New Delhi Tuberculosis Centre
[2026-07-27 22:30:58] WARNING |   Nav error: Page.goto: net::ERR_HTTP2_PROTOCOL_ERROR at https://www.justdial.com/All-Cities/New+Delhi+Tuberculosis+Centre-Hospital/nct-11109123
Call log:
  - navigating to "https://www.justdial.com/All-Cities/New+Delhi+Tuberculosis+Centre-Hospital/nct-11109123", waiting until "domcontentloaded"
 (attempt 1/2)
[2026-07-27 22:31:00] WARNING |   Nav error: Page.goto: net::ERR_HTTP2_PROTOCOL_ERROR at https://www.justdial.com/All-Cities/New+Delhi+Tuberculosis+Centre-Hospital/nct-11109123
Call log:
  - navigating to "https://www.justdial.com/All-Cities/New+Delhi+Tuberculosis+Centre-Hospital/nct-11109123", waiting until "domcontentloaded"
 (attempt 2/2)
[2026-07-27 22:31:01] INFO | Phase 1 [1015/1083]: C. P
[2026-07-27 22:31:12] WARNING |   Nav error: Page.goto: net::ERR_HTTP2_PROTOCOL_ERROR at https://www.justdial.com/All-Cities/C.+P-Hospital/nct-11109123
Call log:
  - navigating to "https://www.justdial.com/All-Cities/C.+P-Hospital/nct-11109123", waiting until "domcontentloaded"
 (attempt 1/2)
[2026-07-27 22:31:14] WARNING |   Nav error: Page.goto: net::ERR_HTTP2_PROTOCOL_ERROR at https://www.justdial.com/All-Cities/C.+P-Hospital/nct-11109123
Call log:
  - navigating to "https://www.justdial.com/All-Cities/C.+P-Hospital/nct-11109123", waiting until "domcontentloaded"
 (attempt 2/2)
[2026-07-27 22:31:15] INFO | Phase 1 [1016/1083]: e 7 hospital
[2026-07-27 22:31:25] WARNING |   Nav error: Page.goto: net::ERR_HTTP2_PROTOCOL_ERROR at https://www.justdial.com/All-Cities/e+7+hospital-Hospital/nct-11109123
Call log:
  - navigating to "https://www.justdial.com/All-Cities/e+7+hospital-Hospital/nct-11109123", waiting until "domcontentloaded"
 (attempt 1/2)
[2026-07-27 22:31:28] WARNING |   Nav error: Page.goto: net::ERR_HTTP2_PROTOCOL_ERROR at https://www.justdial.com/All-Cities/e+7+hospital-Hospital/nct-11109123
Call log:
  - navigating to "https://www.justdial.com/All-Cities/e+7+hospital-Hospital/nct-11109123", waiting until "domcontentloaded"
 (attempt 2/2)
[2026-07-27 22:31:30] INFO | Phase 1 [1017/1083]: Khadija National Hospital
[2026-07-27 22:31:39] WARNING |   Nav error: Page.goto: net::ERR_HTTP2_PROTOCOL_ERROR at https://www.justdial.com/All-Cities/Khadija+National+Hospital-Hospital/nct-11109123
Call log:
  - navigating to "https://www.justdial.com/All-Cities/Khadija+National+Hospital-Hospital/nct-11109123", waiting until "domcontentloaded"
 (attempt 1/2)
[2026-07-27 22:31:42] WARNING |   Nav error: Page.goto: net::ERR_HTTP2_PROTOCOL_ERROR at https://www.justdial.com/All-Cities/Khadija+National+Hospital-Hospital/nct-11109123
Call log:
  - navigating to "https://www.justdial.com/All-Cities/Khadija+National+Hospital-Hospital/nct-11109123", waiting until "domcontentloaded"
 (attempt 2/2)
[2026-07-27 22:31:43] INFO | Phase 1 [1018/1083]: MOPD
[2026-07-27 22:31:53] WARNING |   Nav error: Page.goto: net::ERR_HTTP2_PROTOCOL_ERROR at https://www.justdial.com/All-Cities/MOPD-Hospital/nct-11109123
Call log:
  - navigating to "https://www.justdial.com/All-Cities/MOPD-Hospital/nct-11109123", waiting until "domcontentloaded"
 (attempt 1/2)
[2026-07-27 22:31:55] WARNING |   Nav error: Page.goto: net::ERR_HTTP2_PROTOCOL_ERROR at https://www.justdial.com/All-Cities/MOPD-Hospital/nct-11109123
Call log:
  - navigating to "https://www.justdial.com/All-Cities/MOPD-Hospital/nct-11109123", waiting until "domcontentloaded"
 (attempt 2/2)
[2026-07-27 22:31:56] INFO | Phase 1 [1019/1083]: Sabharwal Hospital
[2026-07-27 22:32:06] WARNING |   Nav error: Page.goto: net::ERR_HTTP2_PROTOCOL_ERROR at https://www.justdial.com/All-Cities/Sabharwal+Hospital-Hospital/nct-11109123
Call log:
  - navigating to "https://www.justdial.com/All-Cities/Sabharwal+Hospital-Hospital/nct-11109123", waiting until "domcontentloaded"
 (attempt 1/2)
[2026-07-27 22:32:08] WARNING |   Nav error: Page.goto: net::ERR_HTTP2_PROTOCOL_ERROR at https://www.justdial.com/All-Cities/Sabharwal+Hospital-Hospital/nct-11109123
Call log:
  - navigating to "https://www.justdial.com/All-Cities/Sabharwal+Hospital-Hospital/nct-11109123", waiting until "domcontentloaded"
 (attempt 2/2)
[2026-07-27 22:32:11] INFO | Phase 1 [1020/1083]: Ashirwad Clinic
[2026-07-27 22:32:20] WARNING |   Nav error: Page.goto: net::ERR_HTTP2_PROTOCOL_ERROR at https://www.justdial.com/All-Cities/Ashirwad+Clinic-Hospital/nct-11109123
Call log:
  - navigating to "https://www.justdial.com/All-Cities/Ashirwad+Clinic-Hospital/nct-11109123", waiting until "domcontentloaded"
 (attempt 1/2)
[2026-07-27 22:32:22] WARNING |   Nav error: Page.goto: net::ERR_HTTP2_PROTOCOL_ERROR at https://www.justdial.com/All-Cities/Ashirwad+Clinic-Hospital/nct-11109123
Call log:
  - navigating to "https://www.justdial.com/All-Cities/Ashirwad+Clinic-Hospital/nct-11109123", waiting until "domcontentloaded"
 (attempt 2/2)
[2026-07-27 22:32:24] INFO | Phase 1 [1021/1083]: Kasturba Hospital
[2026-07-27 22:32:35] WARNING |   Nav error: Page.goto: net::ERR_HTTP2_PROTOCOL_ERROR at https://www.justdial.com/All-Cities/Kasturba+Hospital-Hospital/nct-11109123
Call log:
  - navigating to "https://www.justdial.com/All-Cities/Kasturba+Hospital-Hospital/nct-11109123", waiting until "domcontentloaded"
 (attempt 1/2)
[2026-07-27 22:32:37] WARNING |   Nav error: Page.goto: net::ERR_HTTP2_PROTOCOL_ERROR at https://www.justdial.com/All-Cities/Kasturba+Hospital-Hospital/nct-11109123
Call log:
  - navigating to "https://www.justdial.com/All-Cities/Kasturba+Hospital-Hospital/nct-11109123", waiting until "domcontentloaded"
 (attempt 2/2)
[2026-07-27 22:32:39] INFO | Phase 1 [1022/1083]: BLK-Max Super Speciality Hospital
[2026-07-27 22:32:48] WARNING |   Nav error: Page.goto: net::ERR_HTTP2_PROTOCOL_ERROR at https://www.justdial.com/All-Cities/BLK-Max+Super+Speciality+Hospital-Hospital/nct-11109123
Call log:
  - navigating to "https://www.justdial.com/All-Cities/BLK-Max+Super+Speciality+Hospital-Hospital/nct-11109123", waiting until "domcontentloaded"
 (attempt 1/2)
[2026-07-27 22:32:50] WARNING |   Nav error: Page.goto: net::ERR_HTTP2_PROTOCOL_ERROR at https://www.justdial.com/All-Cities/BLK-Max+Super+Speciality+Hospital-Hospital/nct-11109123
Call log:
  - navigating to "https://www.justdial.com/All-Cities/BLK-Max+Super+Speciality+Hospital-Hospital/nct-11109123", waiting until "domcontentloaded"
 (attempt 2/2)
[2026-07-27 22:32:52] INFO | Phase 1 [1023/1083]: Jeewan Mala Hospital - Best Hospital in Karol Bagh Delhi
[2026-07-27 22:33:01] WARNING |   Nav error: Page.goto: net::ERR_HTTP2_PROTOCOL_ERROR at https://www.justdial.com/All-Cities/Jeewan+Mala+Hospital+-+Best+Hospital+in+Karol+Bagh+Delhi-Hospital/nct-11109123
Call log:
  - navigating to "https://www.justdial.com/All-Cities/Jeewan+Mala+Hospital+-+Best+Hospital+in+Karol+Bagh+Delhi-Hospital/nct-11109123", waiting until "domcontentloaded"
 (attempt 1/2)
[2026-07-27 22:33:03] WARNING |   Nav error: Page.goto: net::ERR_HTTP2_PROTOCOL_ERROR at https://www.justdial.com/All-Cities/Jeewan+Mala+Hospital+-+Best+Hospital+in+Karol+Bagh+Delhi-Hospital/nct-11109123
Call log:
  - navigating to "https://www.justdial.com/All-Cities/Jeewan+Mala+Hospital+-+Best+Hospital+in+Karol+Bagh+Delhi-Hospital/nct-11109123", waiting until "domcontentloaded"
 (attempt 2/2)
[2026-07-27 22:33:05] INFO | Phase 1 [1024/1083]: Sanjeevan Hospital
[2026-07-27 22:33:14] WARNING |   Nav error: Page.goto: net::ERR_HTTP2_PROTOCOL_ERROR at https://www.justdial.com/All-Cities/Sanjeevan+Hospital-Hospital/nct-11109123
Call log:
  - navigating to "https://www.justdial.com/All-Cities/Sanjeevan+Hospital-Hospital/nct-11109123", waiting until "domcontentloaded"
 (attempt 1/2)
[2026-07-27 22:33:17] WARNING |   Nav error: Page.goto: net::ERR_HTTP2_PROTOCOL_ERROR at https://www.justdial.com/All-Cities/Sanjeevan+Hospital-Hospital/nct-11109123
Call log:
  - navigating to "https://www.justdial.com/All-Cities/Sanjeevan+Hospital-Hospital/nct-11109123", waiting until "domcontentloaded"
 (attempt 2/2)
[2026-07-27 22:33:18] INFO | Phase 1 [1025/1083]: Northern Railway Central Hospital Artificial Limb Centre
[2026-07-27 22:33:28] WARNING |   Nav error: Page.goto: net::ERR_HTTP2_PROTOCOL_ERROR at https://www.justdial.com/All-Cities/Northern+Railway+Central+Hospital+Artificial+Limb+Centre-Hospital/nct-11109123
Call log:
  - navigating to "https://www.justdial.com/All-Cities/Northern+Railway+Central+Hospital+Artificial+Limb+Centre-Hospital/nct-11109123", waiting until "domcontentloaded"
 (attempt 1/2)
[2026-07-27 22:33:30] WARNING |   Nav error: Page.goto: net::ERR_HTTP2_PROTOCOL_ERROR at https://www.justdial.com/All-Cities/Northern+Railway+Central+Hospital+Artificial+Limb+Centre-Hospital/nct-11109123
Call log:
  - navigating to "https://www.justdial.com/All-Cities/Northern+Railway+Central+Hospital+Artificial+Limb+Centre-Hospital/nct-11109123", waiting until "domcontentloaded"
 (attempt 2/2)
[2026-07-27 22:33:32] INFO | Phase 1 [1026/1083]: Apollo Spectra Hospitals
[2026-07-27 22:33:42] WARNING |   Nav error: Page.goto: net::ERR_HTTP2_PROTOCOL_ERROR at https://www.justdial.com/All-Cities/Apollo+Spectra+Hospitals-Hospital/nct-11109123
Call log:
  - navigating to "https://www.justdial.com/All-Cities/Apollo+Spectra+Hospitals-Hospital/nct-11109123", waiting until "domcontentloaded"
 (attempt 1/2)
[2026-07-27 22:33:44] WARNING |   Nav error: Page.goto: net::ERR_HTTP2_PROTOCOL_ERROR at https://www.justdial.com/All-Cities/Apollo+Spectra+Hospitals-Hospital/nct-11109123
Call log:
  - navigating to "https://www.justdial.com/All-Cities/Apollo+Spectra+Hospitals-Hospital/nct-11109123", waiting until "domcontentloaded"
 (attempt 2/2)
[2026-07-27 22:33:46] INFO | Phase 1 [1027/1083]: Shroff Eye Centre
[2026-07-27 22:33:55] WARNING |   Nav error: Page.goto: net::ERR_HTTP2_PROTOCOL_ERROR at https://www.justdial.com/All-Cities/Shroff+Eye+Centre-Hospital/nct-11109123
Call log:
  - navigating to "https://www.justdial.com/All-Cities/Shroff+Eye+Centre-Hospital/nct-11109123", waiting until "domcontentloaded"
 (attempt 1/2)
[2026-07-27 22:33:57] WARNING |   Nav error: Page.goto: net::ERR_HTTP2_PROTOCOL_ERROR at https://www.justdial.com/All-Cities/Shroff+Eye+Centre-Hospital/nct-11109123
Call log:
  - navigating to "https://www.justdial.com/All-Cities/Shroff+Eye+Centre-Hospital/nct-11109123", waiting until "domcontentloaded"
 (attempt 2/2)
[2026-07-27 22:33:59] INFO | Phase 1 [1028/1083]: Dr. N.C. Joshi Memorial Hospital
[2026-07-27 22:34:10] WARNING |   Nav error: Page.goto: net::ERR_HTTP2_PROTOCOL_ERROR at https://www.justdial.com/All-Cities/Dr.+N.C.+Joshi+Memorial+Hospital-Hospital/nct-11109123
Call log:
  - navigating to "https://www.justdial.com/All-Cities/Dr.+N.C.+Joshi+Memorial+Hospital-Hospital/nct-11109123", waiting until "domcontentloaded"
 (attempt 1/2)
[2026-07-27 22:34:13] WARNING |   Nav error: Page.goto: net::ERR_HTTP2_PROTOCOL_ERROR at https://www.justdial.com/All-Cities/Dr.+N.C.+Joshi+Memorial+Hospital-Hospital/nct-11109123
Call log:
  - navigating to "https://www.justdial.com/All-Cities/Dr.+N.C.+Joshi+Memorial+Hospital-Hospital/nct-11109123", waiting until "domcontentloaded"
 (attempt 2/2)
[2026-07-27 22:34:15] INFO | Phase 1 [1029/1083]: Rotary Dr Shroff Charty Hospital
[2026-07-27 22:34:25] WARNING |   Nav error: Page.goto: net::ERR_HTTP2_PROTOCOL_ERROR at https://www.justdial.com/All-Cities/Rotary+Dr+Shroff+Charty+Hospital-Hospital/nct-11109123
Call log:
  - navigating to "https://www.justdial.com/All-Cities/Rotary+Dr+Shroff+Charty+Hospital-Hospital/nct-11109123", waiting until "domcontentloaded"
 (attempt 1/2)
[2026-07-27 22:34:27] WARNING |   Nav error: Page.goto: net::ERR_HTTP2_PROTOCOL_ERROR at https://www.justdial.com/All-Cities/Rotary+Dr+Shroff+Charty+Hospital-Hospital/nct-11109123
Call log:
  - navigating to "https://www.justdial.com/All-Cities/Rotary+Dr+Shroff+Charty+Hospital-Hospital/nct-11109123", waiting until "domcontentloaded"
 (attempt 2/2)
[2026-07-27 22:34:31] INFO | Phase 1 [1030/1083]: Lok Nayak Hospital
[2026-07-27 22:34:41] WARNING |   Nav error: Page.goto: net::ERR_HTTP2_PROTOCOL_ERROR at https://www.justdial.com/All-Cities/Lok+Nayak+Hospital-Hospital/nct-11109123
Call log:
  - navigating to "https://www.justdial.com/All-Cities/Lok+Nayak+Hospital-Hospital/nct-11109123", waiting until "domcontentloaded"
 (attempt 1/2)
[2026-07-27 22:34:43] WARNING |   Nav error: Page.goto: net::ERR_HTTP2_PROTOCOL_ERROR at https://www.justdial.com/All-Cities/Lok+Nayak+Hospital-Hospital/nct-11109123
Call log:
  - navigating to "https://www.justdial.com/All-Cities/Lok+Nayak+Hospital-Hospital/nct-11109123", waiting until "domcontentloaded"
 (attempt 2/2)
[2026-07-27 22:34:45] INFO | Phase 1 [1031/1083]: Delhi Heart & Lung Institute
[2026-07-27 22:34:55] WARNING |   Nav error: Page.goto: net::ERR_HTTP2_PROTOCOL_ERROR at https://www.justdial.com/All-Cities/Delhi+Heart+%26+Lung+Institute-Hospital/nct-11109123
Call log:
  - navigating to "https://www.justdial.com/All-Cities/Delhi+Heart+%26+Lung+Institute-Hospital/nct-11109123", waiting until "domcontentloaded"
 (attempt 1/2)
[2026-07-27 22:34:57] WARNING |   Nav error: Page.goto: net::ERR_HTTP2_PROTOCOL_ERROR at https://www.justdial.com/All-Cities/Delhi+Heart+%26+Lung+Institute-Hospital/nct-11109123
Call log:
  - navigating to "https://www.justdial.com/All-Cities/Delhi+Heart+%26+Lung+Institute-Hospital/nct-11109123", waiting until "domcontentloaded"
 (attempt 2/2)
[2026-07-27 22:34:59] INFO | Phase 1 [1032/1083]: Cp
[2026-07-27 22:35:08] WARNING |   Nav error: Page.goto: net::ERR_HTTP2_PROTOCOL_ERROR at https://www.justdial.com/All-Cities/Cp-Hospital/nct-11109123
Call log:
  - navigating to "https://www.justdial.com/All-Cities/Cp-Hospital/nct-11109123", waiting until "domcontentloaded"
 (attempt 1/2)
[2026-07-27 22:35:10] WARNING |   Nav error: Page.goto: net::ERR_HTTP2_PROTOCOL_ERROR at https://www.justdial.com/All-Cities/Cp-Hospital/nct-11109123
Call log:
  - navigating to "https://www.justdial.com/All-Cities/Cp-Hospital/nct-11109123", waiting until "domcontentloaded"
 (attempt 2/2)
[2026-07-27 22:35:12] INFO | Phase 1 [1033/1083]: Lady Hardinge Hospital
[2026-07-27 22:35:21] WARNING |   Nav error: Page.goto: net::ERR_HTTP2_PROTOCOL_ERROR at https://www.justdial.com/All-Cities/Lady+Hardinge+Hospital-Hospital/nct-11109123
Call log:
  - navigating to "https://www.justdial.com/All-Cities/Lady+Hardinge+Hospital-Hospital/nct-11109123", waiting until "domcontentloaded"
 (attempt 1/2)
[2026-07-27 22:35:23] WARNING |   Nav error: Page.goto: net::ERR_HTTP2_PROTOCOL_ERROR at https://www.justdial.com/All-Cities/Lady+Hardinge+Hospital-Hospital/nct-11109123
Call log:
  - navigating to "https://www.justdial.com/All-Cities/Lady+Hardinge+Hospital-Hospital/nct-11109123", waiting until "domcontentloaded"
 (attempt 2/2)
[2026-07-27 22:35:25] INFO | Phase 1 [1034/1083]: RML Hospital
[2026-07-27 22:35:35] WARNING |   Nav error: Page.goto: net::ERR_HTTP2_PROTOCOL_ERROR at https://www.justdial.com/All-Cities/RML+Hospital-Hospital/nct-11109123
Call log:
  - navigating to "https://www.justdial.com/All-Cities/RML+Hospital-Hospital/nct-11109123", waiting until "domcontentloaded"
 (attempt 1/2)
[2026-07-27 22:35:37] WARNING |   Nav error: Page.goto: net::ERR_HTTP2_PROTOCOL_ERROR at https://www.justdial.com/All-Cities/RML+Hospital-Hospital/nct-11109123
Call log:
  - navigating to "https://www.justdial.com/All-Cities/RML+Hospital-Hospital/nct-11109123", waiting until "domcontentloaded"
 (attempt 2/2)
[2026-07-27 22:35:39] INFO | Phase 1 [1035/1083]: Northern Railway Central Hospital
[2026-07-27 22:35:49] WARNING |   Nav error: Page.goto: net::ERR_HTTP2_PROTOCOL_ERROR at https://www.justdial.com/All-Cities/Northern+Railway+Central+Hospital-Hospital/nct-11109123
Call log:
  - navigating to "https://www.justdial.com/All-Cities/Northern+Railway+Central+Hospital-Hospital/nct-11109123", waiting until "domcontentloaded"
 (attempt 1/2)
[2026-07-27 22:35:51] WARNING |   Nav error: Page.goto: net::ERR_HTTP2_PROTOCOL_ERROR at https://www.justdial.com/All-Cities/Northern+Railway+Central+Hospital-Hospital/nct-11109123
Call log:
  - navigating to "https://www.justdial.com/All-Cities/Northern+Railway+Central+Hospital-Hospital/nct-11109123", waiting until "domcontentloaded"
 (attempt 2/2)
[2026-07-27 22:35:53] INFO | Phase 1 [1036/1083]: Smt Sucheta Kriplani Hospital
[2026-07-27 22:36:02] WARNING |   Nav error: Page.goto: net::ERR_HTTP2_PROTOCOL_ERROR at https://www.justdial.com/All-Cities/Smt+Sucheta+Kriplani+Hospital-Hospital/nct-11109123
Call log:
  - navigating to "https://www.justdial.com/All-Cities/Smt+Sucheta+Kriplani+Hospital-Hospital/nct-11109123", waiting until "domcontentloaded"
 (attempt 1/2)
[2026-07-27 22:36:05] WARNING |   Nav error: Page.goto: net::ERR_HTTP2_PROTOCOL_ERROR at https://www.justdial.com/All-Cities/Smt+Sucheta+Kriplani+Hospital-Hospital/nct-11109123
Call log:
  - navigating to "https://www.justdial.com/All-Cities/Smt+Sucheta+Kriplani+Hospital-Hospital/nct-11109123", waiting until "domcontentloaded"
 (attempt 2/2)
[2026-07-27 22:36:06] INFO | Phase 1 [1037/1083]: SATYAWADI RAJA HARISH CHANDRA HOSPITAL
[2026-07-27 22:36:16] WARNING |   Nav error: Page.goto: net::ERR_HTTP2_PROTOCOL_ERROR at https://www.justdial.com/All-Cities/SATYAWADI+RAJA+HARISH+CHANDRA+HOSPITAL-Hospital/nct-11109123
Call log:
  - navigating to "https://www.justdial.com/All-Cities/SATYAWADI+RAJA+HARISH+CHANDRA+HOSPITAL-Hospital/nct-11109123", waiting until "domcontentloaded"
 (attempt 1/2)
[2026-07-27 22:36:18] WARNING |   Nav error: Page.goto: net::ERR_HTTP2_PROTOCOL_ERROR at https://www.justdial.com/All-Cities/SATYAWADI+RAJA+HARISH+CHANDRA+HOSPITAL-Hospital/nct-11109123
Call log:
  - navigating to "https://www.justdial.com/All-Cities/SATYAWADI+RAJA+HARISH+CHANDRA+HOSPITAL-Hospital/nct-11109123", waiting until "domcontentloaded"
 (attempt 2/2)
[2026-07-27 22:36:20] INFO | Phase 1 [1038/1083]: General Williams Hospital
[2026-07-27 22:36:28] WARNING |   Nav error: Page.goto: net::ERR_HTTP2_PROTOCOL_ERROR at https://www.justdial.com/All-Cities/General+Williams+Hospital-Hospital/nct-11109123
Call log:
  - navigating to "https://www.justdial.com/All-Cities/General+Williams+Hospital-Hospital/nct-11109123", waiting until "domcontentloaded"
 (attempt 1/2)
[2026-07-27 22:36:30] WARNING |   Nav error: Page.goto: net::ERR_HTTP2_PROTOCOL_ERROR at https://www.justdial.com/All-Cities/General+Williams+Hospital-Hospital/nct-11109123
Call log:
  - navigating to "https://www.justdial.com/All-Cities/General+Williams+Hospital-Hospital/nct-11109123", waiting until "domcontentloaded"
 (attempt 2/2)
[2026-07-27 22:36:34] INFO | Phase 1 [1039/1083]: Dr. Ram Manohar Lohia Hospital
[2026-07-27 22:36:43] WARNING |   Nav error: Page.goto: net::ERR_HTTP2_PROTOCOL_ERROR at https://www.justdial.com/All-Cities/Dr.+Ram+Manohar+Lohia+Hospital-Hospital/nct-11109123
Call log:
  - navigating to "https://www.justdial.com/All-Cities/Dr.+Ram+Manohar+Lohia+Hospital-Hospital/nct-11109123", waiting until "domcontentloaded"
 (attempt 1/2)
[2026-07-27 22:36:45] WARNING |   Nav error: Page.goto: net::ERR_HTTP2_PROTOCOL_ERROR at https://www.justdial.com/All-Cities/Dr.+Ram+Manohar+Lohia+Hospital-Hospital/nct-11109123
Call log:
  - navigating to "https://www.justdial.com/All-Cities/Dr.+Ram+Manohar+Lohia+Hospital-Hospital/nct-11109123", waiting until "domcontentloaded"
 (attempt 2/2)
[2026-07-27 22:36:47] INFO | Phase 1 [1040/1083]: Jaipur Golden Hospital
[2026-07-27 22:36:57] WARNING |   Nav error: Page.goto: net::ERR_HTTP2_PROTOCOL_ERROR at https://www.justdial.com/All-Cities/Jaipur+Golden+Hospital-Hospital/nct-11109123
Call log:
  - navigating to "https://www.justdial.com/All-Cities/Jaipur+Golden+Hospital-Hospital/nct-11109123", waiting until "domcontentloaded"
 (attempt 1/2)
[2026-07-27 22:36:59] WARNING |   Nav error: Page.goto: net::ERR_HTTP2_PROTOCOL_ERROR at https://www.justdial.com/All-Cities/Jaipur+Golden+Hospital-Hospital/nct-11109123
Call log:
  - navigating to "https://www.justdial.com/All-Cities/Jaipur+Golden+Hospital-Hospital/nct-11109123", waiting until "domcontentloaded"
 (attempt 2/2)
[2026-07-27 22:37:01] INFO | Phase 1 [1041/1083]: Park Hospital
[2026-07-27 22:37:10] WARNING |   Nav error: Page.goto: net::ERR_HTTP2_PROTOCOL_ERROR at https://www.justdial.com/All-Cities/Park+Hospital-Hospital/nct-11109123
Call log:
  - navigating to "https://www.justdial.com/All-Cities/Park+Hospital-Hospital/nct-11109123", waiting until "domcontentloaded"
 (attempt 1/2)
[2026-07-27 22:37:12] WARNING |   Nav error: Page.goto: net::ERR_HTTP2_PROTOCOL_ERROR at https://www.justdial.com/All-Cities/Park+Hospital-Hospital/nct-11109123
Call log:
  - navigating to "https://www.justdial.com/All-Cities/Park+Hospital-Hospital/nct-11109123", waiting until "domcontentloaded"
 (attempt 2/2)
[2026-07-27 22:37:15] INFO | Phase 1 [1042/1083]: MGS HOSPITAL
[2026-07-27 22:37:23] WARNING |   Nav error: Page.goto: net::ERR_HTTP2_PROTOCOL_ERROR at https://www.justdial.com/All-Cities/MGS+HOSPITAL-Hospital/nct-11109123
Call log:
  - navigating to "https://www.justdial.com/All-Cities/MGS+HOSPITAL-Hospital/nct-11109123", waiting until "domcontentloaded"
 (attempt 1/2)
[2026-07-27 22:37:26] WARNING |   Nav error: Page.goto: net::ERR_HTTP2_PROTOCOL_ERROR at https://www.justdial.com/All-Cities/MGS+HOSPITAL-Hospital/nct-11109123
Call log:
  - navigating to "https://www.justdial.com/All-Cities/MGS+HOSPITAL-Hospital/nct-11109123", waiting until "domcontentloaded"
 (attempt 2/2)
[2026-07-27 22:37:27] INFO | Phase 1 [1043/1083]: Muni Maya Ram Jain Hospital
[2026-07-27 22:37:36] WARNING |   Nav error: Page.goto: net::ERR_HTTP2_PROTOCOL_ERROR at https://www.justdial.com/All-Cities/Muni+Maya+Ram+Jain+Hospital-Hospital/nct-11109123
Call log:
  - navigating to "https://www.justdial.com/All-Cities/Muni+Maya+Ram+Jain+Hospital-Hospital/nct-11109123", waiting until "domcontentloaded"
 (attempt 1/2)
[2026-07-27 22:37:39] WARNING |   Nav error: Page.goto: net::ERR_HTTP2_PROTOCOL_ERROR at https://www.justdial.com/All-Cities/Muni+Maya+Ram+Jain+Hospital-Hospital/nct-11109123
Call log:
  - navigating to "https://www.justdial.com/All-Cities/Muni+Maya+Ram+Jain+Hospital-Hospital/nct-11109123", waiting until "domcontentloaded"
 (attempt 2/2)
[2026-07-27 22:37:40] INFO | Phase 1 [1044/1083]: Dr BD Attam Hospital and Medical Research Centre
[2026-07-27 22:37:50] WARNING |   Nav error: Page.goto: net::ERR_HTTP2_PROTOCOL_ERROR at https://www.justdial.com/All-Cities/Dr+BD+Attam+Hospital+and+Medical+Research+Centre-Hospital/nct-11109123
Call log:
  - navigating to "https://www.justdial.com/All-Cities/Dr+BD+Attam+Hospital+and+Medical+Research+Centre-Hospital/nct-11109123", waiting until "domcontentloaded"
 (attempt 1/2)
[2026-07-27 22:37:52] WARNING |   Nav error: Page.goto: net::ERR_HTTP2_PROTOCOL_ERROR at https://www.justdial.com/All-Cities/Dr+BD+Attam+Hospital+and+Medical+Research+Centre-Hospital/nct-11109123
Call log:
  - navigating to "https://www.justdial.com/All-Cities/Dr+BD+Attam+Hospital+and+Medical+Research+Centre-Hospital/nct-11109123", waiting until "domcontentloaded"
 (attempt 2/2)
[2026-07-27 22:37:54] INFO | Phase 1 [1045/1083]: Saraswati Memorial Hospital
[2026-07-27 22:38:03] WARNING |   Nav error: Page.goto: net::ERR_HTTP2_PROTOCOL_ERROR at https://www.justdial.com/All-Cities/Saraswati+Memorial+Hospital-Hospital/nct-11109123
Call log:
  - navigating to "https://www.justdial.com/All-Cities/Saraswati+Memorial+Hospital-Hospital/nct-11109123", waiting until "domcontentloaded"
 (attempt 1/2)
[2026-07-27 22:38:05] WARNING |   Nav error: Page.goto: net::ERR_HTTP2_PROTOCOL_ERROR at https://www.justdial.com/All-Cities/Saraswati+Memorial+Hospital-Hospital/nct-11109123
Call log:
  - navigating to "https://www.justdial.com/All-Cities/Saraswati+Memorial+Hospital-Hospital/nct-11109123", waiting until "domcontentloaded"
 (attempt 2/2)
[2026-07-27 22:38:07] INFO | Phase 1 [1046/1083]: Citizen Hospital
[2026-07-27 22:38:16] WARNING |   Nav error: Page.goto: net::ERR_HTTP2_PROTOCOL_ERROR at https://www.justdial.com/All-Cities/Citizen+Hospital-Hospital/nct-11109123
Call log:
  - navigating to "https://www.justdial.com/All-Cities/Citizen+Hospital-Hospital/nct-11109123", waiting until "domcontentloaded"
 (attempt 1/2)
[2026-07-27 22:38:19] WARNING |   Nav error: Page.goto: net::ERR_HTTP2_PROTOCOL_ERROR at https://www.justdial.com/All-Cities/Citizen+Hospital-Hospital/nct-11109123
Call log:
  - navigating to "https://www.justdial.com/All-Cities/Citizen+Hospital-Hospital/nct-11109123", waiting until "domcontentloaded"
 (attempt 2/2)
[2026-07-27 22:38:21] INFO | Phase 1 [1047/1083]: St. Stephen's Hospital
[2026-07-27 22:38:30] WARNING |   Nav error: Page.goto: net::ERR_HTTP2_PROTOCOL_ERROR at https://www.justdial.com/All-Cities/St.+Stephen%27s+Hospital-Hospital/nct-11109123
Call log:
  - navigating to "https://www.justdial.com/All-Cities/St.+Stephen%27s+Hospital-Hospital/nct-11109123", waiting until "domcontentloaded"
 (attempt 1/2)
[2026-07-27 22:38:32] WARNING |   Nav error: Page.goto: net::ERR_HTTP2_PROTOCOL_ERROR at https://www.justdial.com/All-Cities/St.+Stephen%27s+Hospital-Hospital/nct-11109123
Call log:
  - navigating to "https://www.justdial.com/All-Cities/St.+Stephen%27s+Hospital-Hospital/nct-11109123", waiting until "domcontentloaded"
 (attempt 2/2)
[2026-07-27 22:38:36] INFO | Phase 1 [1048/1083]: Kalra Hospitals
[2026-07-27 22:38:45] WARNING |   Nav error: Page.goto: net::ERR_HTTP2_PROTOCOL_ERROR at https://www.justdial.com/All-Cities/Kalra+Hospitals-Hospital/nct-11109123
Call log:
  - navigating to "https://www.justdial.com/All-Cities/Kalra+Hospitals-Hospital/nct-11109123", waiting until "domcontentloaded"
 (attempt 1/2)
[2026-07-27 22:38:47] WARNING |   Nav error: Page.goto: net::ERR_HTTP2_PROTOCOL_ERROR at https://www.justdial.com/All-Cities/Kalra+Hospitals-Hospital/nct-11109123
Call log:
  - navigating to "https://www.justdial.com/All-Cities/Kalra+Hospitals-Hospital/nct-11109123", waiting until "domcontentloaded"
 (attempt 2/2)
[2026-07-27 22:38:49] INFO | Phase 1 [1049/1083]: Maharishi Valmiki Hospital
[2026-07-27 22:38:58] WARNING |   Nav error: Page.goto: net::ERR_HTTP2_PROTOCOL_ERROR at https://www.justdial.com/All-Cities/Maharishi+Valmiki+Hospital-Hospital/nct-11109123
Call log:
  - navigating to "https://www.justdial.com/All-Cities/Maharishi+Valmiki+Hospital-Hospital/nct-11109123", waiting until "domcontentloaded"
 (attempt 1/2)
[2026-07-27 22:39:00] WARNING |   Nav error: Page.goto: net::ERR_HTTP2_PROTOCOL_ERROR at https://www.justdial.com/All-Cities/Maharishi+Valmiki+Hospital-Hospital/nct-11109123
Call log:
  - navigating to "https://www.justdial.com/All-Cities/Maharishi+Valmiki+Hospital-Hospital/nct-11109123", waiting until "domcontentloaded"
 (attempt 2/2)
[2026-07-27 22:39:02] INFO | Phase 1 [1050/1083]: Deen Dayal Upadhyay Hospital
[2026-07-27 22:39:12] WARNING |   Nav error: Page.goto: net::ERR_HTTP2_PROTOCOL_ERROR at https://www.justdial.com/All-Cities/Deen+Dayal+Upadhyay+Hospital-Hospital/nct-11109123
Call log:
  - navigating to "https://www.justdial.com/All-Cities/Deen+Dayal+Upadhyay+Hospital-Hospital/nct-11109123", waiting until "domcontentloaded"
 (attempt 1/2)
[2026-07-27 22:39:14] WARNING |   Nav error: Page.goto: net::ERR_HTTP2_PROTOCOL_ERROR at https://www.justdial.com/All-Cities/Deen+Dayal+Upadhyay+Hospital-Hospital/nct-11109123
Call log:
  - navigating to "https://www.justdial.com/All-Cities/Deen+Dayal+Upadhyay+Hospital-Hospital/nct-11109123", waiting until "domcontentloaded"
 (attempt 2/2)
[2026-07-27 22:39:15] INFO | Phase 1 [1051/1083]: Acharya Shree Bhikshu Hospital
[2026-07-27 22:39:24] WARNING |   Nav error: Page.goto: net::ERR_HTTP2_PROTOCOL_ERROR at https://www.justdial.com/All-Cities/Acharya+Shree+Bhikshu+Hospital-Hospital/nct-11109123
Call log:
  - navigating to "https://www.justdial.com/All-Cities/Acharya+Shree+Bhikshu+Hospital-Hospital/nct-11109123", waiting until "domcontentloaded"
 (attempt 1/2)
[2026-07-27 22:39:26] WARNING |   Nav error: Page.goto: net::ERR_HTTP2_PROTOCOL_ERROR at https://www.justdial.com/All-Cities/Acharya+Shree+Bhikshu+Hospital-Hospital/nct-11109123
Call log:
  - navigating to "https://www.justdial.com/All-Cities/Acharya+Shree+Bhikshu+Hospital-Hospital/nct-11109123", waiting until "domcontentloaded"
 (attempt 2/2)
[2026-07-27 22:39:28] INFO | Phase 1 [1052/1083]: Dr. N.C. Joshi Memorial Hospital
[2026-07-27 22:39:37] WARNING |   Nav error: Page.goto: net::ERR_HTTP2_PROTOCOL_ERROR at https://www.justdial.com/All-Cities/Dr.+N.C.+Joshi+Memorial+Hospital-Hospital/nct-11109123
Call log:
  - navigating to "https://www.justdial.com/All-Cities/Dr.+N.C.+Joshi+Memorial+Hospital-Hospital/nct-11109123", waiting until "domcontentloaded"
 (attempt 1/2)
[2026-07-27 22:39:39] WARNING |   Nav error: Page.goto: net::ERR_HTTP2_PROTOCOL_ERROR at https://www.justdial.com/All-Cities/Dr.+N.C.+Joshi+Memorial+Hospital-Hospital/nct-11109123
Call log:
  - navigating to "https://www.justdial.com/All-Cities/Dr.+N.C.+Joshi+Memorial+Hospital-Hospital/nct-11109123", waiting until "domcontentloaded"
 (attempt 2/2)
[2026-07-27 22:39:41] INFO | Phase 1 [1053/1083]: Lal Bahadur Shastri Hospital
[2026-07-27 22:39:50] WARNING |   Nav error: Page.goto: net::ERR_HTTP2_PROTOCOL_ERROR at https://www.justdial.com/All-Cities/Lal+Bahadur+Shastri+Hospital-Hospital/nct-11109123
Call log:
  - navigating to "https://www.justdial.com/All-Cities/Lal+Bahadur+Shastri+Hospital-Hospital/nct-11109123", waiting until "domcontentloaded"
 (attempt 1/2)
[2026-07-27 22:39:52] WARNING |   Nav error: Page.goto: net::ERR_HTTP2_PROTOCOL_ERROR at https://www.justdial.com/All-Cities/Lal+Bahadur+Shastri+Hospital-Hospital/nct-11109123
Call log:
  - navigating to "https://www.justdial.com/All-Cities/Lal+Bahadur+Shastri+Hospital-Hospital/nct-11109123", waiting until "domcontentloaded"
 (attempt 2/2)
[2026-07-27 22:39:54] INFO | Phase 1 [1054/1083]: Delhi Government Hospital
[2026-07-27 22:40:03] WARNING |   Nav error: Page.goto: net::ERR_HTTP2_PROTOCOL_ERROR at https://www.justdial.com/All-Cities/Delhi+Government+Hospital-Hospital/nct-11109123
Call log:
  - navigating to "https://www.justdial.com/All-Cities/Delhi+Government+Hospital-Hospital/nct-11109123", waiting until "domcontentloaded"
 (attempt 1/2)
[2026-07-27 22:40:05] WARNING |   Nav error: Page.goto: net::ERR_HTTP2_PROTOCOL_ERROR at https://www.justdial.com/All-Cities/Delhi+Government+Hospital-Hospital/nct-11109123
Call log:
  - navigating to "https://www.justdial.com/All-Cities/Delhi+Government+Hospital-Hospital/nct-11109123", waiting until "domcontentloaded"
 (attempt 2/2)
[2026-07-27 22:40:06] INFO | Phase 1 [1055/1083]: Lok Nayak Hospital
[2026-07-27 22:40:17] WARNING |   Nav error: Page.goto: net::ERR_HTTP2_PROTOCOL_ERROR at https://www.justdial.com/All-Cities/Lok+Nayak+Hospital-Hospital/nct-11109123
Call log:
  - navigating to "https://www.justdial.com/All-Cities/Lok+Nayak+Hospital-Hospital/nct-11109123", waiting until "domcontentloaded"
 (attempt 1/2)
[2026-07-27 22:40:19] WARNING |   Nav error: Page.goto: net::ERR_HTTP2_PROTOCOL_ERROR at https://www.justdial.com/All-Cities/Lok+Nayak+Hospital-Hospital/nct-11109123
Call log:
  - navigating to "https://www.justdial.com/All-Cities/Lok+Nayak+Hospital-Hospital/nct-11109123", waiting until "domcontentloaded"
 (attempt 2/2)
[2026-07-27 22:40:20] INFO | Phase 1 [1056/1083]: Deep Chand Bandhu Hospital
[2026-07-27 22:40:29] WARNING |   Nav error: Page.goto: net::ERR_HTTP2_PROTOCOL_ERROR at https://www.justdial.com/All-Cities/Deep+Chand+Bandhu+Hospital-Hospital/nct-11109123
Call log:
  - navigating to "https://www.justdial.com/All-Cities/Deep+Chand+Bandhu+Hospital-Hospital/nct-11109123", waiting until "domcontentloaded"
 (attempt 1/2)
[2026-07-27 22:40:31] WARNING |   Nav error: Page.goto: net::ERR_HTTP2_PROTOCOL_ERROR at https://www.justdial.com/All-Cities/Deep+Chand+Bandhu+Hospital-Hospital/nct-11109123
Call log:
  - navigating to "https://www.justdial.com/All-Cities/Deep+Chand+Bandhu+Hospital-Hospital/nct-11109123", waiting until "domcontentloaded"
 (attempt 2/2)
[2026-07-27 22:40:35] INFO | Phase 1 [1057/1083]: GB pant OT complex Hospital
[2026-07-27 22:40:44] WARNING |   Nav error: Page.goto: net::ERR_HTTP2_PROTOCOL_ERROR at https://www.justdial.com/All-Cities/GB+pant+OT+complex+Hospital-Hospital/nct-11109123
Call log:
  - navigating to "https://www.justdial.com/All-Cities/GB+pant+OT+complex+Hospital-Hospital/nct-11109123", waiting until "domcontentloaded"
 (attempt 1/2)
[2026-07-27 22:40:46] WARNING |   Nav error: Page.goto: net::ERR_HTTP2_PROTOCOL_ERROR at https://www.justdial.com/All-Cities/GB+pant+OT+complex+Hospital-Hospital/nct-11109123
Call log:
  - navigating to "https://www.justdial.com/All-Cities/GB+pant+OT+complex+Hospital-Hospital/nct-11109123", waiting until "domcontentloaded"
 (attempt 2/2)
[2026-07-27 22:40:48] INFO | Phase 1 [1058/1083]: Aruna Asaf Ali Govt Hospital
[2026-07-27 22:40:57] WARNING |   Nav error: Page.goto: net::ERR_HTTP2_PROTOCOL_ERROR at https://www.justdial.com/All-Cities/Aruna+Asaf+Ali+Govt+Hospital-Hospital/nct-11109123
Call log:
  - navigating to "https://www.justdial.com/All-Cities/Aruna+Asaf+Ali+Govt+Hospital-Hospital/nct-11109123", waiting until "domcontentloaded"
 (attempt 1/2)
[2026-07-27 22:41:00] WARNING |   Nav error: Page.goto: net::ERR_HTTP2_PROTOCOL_ERROR at https://www.justdial.com/All-Cities/Aruna+Asaf+Ali+Govt+Hospital-Hospital/nct-11109123
Call log:
  - navigating to "https://www.justdial.com/All-Cities/Aruna+Asaf+Ali+Govt+Hospital-Hospital/nct-11109123", waiting until "domcontentloaded"
 (attempt 2/2)
[2026-07-27 22:41:01] INFO | Phase 1 [1059/1083]: KESAR HOSPITAL
[2026-07-27 22:41:10] WARNING |   Nav error: Page.goto: net::ERR_HTTP2_PROTOCOL_ERROR at https://www.justdial.com/All-Cities/KESAR+HOSPITAL-Hospital/nct-11109123
Call log:
  - navigating to "https://www.justdial.com/All-Cities/KESAR+HOSPITAL-Hospital/nct-11109123", waiting until "domcontentloaded"
 (attempt 1/2)
[2026-07-27 22:41:12] WARNING |   Nav error: Page.goto: net::ERR_HTTP2_PROTOCOL_ERROR at https://www.justdial.com/All-Cities/KESAR+HOSPITAL-Hospital/nct-11109123
Call log:
  - navigating to "https://www.justdial.com/All-Cities/KESAR+HOSPITAL-Hospital/nct-11109123", waiting until "domcontentloaded"
 (attempt 2/2)
[2026-07-27 22:41:14] INFO | Phase 1 [1060/1083]: Divine Multispeciality Hospital & Cancer Centre
[2026-07-27 22:41:23] WARNING |   Nav error: Page.goto: net::ERR_HTTP2_PROTOCOL_ERROR at https://www.justdial.com/All-Cities/Divine+Multispeciality+Hospital+%26+Cancer+Centre-Hospital/nct-11109123
Call log:
  - navigating to "https://www.justdial.com/All-Cities/Divine+Multispeciality+Hospital+%26+Cancer+Centre-Hospital/nct-11109123", waiting until "domcontentloaded"
 (attempt 1/2)
[2026-07-27 22:41:26] WARNING |   Nav error: Page.goto: net::ERR_HTTP2_PROTOCOL_ERROR at https://www.justdial.com/All-Cities/Divine+Multispeciality+Hospital+%26+Cancer+Centre-Hospital/nct-11109123
Call log:
  - navigating to "https://www.justdial.com/All-Cities/Divine+Multispeciality+Hospital+%26+Cancer+Centre-Hospital/nct-11109123", waiting until "domcontentloaded"
 (attempt 2/2)
[2026-07-27 22:41:28] INFO | Phase 1 [1061/1083]: Shanti Kumud Hospital
[2026-07-27 22:41:37] WARNING |   Nav error: Page.goto: net::ERR_HTTP2_PROTOCOL_ERROR at https://www.justdial.com/All-Cities/Shanti+Kumud+Hospital-Hospital/nct-11109123
Call log:
  - navigating to "https://www.justdial.com/All-Cities/Shanti+Kumud+Hospital-Hospital/nct-11109123", waiting until "domcontentloaded"
 (attempt 1/2)
[2026-07-27 22:41:39] WARNING |   Nav error: Page.goto: net::ERR_HTTP2_PROTOCOL_ERROR at https://www.justdial.com/All-Cities/Shanti+Kumud+Hospital-Hospital/nct-11109123
Call log:
  - navigating to "https://www.justdial.com/All-Cities/Shanti+Kumud+Hospital-Hospital/nct-11109123", waiting until "domcontentloaded"
 (attempt 2/2)
[2026-07-27 22:41:41] INFO | Phase 1 [1062/1083]: Dr Siddharth Gupta's Adarsh Multispeciality Hospital & Trauma Centre
[2026-07-27 22:41:50] WARNING |   Nav error: Page.goto: net::ERR_HTTP2_PROTOCOL_ERROR at https://www.justdial.com/All-Cities/Dr+Siddharth+Gupta%27s+Adarsh+Multispeciality+Hospital+%26+Trauma+Centre-Hospital/nct-11109123
Call log:
  - navigating to "https://www.justdial.com/All-Cities/Dr+Siddharth+Gupta%27s+Adarsh+Multispeciality+Hospital+%26+Trauma+Centre-Hospital/nct-11109123", waiting until "domcontentloaded"
 (attempt 1/2)
[2026-07-27 22:41:52] WARNING |   Nav error: Page.goto: net::ERR_HTTP2_PROTOCOL_ERROR at https://www.justdial.com/All-Cities/Dr+Siddharth+Gupta%27s+Adarsh+Multispeciality+Hospital+%26+Trauma+Centre-Hospital/nct-11109123
Call log:
  - navigating to "https://www.justdial.com/All-Cities/Dr+Siddharth+Gupta%27s+Adarsh+Multispeciality+Hospital+%26+Trauma+Centre-Hospital/nct-11109123", waiting until "domcontentloaded"
 (attempt 2/2)
[2026-07-27 22:41:54] INFO | Phase 1 [1063/1083]: Anand Maya Multispecialty Hospital
[2026-07-27 22:42:04] WARNING |   Nav error: Page.goto: net::ERR_HTTP2_PROTOCOL_ERROR at https://www.justdial.com/All-Cities/Anand+Maya+Multispecialty+Hospital-Hospital/nct-11109123
Call log:
  - navigating to "https://www.justdial.com/All-Cities/Anand+Maya+Multispecialty+Hospital-Hospital/nct-11109123", waiting until "domcontentloaded"
 (attempt 1/2)
[2026-07-27 22:42:06] WARNING |   Nav error: Page.goto: net::ERR_HTTP2_PROTOCOL_ERROR at https://www.justdial.com/All-Cities/Anand+Maya+Multispecialty+Hospital-Hospital/nct-11109123
Call log:
  - navigating to "https://www.justdial.com/All-Cities/Anand+Maya+Multispecialty+Hospital-Hospital/nct-11109123", waiting until "domcontentloaded"
 (attempt 2/2)
[2026-07-27 22:42:08] INFO | Phase 1 [1064/1083]: Fortis Hospital
[2026-07-27 22:42:18] WARNING |   Nav error: Page.goto: net::ERR_HTTP2_PROTOCOL_ERROR at https://www.justdial.com/All-Cities/Fortis+Hospital-Hospital/nct-11109123
Call log:
  - navigating to "https://www.justdial.com/All-Cities/Fortis+Hospital-Hospital/nct-11109123", waiting until "domcontentloaded"
 (attempt 1/2)
[2026-07-27 22:42:20] WARNING |   Nav error: Page.goto: net::ERR_HTTP2_PROTOCOL_ERROR at https://www.justdial.com/All-Cities/Fortis+Hospital-Hospital/nct-11109123
Call log:
  - navigating to "https://www.justdial.com/All-Cities/Fortis+Hospital-Hospital/nct-11109123", waiting until "domcontentloaded"
 (attempt 2/2)
[2026-07-27 22:42:21] INFO | Phase 1 [1065/1083]: Tyagi Hospital and Maternity Center
[2026-07-27 22:42:30] WARNING |   Nav error: Page.goto: net::ERR_HTTP2_PROTOCOL_ERROR at https://www.justdial.com/All-Cities/Tyagi+Hospital+and+Maternity+Center-Hospital/nct-11109123
Call log:
  - navigating to "https://www.justdial.com/All-Cities/Tyagi+Hospital+and+Maternity+Center-Hospital/nct-11109123", waiting until "domcontentloaded"
 (attempt 1/2)
[2026-07-27 22:42:32] WARNING |   Nav error: Page.goto: net::ERR_HTTP2_PROTOCOL_ERROR at https://www.justdial.com/All-Cities/Tyagi+Hospital+and+Maternity+Center-Hospital/nct-11109123
Call log:
  - navigating to "https://www.justdial.com/All-Cities/Tyagi+Hospital+and+Maternity+Center-Hospital/nct-11109123", waiting until "domcontentloaded"
 (attempt 2/2)
[2026-07-27 22:42:34] INFO | Phase 1 [1066/1083]: Sanjay Global Hospital
[2026-07-27 22:42:47] WARNING |   Nav error: Page.goto: net::ERR_HTTP2_PROTOCOL_ERROR at https://www.justdial.com/All-Cities/Sanjay+Global+Hospital-Hospital/nct-11109123
Call log:
  - navigating to "https://www.justdial.com/All-Cities/Sanjay+Global+Hospital-Hospital/nct-11109123", waiting until "domcontentloaded"
 (attempt 1/2)
[2026-07-27 22:42:50] WARNING |   Nav error: Page.goto: net::ERR_HTTP2_PROTOCOL_ERROR at https://www.justdial.com/All-Cities/Sanjay+Global+Hospital-Hospital/nct-11109123
Call log:
  - navigating to "https://www.justdial.com/All-Cities/Sanjay+Global+Hospital-Hospital/nct-11109123", waiting until "domcontentloaded"
 (attempt 2/2)
[2026-07-27 22:42:51] INFO | Phase 1 [1067/1083]: Bansal Global Hospital
[2026-07-27 22:43:00] WARNING |   Nav error: Page.goto: net::ERR_HTTP2_PROTOCOL_ERROR at https://www.justdial.com/All-Cities/Bansal+Global+Hospital-Hospital/nct-11109123
Call log:
  - navigating to "https://www.justdial.com/All-Cities/Bansal+Global+Hospital-Hospital/nct-11109123", waiting until "domcontentloaded"
 (attempt 1/2)
[2026-07-27 22:43:02] WARNING |   Nav error: Page.goto: net::ERR_HTTP2_PROTOCOL_ERROR at https://www.justdial.com/All-Cities/Bansal+Global+Hospital-Hospital/nct-11109123
Call log:
  - navigating to "https://www.justdial.com/All-Cities/Bansal+Global+Hospital-Hospital/nct-11109123", waiting until "domcontentloaded"
 (attempt 2/2)
[2026-07-27 22:43:04] INFO | Phase 1 [1068/1083]: Parmeshwari Devi Hospital
[2026-07-27 22:43:13] WARNING |   Nav error: Page.goto: net::ERR_HTTP2_PROTOCOL_ERROR at https://www.justdial.com/All-Cities/Parmeshwari+Devi+Hospital-Hospital/nct-11109123
Call log:
  - navigating to "https://www.justdial.com/All-Cities/Parmeshwari+Devi+Hospital-Hospital/nct-11109123", waiting until "domcontentloaded"
 (attempt 1/2)
[2026-07-27 22:43:15] WARNING |   Nav error: Page.goto: net::ERR_HTTP2_PROTOCOL_ERROR at https://www.justdial.com/All-Cities/Parmeshwari+Devi+Hospital-Hospital/nct-11109123
Call log:
  - navigating to "https://www.justdial.com/All-Cities/Parmeshwari+Devi+Hospital-Hospital/nct-11109123", waiting until "domcontentloaded"
 (attempt 2/2)
[2026-07-27 22:43:17] INFO | Phase 1 [1069/1083]: Batra Hospital & Medical Research Centre
[2026-07-27 22:43:27] WARNING |   Nav error: Page.goto: net::ERR_HTTP2_PROTOCOL_ERROR at https://www.justdial.com/All-Cities/Batra+Hospital+%26+Medical+Research+Centre-Hospital/nct-11109123
Call log:
  - navigating to "https://www.justdial.com/All-Cities/Batra+Hospital+%26+Medical+Research+Centre-Hospital/nct-11109123", waiting until "domcontentloaded"
 (attempt 1/2)
[2026-07-27 22:43:29] WARNING |   Nav error: Page.goto: net::ERR_HTTP2_PROTOCOL_ERROR at https://www.justdial.com/All-Cities/Batra+Hospital+%26+Medical+Research+Centre-Hospital/nct-11109123
Call log:
  - navigating to "https://www.justdial.com/All-Cities/Batra+Hospital+%26+Medical+Research+Centre-Hospital/nct-11109123", waiting until "domcontentloaded"
 (attempt 2/2)
[2026-07-27 22:43:31] INFO | Phase 1 [1070/1083]: Bansal Global Hospital
[2026-07-27 22:43:39] WARNING |   Nav error: Page.goto: net::ERR_HTTP2_PROTOCOL_ERROR at https://www.justdial.com/All-Cities/Bansal+Global+Hospital-Hospital/nct-11109123
Call log:
  - navigating to "https://www.justdial.com/All-Cities/Bansal+Global+Hospital-Hospital/nct-11109123", waiting until "domcontentloaded"
 (attempt 1/2)
[2026-07-27 22:43:42] WARNING |   Nav error: Page.goto: net::ERR_HTTP2_PROTOCOL_ERROR at https://www.justdial.com/All-Cities/Bansal+Global+Hospital-Hospital/nct-11109123
Call log:
  - navigating to "https://www.justdial.com/All-Cities/Bansal+Global+Hospital-Hospital/nct-11109123", waiting until "domcontentloaded"
 (attempt 2/2)
[2026-07-27 22:43:43] INFO | Phase 1 [1071/1083]: Primus Super Speciality Hospital
[2026-07-27 22:43:52] WARNING |   Nav error: Page.goto: net::ERR_HTTP2_PROTOCOL_ERROR at https://www.justdial.com/All-Cities/Primus+Super+Speciality+Hospital-Hospital/nct-11109123
Call log:
  - navigating to "https://www.justdial.com/All-Cities/Primus+Super+Speciality+Hospital-Hospital/nct-11109123", waiting until "domcontentloaded"
 (attempt 1/2)
[2026-07-27 22:43:54] WARNING |   Nav error: Page.goto: net::ERR_HTTP2_PROTOCOL_ERROR at https://www.justdial.com/All-Cities/Primus+Super+Speciality+Hospital-Hospital/nct-11109123
Call log:
  - navigating to "https://www.justdial.com/All-Cities/Primus+Super+Speciality+Hospital-Hospital/nct-11109123", waiting until "domcontentloaded"
 (attempt 2/2)
[2026-07-27 22:43:56] INFO | Phase 1 [1072/1083]: Jeewan Mala Hospital - Best Hospital in Karol Bagh Delhi
[2026-07-27 22:44:05] WARNING |   Nav error: Page.goto: net::ERR_HTTP2_PROTOCOL_ERROR at https://www.justdial.com/All-Cities/Jeewan+Mala+Hospital+-+Best+Hospital+in+Karol+Bagh+Delhi-Hospital/nct-11109123
Call log:
  - navigating to "https://www.justdial.com/All-Cities/Jeewan+Mala+Hospital+-+Best+Hospital+in+Karol+Bagh+Delhi-Hospital/nct-11109123", waiting until "domcontentloaded"
 (attempt 1/2)
[2026-07-27 22:44:07] WARNING |   Nav error: Page.goto: net::ERR_HTTP2_PROTOCOL_ERROR at https://www.justdial.com/All-Cities/Jeewan+Mala+Hospital+-+Best+Hospital+in+Karol+Bagh+Delhi-Hospital/nct-11109123
Call log:
  - navigating to "https://www.justdial.com/All-Cities/Jeewan+Mala+Hospital+-+Best+Hospital+in+Karol+Bagh+Delhi-Hospital/nct-11109123", waiting until "domcontentloaded"
 (attempt 2/2)
[2026-07-27 22:44:09] INFO | Phase 1 [1073/1083]: Indraprastha Apollo Hospital
[2026-07-27 22:44:18] WARNING |   Nav error: Page.goto: net::ERR_HTTP2_PROTOCOL_ERROR at https://www.justdial.com/All-Cities/Indraprastha+Apollo+Hospital-Hospital/nct-11109123
Call log:
  - navigating to "https://www.justdial.com/All-Cities/Indraprastha+Apollo+Hospital-Hospital/nct-11109123", waiting until "domcontentloaded"
 (attempt 1/2)
[2026-07-27 22:44:20] WARNING |   Nav error: Page.goto: net::ERR_HTTP2_PROTOCOL_ERROR at https://www.justdial.com/All-Cities/Indraprastha+Apollo+Hospital-Hospital/nct-11109123
Call log:
  - navigating to "https://www.justdial.com/All-Cities/Indraprastha+Apollo+Hospital-Hospital/nct-11109123", waiting until "domcontentloaded"
 (attempt 2/2)
[2026-07-27 22:44:22] INFO | Phase 1 [1074/1083]: Dr. Davinder Kundra | Best Pulmonologist in Dwarka
[2026-07-27 22:44:31] WARNING |   Nav error: Page.goto: net::ERR_HTTP2_PROTOCOL_ERROR at https://www.justdial.com/All-Cities/Dr.+Davinder+Kundra+%7C+Best+Pulmonologist+in+Dwarka-Hospital/nct-11109123
Call log:
  - navigating to "https://www.justdial.com/All-Cities/Dr.+Davinder+Kundra+%7C+Best+Pulmonologist+in+Dwarka-Hospital/nct-11109123", waiting until "domcontentloaded"
 (attempt 1/2)
[2026-07-27 22:44:33] WARNING |   Nav error: Page.goto: net::ERR_HTTP2_PROTOCOL_ERROR at https://www.justdial.com/All-Cities/Dr.+Davinder+Kundra+%7C+Best+Pulmonologist+in+Dwarka-Hospital/nct-11109123
Call log:
  - navigating to "https://www.justdial.com/All-Cities/Dr.+Davinder+Kundra+%7C+Best+Pulmonologist+in+Dwarka-Hospital/nct-11109123", waiting until "domcontentloaded"
 (attempt 2/2)
[2026-07-27 22:44:37] INFO | Phase 1 [1075/1083]: Max Super Speciality Hospital
[2026-07-27 22:44:46] WARNING |   Nav error: Page.goto: net::ERR_HTTP2_PROTOCOL_ERROR at https://www.justdial.com/All-Cities/Max+Super+Speciality+Hospital-Hospital/nct-11109123
Call log:
  - navigating to "https://www.justdial.com/All-Cities/Max+Super+Speciality+Hospital-Hospital/nct-11109123", waiting until "domcontentloaded"
 (attempt 1/2)
[2026-07-27 22:44:48] WARNING |   Nav error: Page.goto: net::ERR_HTTP2_PROTOCOL_ERROR at https://www.justdial.com/All-Cities/Max+Super+Speciality+Hospital-Hospital/nct-11109123
Call log:
  - navigating to "https://www.justdial.com/All-Cities/Max+Super+Speciality+Hospital-Hospital/nct-11109123", waiting until "domcontentloaded"
 (attempt 2/2)
[2026-07-27 22:44:50] INFO | Phase 1 [1076/1083]: Maharaja Agrasen Hospital
[2026-07-27 22:44:59] WARNING |   Nav error: Page.goto: net::ERR_HTTP2_PROTOCOL_ERROR at https://www.justdial.com/All-Cities/Maharaja+Agrasen+Hospital-Hospital/nct-11109123
Call log:
  - navigating to "https://www.justdial.com/All-Cities/Maharaja+Agrasen+Hospital-Hospital/nct-11109123", waiting until "domcontentloaded"
 (attempt 1/2)
[2026-07-27 22:45:02] WARNING |   Nav error: Page.goto: net::ERR_HTTP2_PROTOCOL_ERROR at https://www.justdial.com/All-Cities/Maharaja+Agrasen+Hospital-Hospital/nct-11109123
Call log:
  - navigating to "https://www.justdial.com/All-Cities/Maharaja+Agrasen+Hospital-Hospital/nct-11109123", waiting until "domcontentloaded"
 (attempt 2/2)
[2026-07-27 22:45:03] INFO | Phase 1 [1077/1083]: Batra Hospital & Medical Research Centre
[2026-07-27 22:45:13] WARNING |   Nav error: Page.goto: net::ERR_HTTP2_PROTOCOL_ERROR at https://www.justdial.com/All-Cities/Batra+Hospital+%26+Medical+Research+Centre-Hospital/nct-11109123
Call log:
  - navigating to "https://www.justdial.com/All-Cities/Batra+Hospital+%26+Medical+Research+Centre-Hospital/nct-11109123", waiting until "domcontentloaded"
 (attempt 1/2)
[2026-07-27 22:45:16] WARNING |   Nav error: Page.goto: net::ERR_HTTP2_PROTOCOL_ERROR at https://www.justdial.com/All-Cities/Batra+Hospital+%26+Medical+Research+Centre-Hospital/nct-11109123
Call log:
  - navigating to "https://www.justdial.com/All-Cities/Batra+Hospital+%26+Medical+Research+Centre-Hospital/nct-11109123", waiting until "domcontentloaded"
 (attempt 2/2)
[2026-07-27 22:45:18] INFO | Phase 1 [1078/1083]: Fortis Hospital, Shalimar Bagh
[2026-07-27 22:45:27] WARNING |   Nav error: Page.goto: net::ERR_HTTP2_PROTOCOL_ERROR at https://www.justdial.com/All-Cities/Fortis+Hospital%2C+Shalimar+Bagh-Hospital/nct-11109123
Call log:
  - navigating to "https://www.justdial.com/All-Cities/Fortis+Hospital%2C+Shalimar+Bagh-Hospital/nct-11109123", waiting until "domcontentloaded"
 (attempt 1/2)
[2026-07-27 22:45:29] WARNING |   Nav error: Page.goto: net::ERR_HTTP2_PROTOCOL_ERROR at https://www.justdial.com/All-Cities/Fortis+Hospital%2C+Shalimar+Bagh-Hospital/nct-11109123
Call log:
  - navigating to "https://www.justdial.com/All-Cities/Fortis+Hospital%2C+Shalimar+Bagh-Hospital/nct-11109123", waiting until "domcontentloaded"
 (attempt 2/2)
[2026-07-27 22:45:31] INFO | Phase 1 [1079/1083]: Bansal Global Hospital
[2026-07-27 22:45:41] WARNING |   Nav error: Page.goto: net::ERR_HTTP2_PROTOCOL_ERROR at https://www.justdial.com/All-Cities/Bansal+Global+Hospital-Hospital/nct-11109123
Call log:
  - navigating to "https://www.justdial.com/All-Cities/Bansal+Global+Hospital-Hospital/nct-11109123", waiting until "domcontentloaded"
 (attempt 1/2)
[2026-07-27 22:45:43] WARNING |   Nav error: Page.goto: net::ERR_HTTP2_PROTOCOL_ERROR at https://www.justdial.com/All-Cities/Bansal+Global+Hospital-Hospital/nct-11109123
Call log:
  - navigating to "https://www.justdial.com/All-Cities/Bansal+Global+Hospital-Hospital/nct-11109123", waiting until "domcontentloaded"
 (attempt 2/2)
[2026-07-27 22:45:44] INFO | Phase 1 [1080/1083]: BLK-Max Super Speciality Hospital
[2026-07-27 22:45:53] WARNING |   Nav error: Page.goto: net::ERR_HTTP2_PROTOCOL_ERROR at https://www.justdial.com/All-Cities/BLK-Max+Super+Speciality+Hospital-Hospital/nct-11109123
Call log:
  - navigating to "https://www.justdial.com/All-Cities/BLK-Max+Super+Speciality+Hospital-Hospital/nct-11109123", waiting until "domcontentloaded"
 (attempt 1/2)
[2026-07-27 22:45:56] WARNING |   Nav error: Page.goto: net::ERR_HTTP2_PROTOCOL_ERROR at https://www.justdial.com/All-Cities/BLK-Max+Super+Speciality+Hospital-Hospital/nct-11109123
Call log:
  - navigating to "https://www.justdial.com/All-Cities/BLK-Max+Super+Speciality+Hospital-Hospital/nct-11109123", waiting until "domcontentloaded"
 (attempt 2/2)
[2026-07-27 22:45:57] INFO | Phase 1 [1081/1083]: Primus Super Speciality Hospital
[2026-07-27 22:46:06] WARNING |   Nav error: Page.goto: net::ERR_HTTP2_PROTOCOL_ERROR at https://www.justdial.com/All-Cities/Primus+Super+Speciality+Hospital-Hospital/nct-11109123
Call log:
  - navigating to "https://www.justdial.com/All-Cities/Primus+Super+Speciality+Hospital-Hospital/nct-11109123", waiting until "domcontentloaded"
 (attempt 1/2)
[2026-07-27 22:46:08] WARNING |   Nav error: Page.goto: net::ERR_HTTP2_PROTOCOL_ERROR at https://www.justdial.com/All-Cities/Primus+Super+Speciality+Hospital-Hospital/nct-11109123
Call log:
  - navigating to "https://www.justdial.com/All-Cities/Primus+Super+Speciality+Hospital-Hospital/nct-11109123", waiting until "domcontentloaded"
 (attempt 2/2)
[2026-07-27 22:46:10] INFO | Phase 1 [1082/1083]: Jeewan Mala Hospital - Best Hospital in Karol Bagh Delhi
[2026-07-27 22:46:20] WARNING |   Nav error: Page.goto: net::ERR_HTTP2_PROTOCOL_ERROR at https://www.justdial.com/All-Cities/Jeewan+Mala+Hospital+-+Best+Hospital+in+Karol+Bagh+Delhi-Hospital/nct-11109123
Call log:
  - navigating to "https://www.justdial.com/All-Cities/Jeewan+Mala+Hospital+-+Best+Hospital+in+Karol+Bagh+Delhi-Hospital/nct-11109123", waiting until "domcontentloaded"
 (attempt 1/2)
[2026-07-27 22:46:22] WARNING |   Nav error: Page.goto: net::ERR_HTTP2_PROTOCOL_ERROR at https://www.justdial.com/All-Cities/Jeewan+Mala+Hospital+-+Best+Hospital+in+Karol+Bagh+Delhi-Hospital/nct-11109123
Call log:
  - navigating to "https://www.justdial.com/All-Cities/Jeewan+Mala+Hospital+-+Best+Hospital+in+Karol+Bagh+Delhi-Hospital/nct-11109123", waiting until "domcontentloaded"
 (attempt 2/2)
[2026-07-27 22:46:24] INFO | Phase 1 [1083/1083]: SATYAWADI RAJA HARISH CHANDRA HOSPITAL
[2026-07-27 22:46:33] WARNING |   Nav error: Page.goto: net::ERR_HTTP2_PROTOCOL_ERROR at https://www.justdial.com/All-Cities/SATYAWADI+RAJA+HARISH+CHANDRA+HOSPITAL-Hospital/nct-11109123
Call log:
  - navigating to "https://www.justdial.com/All-Cities/SATYAWADI+RAJA+HARISH+CHANDRA+HOSPITAL-Hospital/nct-11109123", waiting until "domcontentloaded"
 (attempt 1/2)
[2026-07-27 22:46:35] WARNING |   Nav error: Page.goto: net::ERR_HTTP2_PROTOCOL_ERROR at https://www.justdial.com/All-Cities/SATYAWADI+RAJA+HARISH+CHANDRA+HOSPITAL-Hospital/nct-11109123
Call log:
  - navigating to "https://www.justdial.com/All-Cities/SATYAWADI+RAJA+HARISH+CHANDRA+HOSPITAL-Hospital/nct-11109123", waiting until "domcontentloaded"
 (attempt 2/2)
[2026-07-27 22:46:37] INFO | Phase 2 [1/343]: Demo Hospital
[2026-07-27 22:46:50] WARNING |   Nav error: Page.goto: net::ERR_HTTP2_PROTOCOL_ERROR at https://www.justdial.com/All-Cities/Demo+Hospital-Hospital/nct-11109123
Call log:
  - navigating to "https://www.justdial.com/All-Cities/Demo+Hospital-Hospital/nct-11109123", waiting until "domcontentloaded"
 (attempt 1/2)
[2026-07-27 22:46:52] WARNING |   Nav error: Page.goto: net::ERR_HTTP2_PROTOCOL_ERROR at https://www.justdial.com/All-Cities/Demo+Hospital-Hospital/nct-11109123
Call log:
  - navigating to "https://www.justdial.com/All-Cities/Demo+Hospital-Hospital/nct-11109123", waiting until "domcontentloaded"
 (attempt 2/2)
[2026-07-27 22:46:53] INFO | Phase 2 [2/343]: Max Hospital
[2026-07-27 22:47:02] WARNING |   Nav error: Page.goto: net::ERR_HTTP2_PROTOCOL_ERROR at https://www.justdial.com/All-Cities/Max+Hospital-Hospital/nct-11109123
Call log:
  - navigating to "https://www.justdial.com/All-Cities/Max+Hospital-Hospital/nct-11109123", waiting until "domcontentloaded"
 (attempt 1/2)
[2026-07-27 22:47:05] WARNING |   Nav error: Page.goto: net::ERR_HTTP2_PROTOCOL_ERROR at https://www.justdial.com/All-Cities/Max+Hospital-Hospital/nct-11109123
Call log:
  - navigating to "https://www.justdial.com/All-Cities/Max+Hospital-Hospital/nct-11109123", waiting until "domcontentloaded"
 (attempt 2/2)
[2026-07-27 22:47:06] INFO | Phase 2 [3/343]: DGD VASUNDHARA ENCLAVE
[2026-07-27 22:47:15] WARNING |   Nav error: Page.goto: net::ERR_HTTP2_PROTOCOL_ERROR at https://www.justdial.com/All-Cities/DGD+VASUNDHARA+ENCLAVE-Hospital/nct-11109123
Call log:
  - navigating to "https://www.justdial.com/All-Cities/DGD+VASUNDHARA+ENCLAVE-Hospital/nct-11109123", waiting until "domcontentloaded"
 (attempt 1/2)
[2026-07-27 22:47:17] WARNING |   Nav error: Page.goto: net::ERR_HTTP2_PROTOCOL_ERROR at https://www.justdial.com/All-Cities/DGD+VASUNDHARA+ENCLAVE-Hospital/nct-11109123
Call log:
  - navigating to "https://www.justdial.com/All-Cities/DGD+VASUNDHARA+ENCLAVE-Hospital/nct-11109123", waiting until "domcontentloaded"
 (attempt 2/2)
[2026-07-27 22:47:18] INFO | Phase 2 [4/343]: Bala Ji nursing bureau
[2026-07-27 22:47:28] WARNING |   Nav error: Page.goto: net::ERR_HTTP2_PROTOCOL_ERROR at https://www.justdial.com/All-Cities/Bala+Ji+nursing+bureau-Hospital/nct-11109123
Call log:
  - navigating to "https://www.justdial.com/All-Cities/Bala+Ji+nursing+bureau-Hospital/nct-11109123", waiting until "domcontentloaded"
 (attempt 1/2)
[2026-07-27 22:47:30] WARNING |   Nav error: Page.goto: net::ERR_HTTP2_PROTOCOL_ERROR at https://www.justdial.com/All-Cities/Bala+Ji+nursing+bureau-Hospital/nct-11109123
Call log:
  - navigating to "https://www.justdial.com/All-Cities/Bala+Ji+nursing+bureau-Hospital/nct-11109123", waiting until "domcontentloaded"
 (attempt 2/2)
[2026-07-27 22:47:31] INFO | Phase 2 [5/343]: R.S. Healthcare
[2026-07-27 22:47:39] WARNING |   Nav error: Page.goto: net::ERR_HTTP2_PROTOCOL_ERROR at https://www.justdial.com/All-Cities/R.S.+Healthcare-Hospital/nct-11109123
Call log:
  - navigating to "https://www.justdial.com/All-Cities/R.S.+Healthcare-Hospital/nct-11109123", waiting until "domcontentloaded"
 (attempt 1/2)
[2026-07-27 22:47:42] WARNING |   Nav error: Page.goto: net::ERR_HTTP2_PROTOCOL_ERROR at https://www.justdial.com/All-Cities/R.S.+Healthcare-Hospital/nct-11109123
Call log:
  - navigating to "https://www.justdial.com/All-Cities/R.S.+Healthcare-Hospital/nct-11109123", waiting until "domcontentloaded"
 (attempt 2/2)
[2026-07-27 22:47:42] INFO | Phase 2 [6/343]: GEO hospital
[2026-07-27 22:47:51] WARNING |   Nav error: Page.goto: net::ERR_HTTP2_PROTOCOL_ERROR at https://www.justdial.com/All-Cities/GEO+hospital-Hospital/nct-11109123
Call log:
  - navigating to "https://www.justdial.com/All-Cities/GEO+hospital-Hospital/nct-11109123", waiting until "domcontentloaded"
 (attempt 1/2)
[2026-07-27 22:47:54] WARNING |   Nav error: Page.goto: net::ERR_HTTP2_PROTOCOL_ERROR at https://www.justdial.com/All-Cities/GEO+hospital-Hospital/nct-11109123
Call log:
  - navigating to "https://www.justdial.com/All-Cities/GEO+hospital-Hospital/nct-11109123", waiting until "domcontentloaded"
 (attempt 2/2)
[2026-07-27 22:47:54] INFO | Phase 2 [7/343]: Dharamshila Cancer Foundation And Research Centre
[2026-07-27 22:48:04] WARNING |   Nav error: Page.goto: net::ERR_HTTP2_PROTOCOL_ERROR at https://www.justdial.com/All-Cities/Dharamshila+Cancer+Foundation+And+Research+Centre-Hospital/nct-11109123
Call log:
  - navigating to "https://www.justdial.com/All-Cities/Dharamshila+Cancer+Foundation+And+Research+Centre-Hospital/nct-11109123", waiting until "domcontentloaded"
 (attempt 1/2)
[2026-07-27 22:48:07] WARNING |   Nav error: Page.goto: net::ERR_HTTP2_PROTOCOL_ERROR at https://www.justdial.com/All-Cities/Dharamshila+Cancer+Foundation+And+Research+Centre-Hospital/nct-11109123
Call log:
  - navigating to "https://www.justdial.com/All-Cities/Dharamshila+Cancer+Foundation+And+Research+Centre-Hospital/nct-11109123", waiting until "domcontentloaded"
 (attempt 2/2)
[2026-07-27 22:48:08] INFO | Phase 2 [8/343]: DELHI HOSPITAL
[2026-07-27 22:48:18] WARNING |   Nav error: Page.goto: net::ERR_HTTP2_PROTOCOL_ERROR at https://www.justdial.com/All-Cities/DELHI+HOSPITAL-Hospital/nct-11109123
Call log:
  - navigating to "https://www.justdial.com/All-Cities/DELHI+HOSPITAL-Hospital/nct-11109123", waiting until "domcontentloaded"
 (attempt 1/2)
[2026-07-27 22:48:20] WARNING |   Nav error: Page.goto: net::ERR_HTTP2_PROTOCOL_ERROR at https://www.justdial.com/All-Cities/DELHI+HOSPITAL-Hospital/nct-11109123
Call log:
  - navigating to "https://www.justdial.com/All-Cities/DELHI+HOSPITAL-Hospital/nct-11109123", waiting until "domcontentloaded"
 (attempt 2/2)
[2026-07-27 22:48:21] INFO | Phase 2 [9/343]: Max Healthcare Institute Ltd
[2026-07-27 22:48:31] WARNING |   Nav error: Page.goto: net::ERR_HTTP2_PROTOCOL_ERROR at https://www.justdial.com/All-Cities/Max+Healthcare+Institute+Ltd-Hospital/nct-11109123
Call log:
  - navigating to "https://www.justdial.com/All-Cities/Max+Healthcare+Institute+Ltd-Hospital/nct-11109123", waiting until "domcontentloaded"
 (attempt 1/2)
[2026-07-27 22:48:33] WARNING |   Nav error: Page.goto: net::ERR_HTTP2_PROTOCOL_ERROR at https://www.justdial.com/All-Cities/Max+Healthcare+Institute+Ltd-Hospital/nct-11109123
Call log:
  - navigating to "https://www.justdial.com/All-Cities/Max+Healthcare+Institute+Ltd-Hospital/nct-11109123", waiting until "domcontentloaded"
 (attempt 2/2)
[2026-07-27 22:48:34] INFO | Phase 2 [10/343]: AIIMS Rotary Midtown Eye/Dental Hospital Trilokpuri
[2026-07-27 22:48:45] WARNING |   Nav error: Page.goto: net::ERR_HTTP2_PROTOCOL_ERROR at https://www.justdial.com/All-Cities/AIIMS+Rotary+Midtown+Eye%2FDental+Hospital+Trilokpuri-Hospital/nct-11109123
Call log:
  - navigating to "https://www.justdial.com/All-Cities/AIIMS+Rotary+Midtown+Eye%2FDental+Hospital+Trilokpuri-Hospital/nct-11109123", waiting until "domcontentloaded"
 (attempt 1/2)
[2026-07-27 22:48:47] WARNING |   Nav error: Page.goto: net::ERR_HTTP2_PROTOCOL_ERROR at https://www.justdial.com/All-Cities/AIIMS+Rotary+Midtown+Eye%2FDental+Hospital+Trilokpuri-Hospital/nct-11109123
Call log:
  - navigating to "https://www.justdial.com/All-Cities/AIIMS+Rotary+Midtown+Eye%2FDental+Hospital+Trilokpuri-Hospital/nct-11109123", waiting until "domcontentloaded"
 (attempt 2/2)
[2026-07-27 22:48:48] INFO | Phase 2 [11/343]: Dharamshila Narayana Superspeciality Hospital Delhi
[2026-07-27 22:48:57] WARNING |   Nav error: Page.goto: net::ERR_HTTP2_PROTOCOL_ERROR at https://www.justdial.com/All-Cities/Dharamshila+Narayana+Superspeciality+Hospital+Delhi-Hospital/nct-11109123
Call log:
  - navigating to "https://www.justdial.com/All-Cities/Dharamshila+Narayana+Superspeciality+Hospital+Delhi-Hospital/nct-11109123", waiting until "domcontentloaded"
 (attempt 1/2)
[2026-07-27 22:48:59] WARNING |   Nav error: Page.goto: net::ERR_HTTP2_PROTOCOL_ERROR at https://www.justdial.com/All-Cities/Dharamshila+Narayana+Superspeciality+Hospital+Delhi-Hospital/nct-11109123
Call log:
  - navigating to "https://www.justdial.com/All-Cities/Dharamshila+Narayana+Superspeciality+Hospital+Delhi-Hospital/nct-11109123", waiting until "domcontentloaded"
 (attempt 2/2)
[2026-07-27 22:49:00] INFO | Phase 2 [12/343]: Paschim Vihar
[2026-07-27 22:49:10] WARNING |   Nav error: Page.goto: net::ERR_HTTP2_PROTOCOL_ERROR at https://www.justdial.com/All-Cities/Paschim+Vihar-Hospital/nct-11109123
Call log:
  - navigating to "https://www.justdial.com/All-Cities/Paschim+Vihar-Hospital/nct-11109123", waiting until "domcontentloaded"
 (attempt 1/2)
[2026-07-27 22:49:12] WARNING |   Nav error: Page.goto: net::ERR_HTTP2_PROTOCOL_ERROR at https://www.justdial.com/All-Cities/Paschim+Vihar-Hospital/nct-11109123
Call log:
  - navigating to "https://www.justdial.com/All-Cities/Paschim+Vihar-Hospital/nct-11109123", waiting until "domcontentloaded"
 (attempt 2/2)
[2026-07-27 22:49:13] INFO | Phase 2 [13/343]: Paras Hospital
[2026-07-27 22:49:25] WARNING |   Nav error: Page.goto: net::ERR_HTTP2_PROTOCOL_ERROR at https://www.justdial.com/All-Cities/Paras+Hospital-Hospital/nct-11109123
Call log:
  - navigating to "https://www.justdial.com/All-Cities/Paras+Hospital-Hospital/nct-11109123", waiting until "domcontentloaded"
 (attempt 1/2)
[2026-07-27 22:49:27] WARNING |   Nav error: Page.goto: net::ERR_HTTP2_PROTOCOL_ERROR at https://www.justdial.com/All-Cities/Paras+Hospital-Hospital/nct-11109123
Call log:
  - navigating to "https://www.justdial.com/All-Cities/Paras+Hospital-Hospital/nct-11109123", waiting until "domcontentloaded"
 (attempt 2/2)
[2026-07-27 22:49:28] INFO | Phase 2 [14/343]: Kirari Hospital
[2026-07-27 22:49:38] WARNING |   Nav error: Page.goto: net::ERR_HTTP2_PROTOCOL_ERROR at https://www.justdial.com/All-Cities/Kirari+Hospital-Hospital/nct-11109123
Call log:
  - navigating to "https://www.justdial.com/All-Cities/Kirari+Hospital-Hospital/nct-11109123", waiting until "domcontentloaded"
 (attempt 1/2)
[2026-07-27 22:49:40] WARNING |   Nav error: Page.goto: net::ERR_HTTP2_PROTOCOL_ERROR at https://www.justdial.com/All-Cities/Kirari+Hospital-Hospital/nct-11109123
Call log:
  - navigating to "https://www.justdial.com/All-Cities/Kirari+Hospital-Hospital/nct-11109123", waiting until "domcontentloaded"
 (attempt 2/2)
[2026-07-27 22:49:41] INFO | Phase 2 [15/343]: Nazar Charitable Hospital
[2026-07-27 22:49:52] WARNING |   Nav error: Page.goto: net::ERR_HTTP2_PROTOCOL_ERROR at https://www.justdial.com/All-Cities/Nazar+Charitable+Hospital-Hospital/nct-11109123
Call log:
  - navigating to "https://www.justdial.com/All-Cities/Nazar+Charitable+Hospital-Hospital/nct-11109123", waiting until "domcontentloaded"
 (attempt 1/2)
[2026-07-27 22:49:54] WARNING |   Nav error: Page.goto: net::ERR_HTTP2_PROTOCOL_ERROR at https://www.justdial.com/All-Cities/Nazar+Charitable+Hospital-Hospital/nct-11109123
Call log:
  - navigating to "https://www.justdial.com/All-Cities/Nazar+Charitable+Hospital-Hospital/nct-11109123", waiting until "domcontentloaded"
 (attempt 2/2)
[2026-07-27 22:49:54] INFO | Phase 2 [16/343]: City Child & Family Care Hospital
[2026-07-27 22:50:04] WARNING |   Nav error: Page.goto: net::ERR_HTTP2_PROTOCOL_ERROR at https://www.justdial.com/All-Cities/City+Child+%26+Family+Care+Hospital-Hospital/nct-11109123
Call log:
  - navigating to "https://www.justdial.com/All-Cities/City+Child+%26+Family+Care+Hospital-Hospital/nct-11109123", waiting until "domcontentloaded"
 (attempt 1/2)
[2026-07-27 22:50:06] WARNING |   Nav error: Page.goto: net::ERR_HTTP2_PROTOCOL_ERROR at https://www.justdial.com/All-Cities/City+Child+%26+Family+Care+Hospital-Hospital/nct-11109123
Call log:
  - navigating to "https://www.justdial.com/All-Cities/City+Child+%26+Family+Care+Hospital-Hospital/nct-11109123", waiting until "domcontentloaded"
 (attempt 2/2)
[2026-07-27 22:50:08] INFO | Phase 2 [17/343]: North City Hospital
[2026-07-27 22:50:17] WARNING |   Nav error: Page.goto: net::ERR_HTTP2_PROTOCOL_ERROR at https://www.justdial.com/All-Cities/North+City+Hospital-Hospital/nct-11109123
Call log:
  - navigating to "https://www.justdial.com/All-Cities/North+City+Hospital-Hospital/nct-11109123", waiting until "domcontentloaded"
 (attempt 1/2)
[2026-07-27 22:50:19] WARNING |   Nav error: Page.goto: net::ERR_HTTP2_PROTOCOL_ERROR at https://www.justdial.com/All-Cities/North+City+Hospital-Hospital/nct-11109123
Call log:
  - navigating to "https://www.justdial.com/All-Cities/North+City+Hospital-Hospital/nct-11109123", waiting until "domcontentloaded"
 (attempt 2/2)
[2026-07-27 22:50:20] INFO | Phase 2 [18/343]: %u0936%u094D%u092E%u0936%u093E%u0928 %u092D%u0942%u092E%u093F %u091A%u0928%u094D%u0926%u0930 %u0935%u093F%u0939%u093E%u0930
[2026-07-27 22:50:29] WARNING |   Nav error: Page.goto: net::ERR_HTTP2_PROTOCOL_ERROR at https://www.justdial.com/All-Cities/%25u0936%25u094D%25u092E%25u0936%25u093E%25u0928+%25u092D%25u0942%25u092E%25u093F+%25u091A%25u0928%25u094D%25u0926%25u0930+%25u0935%25u093F%25u0939%25u093E%25u0930-Hospital/nct-11109123
Call log:
  - navigating to "https://www.justdial.com/All-Cities/%25u0936%25u094D%25u092E%25u0936%25u093E%25u0928+%25u092D%25u0942%25u092E%25u093F+%25u091A%25u0928%25u094D%25u0926%25u0930+%25u0935%25u093F%25u0939%25u093E%25u0930-Hospital/nct-11109123", waiting until "domcontentloaded"
 (attempt 1/2)
[2026-07-27 22:50:31] WARNING |   Nav error: Page.goto: net::ERR_HTTP2_PROTOCOL_ERROR at https://www.justdial.com/All-Cities/%25u0936%25u094D%25u092E%25u0936%25u093E%25u0928+%25u092D%25u0942%25u092E%25u093F+%25u091A%25u0928%25u094D%25u0926%25u0930+%25u0935%25u093F%25u0939%25u093E%25u0930-Hospital/nct-11109123
Call log:
  - navigating to "https://www.justdial.com/All-Cities/%25u0936%25u094D%25u092E%25u0936%25u093E%25u0928+%25u092D%25u0942%25u092E%25u093F+%25u091A%25u0928%25u094D%25u0926%25u0930+%25u0935%25u093F%25u0939%25u093E%25u0930-Hospital/nct-11109123", waiting until "domcontentloaded"
 (attempt 2/2)
[2026-07-27 22:50:32] INFO | Phase 2 [19/343]: Ratiya Marg Hospital
[2026-07-27 22:50:43] WARNING |   Nav error: Page.goto: net::ERR_HTTP2_PROTOCOL_ERROR at https://www.justdial.com/All-Cities/Ratiya+Marg+Hospital-Hospital/nct-11109123
Call log:
  - navigating to "https://www.justdial.com/All-Cities/Ratiya+Marg+Hospital-Hospital/nct-11109123", waiting until "domcontentloaded"
 (attempt 1/2)
[2026-07-27 22:50:45] WARNING |   Nav error: Page.goto: net::ERR_HTTP2_PROTOCOL_ERROR at https://www.justdial.com/All-Cities/Ratiya+Marg+Hospital-Hospital/nct-11109123
Call log:
  - navigating to "https://www.justdial.com/All-Cities/Ratiya+Marg+Hospital-Hospital/nct-11109123", waiting until "domcontentloaded"
 (attempt 2/2)
[2026-07-27 22:50:46] INFO | Phase 2 [20/343]: Kunj Eye Hospital
[2026-07-27 22:50:55] WARNING |   Nav error: Page.goto: net::ERR_HTTP2_PROTOCOL_ERROR at https://www.justdial.com/All-Cities/Kunj+Eye+Hospital-Hospital/nct-11109123
Call log:
  - navigating to "https://www.justdial.com/All-Cities/Kunj+Eye+Hospital-Hospital/nct-11109123", waiting until "domcontentloaded"
 (attempt 1/2)
[2026-07-27 22:50:57] WARNING |   Nav error: Page.goto: net::ERR_HTTP2_PROTOCOL_ERROR at https://www.justdial.com/All-Cities/Kunj+Eye+Hospital-Hospital/nct-11109123
Call log:
  - navigating to "https://www.justdial.com/All-Cities/Kunj+Eye+Hospital-Hospital/nct-11109123", waiting until "domcontentloaded"
 (attempt 2/2)
[2026-07-27 22:50:58] INFO | Phase 2 [21/343]: sdmc hospital
[2026-07-27 22:51:07] WARNING |   Nav error: Page.goto: net::ERR_HTTP2_PROTOCOL_ERROR at https://www.justdial.com/All-Cities/sdmc+hospital-Hospital/nct-11109123
Call log:
  - navigating to "https://www.justdial.com/All-Cities/sdmc+hospital-Hospital/nct-11109123", waiting until "domcontentloaded"
 (attempt 1/2)
[2026-07-27 22:51:10] WARNING |   Nav error: Page.goto: net::ERR_HTTP2_PROTOCOL_ERROR at https://www.justdial.com/All-Cities/sdmc+hospital-Hospital/nct-11109123
Call log:
  - navigating to "https://www.justdial.com/All-Cities/sdmc+hospital-Hospital/nct-11109123", waiting until "domcontentloaded"
 (attempt 2/2)
[2026-07-27 22:51:11] INFO | Phase 2 [22/343]: CEDAR SUPERSPECIALITY CLINICS
[2026-07-27 22:51:21] WARNING |   Nav error: Page.goto: net::ERR_HTTP2_PROTOCOL_ERROR at https://www.justdial.com/All-Cities/CEDAR+SUPERSPECIALITY+CLINICS-Hospital/nct-11109123
Call log:
  - navigating to "https://www.justdial.com/All-Cities/CEDAR+SUPERSPECIALITY+CLINICS-Hospital/nct-11109123", waiting until "domcontentloaded"
 (attempt 1/2)
[2026-07-27 22:51:23] WARNING |   Nav error: Page.goto: net::ERR_HTTP2_PROTOCOL_ERROR at https://www.justdial.com/All-Cities/CEDAR+SUPERSPECIALITY+CLINICS-Hospital/nct-11109123
Call log:
  - navigating to "https://www.justdial.com/All-Cities/CEDAR+SUPERSPECIALITY+CLINICS-Hospital/nct-11109123", waiting until "domcontentloaded"
 (attempt 2/2)
[2026-07-27 22:51:24] INFO | Phase 2 [23/343]: HOSPITAL
[2026-07-27 22:51:33] WARNING |   Nav error: Page.goto: net::ERR_HTTP2_PROTOCOL_ERROR at https://www.justdial.com/All-Cities/HOSPITAL-Hospital/nct-11109123
Call log:
  - navigating to "https://www.justdial.com/All-Cities/HOSPITAL-Hospital/nct-11109123", waiting until "domcontentloaded"
 (attempt 1/2)
[2026-07-27 22:51:36] WARNING |   Nav error: Page.goto: net::ERR_HTTP2_PROTOCOL_ERROR at https://www.justdial.com/All-Cities/HOSPITAL-Hospital/nct-11109123
Call log:
  - navigating to "https://www.justdial.com/All-Cities/HOSPITAL-Hospital/nct-11109123", waiting until "domcontentloaded"
 (attempt 2/2)
[2026-07-27 22:51:37] INFO | Phase 2 [24/343]: Kalra Hospital Dwarka
[2026-07-27 22:51:46] WARNING |   Nav error: Page.goto: net::ERR_HTTP2_PROTOCOL_ERROR at https://www.justdial.com/All-Cities/Kalra+Hospital+Dwarka-Hospital/nct-11109123
Call log:
  - navigating to "https://www.justdial.com/All-Cities/Kalra+Hospital+Dwarka-Hospital/nct-11109123", waiting until "domcontentloaded"
 (attempt 1/2)
[2026-07-27 22:51:48] WARNING |   Nav error: Page.goto: net::ERR_HTTP2_PROTOCOL_ERROR at https://www.justdial.com/All-Cities/Kalra+Hospital+Dwarka-Hospital/nct-11109123
Call log:
  - navigating to "https://www.justdial.com/All-Cities/Kalra+Hospital+Dwarka-Hospital/nct-11109123", waiting until "domcontentloaded"
 (attempt 2/2)
[2026-07-27 22:51:49] INFO | Phase 2 [25/343]: Balaji hospital
[2026-07-27 22:51:58] WARNING |   Nav error: Page.goto: net::ERR_HTTP2_PROTOCOL_ERROR at https://www.justdial.com/All-Cities/Balaji+hospital-Hospital/nct-11109123
Call log:
  - navigating to "https://www.justdial.com/All-Cities/Balaji+hospital-Hospital/nct-11109123", waiting until "domcontentloaded"
 (attempt 1/2)
[2026-07-27 22:52:00] WARNING |   Nav error: Page.goto: net::ERR_HTTP2_PROTOCOL_ERROR at https://www.justdial.com/All-Cities/Balaji+hospital-Hospital/nct-11109123
Call log:
  - navigating to "https://www.justdial.com/All-Cities/Balaji+hospital-Hospital/nct-11109123", waiting until "domcontentloaded"
 (attempt 2/2)
[2026-07-27 22:52:01] INFO | Phase 2 [26/343]: Balaji Hospital Najafgarh
[2026-07-27 22:52:10] WARNING |   Nav error: Page.goto: net::ERR_HTTP2_PROTOCOL_ERROR at https://www.justdial.com/All-Cities/Balaji+Hospital+Najafgarh-Hospital/nct-11109123
Call log:
  - navigating to "https://www.justdial.com/All-Cities/Balaji+Hospital+Najafgarh-Hospital/nct-11109123", waiting until "domcontentloaded"
 (attempt 1/2)
[2026-07-27 22:52:12] WARNING |   Nav error: Page.goto: net::ERR_HTTP2_PROTOCOL_ERROR at https://www.justdial.com/All-Cities/Balaji+Hospital+Najafgarh-Hospital/nct-11109123
Call log:
  - navigating to "https://www.justdial.com/All-Cities/Balaji+Hospital+Najafgarh-Hospital/nct-11109123", waiting until "domcontentloaded"
 (attempt 2/2)
[2026-07-27 22:52:13] INFO | Phase 2 [27/343]: Oxymus Hospital
[2026-07-27 22:52:22] WARNING |   Nav error: Page.goto: net::ERR_HTTP2_PROTOCOL_ERROR at https://www.justdial.com/All-Cities/Oxymus+Hospital-Hospital/nct-11109123
Call log:
  - navigating to "https://www.justdial.com/All-Cities/Oxymus+Hospital-Hospital/nct-11109123", waiting until "domcontentloaded"
 (attempt 1/2)
[2026-07-27 22:52:25] WARNING |   Nav error: Page.goto: net::ERR_HTTP2_PROTOCOL_ERROR at https://www.justdial.com/All-Cities/Oxymus+Hospital-Hospital/nct-11109123
Call log:
  - navigating to "https://www.justdial.com/All-Cities/Oxymus+Hospital-Hospital/nct-11109123", waiting until "domcontentloaded"
 (attempt 2/2)
[2026-07-27 22:52:26] INFO | Phase 2 [28/343]: Parasnath Hospital
[2026-07-27 22:52:35] WARNING |   Nav error: Page.goto: net::ERR_HTTP2_PROTOCOL_ERROR at https://www.justdial.com/All-Cities/Parasnath+Hospital-Hospital/nct-11109123
Call log:
  - navigating to "https://www.justdial.com/All-Cities/Parasnath+Hospital-Hospital/nct-11109123", waiting until "domcontentloaded"
 (attempt 1/2)
[2026-07-27 22:52:37] WARNING |   Nav error: Page.goto: net::ERR_HTTP2_PROTOCOL_ERROR at https://www.justdial.com/All-Cities/Parasnath+Hospital-Hospital/nct-11109123
Call log:
  - navigating to "https://www.justdial.com/All-Cities/Parasnath+Hospital-Hospital/nct-11109123", waiting until "domcontentloaded"
 (attempt 2/2)
[2026-07-27 22:52:38] INFO | Phase 2 [29/343]: Roopchand hospital
[2026-07-27 22:52:47] WARNING |   Nav error: Page.goto: net::ERR_HTTP2_PROTOCOL_ERROR at https://www.justdial.com/All-Cities/Roopchand+hospital-Hospital/nct-11109123
Call log:
  - navigating to "https://www.justdial.com/All-Cities/Roopchand+hospital-Hospital/nct-11109123", waiting until "domcontentloaded"
 (attempt 1/2)
[2026-07-27 22:52:49] WARNING |   Nav error: Page.goto: net::ERR_HTTP2_PROTOCOL_ERROR at https://www.justdial.com/All-Cities/Roopchand+hospital-Hospital/nct-11109123
Call log:
  - navigating to "https://www.justdial.com/All-Cities/Roopchand+hospital-Hospital/nct-11109123", waiting until "domcontentloaded"
 (attempt 2/2)
[2026-07-27 22:52:51] INFO | Phase 2 [30/343]: Mission Hospital - Hospital in Bahadurgarh
[2026-07-27 22:53:00] WARNING |   Nav error: Page.goto: net::ERR_HTTP2_PROTOCOL_ERROR at https://www.justdial.com/All-Cities/Mission+Hospital+-+Hospital+in+Bahadurgarh-Hospital/nct-11109123
Call log:
  - navigating to "https://www.justdial.com/All-Cities/Mission+Hospital+-+Hospital+in+Bahadurgarh-Hospital/nct-11109123", waiting until "domcontentloaded"
 (attempt 1/2)
[2026-07-27 22:53:02] WARNING |   Nav error: Page.goto: net::ERR_HTTP2_PROTOCOL_ERROR at https://www.justdial.com/All-Cities/Mission+Hospital+-+Hospital+in+Bahadurgarh-Hospital/nct-11109123
Call log:
  - navigating to "https://www.justdial.com/All-Cities/Mission+Hospital+-+Hospital+in+Bahadurgarh-Hospital/nct-11109123", waiting until "domcontentloaded"
 (attempt 2/2)
[2026-07-27 22:53:03] INFO | Phase 2 [31/343]: Jeewan Mala Hospital
[2026-07-27 22:53:12] WARNING |   Nav error: Page.goto: net::ERR_HTTP2_PROTOCOL_ERROR at https://www.justdial.com/All-Cities/Jeewan+Mala+Hospital-Hospital/nct-11109123
Call log:
  - navigating to "https://www.justdial.com/All-Cities/Jeewan+Mala+Hospital-Hospital/nct-11109123", waiting until "domcontentloaded"
 (attempt 1/2)
[2026-07-27 22:53:15] WARNING |   Nav error: Page.goto: net::ERR_HTTP2_PROTOCOL_ERROR at https://www.justdial.com/All-Cities/Jeewan+Mala+Hospital-Hospital/nct-11109123
Call log:
  - navigating to "https://www.justdial.com/All-Cities/Jeewan+Mala+Hospital-Hospital/nct-11109123", waiting until "domcontentloaded"
 (attempt 2/2)
[2026-07-27 22:53:15] INFO | Phase 2 [32/343]: Kadiyan Hospital
[2026-07-27 22:53:24] WARNING |   Nav error: Page.goto: net::ERR_HTTP2_PROTOCOL_ERROR at https://www.justdial.com/All-Cities/Kadiyan+Hospital-Hospital/nct-11109123
Call log:
  - navigating to "https://www.justdial.com/All-Cities/Kadiyan+Hospital-Hospital/nct-11109123", waiting until "domcontentloaded"
 (attempt 1/2)
[2026-07-27 22:53:26] WARNING |   Nav error: Page.goto: net::ERR_HTTP2_PROTOCOL_ERROR at https://www.justdial.com/All-Cities/Kadiyan+Hospital-Hospital/nct-11109123
Call log:
  - navigating to "https://www.justdial.com/All-Cities/Kadiyan+Hospital-Hospital/nct-11109123", waiting until "domcontentloaded"
 (attempt 2/2)
[2026-07-27 22:53:27] INFO | Phase 2 [33/343]: RJ Super Speciality Hospital
[2026-07-27 22:53:36] WARNING |   Nav error: Page.goto: net::ERR_HTTP2_PROTOCOL_ERROR at https://www.justdial.com/All-Cities/RJ+Super+Speciality+Hospital-Hospital/nct-11109123
Call log:
  - navigating to "https://www.justdial.com/All-Cities/RJ+Super+Speciality+Hospital-Hospital/nct-11109123", waiting until "domcontentloaded"
 (attempt 1/2)
[2026-07-27 22:53:38] WARNING |   Nav error: Page.goto: net::ERR_HTTP2_PROTOCOL_ERROR at https://www.justdial.com/All-Cities/RJ+Super+Speciality+Hospital-Hospital/nct-11109123
Call log:
  - navigating to "https://www.justdial.com/All-Cities/RJ+Super+Speciality+Hospital-Hospital/nct-11109123", waiting until "domcontentloaded"
 (attempt 2/2)
[2026-07-27 22:53:39] INFO | Phase 2 [34/343]: Ujala Cygnus: Brahm Shakti Sanjivani Hospital (Bahadurgarh Haryana)
[2026-07-27 22:53:48] WARNING |   Nav error: Page.goto: net::ERR_HTTP2_PROTOCOL_ERROR at https://www.justdial.com/All-Cities/Ujala+Cygnus%3A+Brahm+Shakti+Sanjivani+Hospital+%28Bahadurgarh+Haryana%29-Hospital/nct-11109123
Call log:
  - navigating to "https://www.justdial.com/All-Cities/Ujala+Cygnus%3A+Brahm+Shakti+Sanjivani+Hospital+%28Bahadurgarh+Haryana%29-Hospital/nct-11109123", waiting until "domcontentloaded"
 (attempt 1/2)
[2026-07-27 22:53:50] WARNING |   Nav error: Page.goto: net::ERR_HTTP2_PROTOCOL_ERROR at https://www.justdial.com/All-Cities/Ujala+Cygnus%3A+Brahm+Shakti+Sanjivani+Hospital+%28Bahadurgarh+Haryana%29-Hospital/nct-11109123
Call log:
  - navigating to "https://www.justdial.com/All-Cities/Ujala+Cygnus%3A+Brahm+Shakti+Sanjivani+Hospital+%28Bahadurgarh+Haryana%29-Hospital/nct-11109123", waiting until "domcontentloaded"
 (attempt 2/2)
[2026-07-27 22:53:50] INFO | Phase 2 [35/343]: Ilaaj Online
[2026-07-27 22:54:00] WARNING |   Nav error: Page.goto: net::ERR_HTTP2_PROTOCOL_ERROR at https://www.justdial.com/All-Cities/Ilaaj+Online-Hospital/nct-11109123
Call log:
  - navigating to "https://www.justdial.com/All-Cities/Ilaaj+Online-Hospital/nct-11109123", waiting until "domcontentloaded"
 (attempt 1/2)
[2026-07-27 22:54:02] WARNING |   Nav error: Page.goto: net::ERR_HTTP2_PROTOCOL_ERROR at https://www.justdial.com/All-Cities/Ilaaj+Online-Hospital/nct-11109123
Call log:
  - navigating to "https://www.justdial.com/All-Cities/Ilaaj+Online-Hospital/nct-11109123", waiting until "domcontentloaded"
 (attempt 2/2)
[2026-07-27 22:54:03] INFO | Phase 2 [36/343]: Institute of Liver and Biliary Sciences
[2026-07-27 22:54:12] WARNING |   Nav error: Page.goto: net::ERR_HTTP2_PROTOCOL_ERROR at https://www.justdial.com/All-Cities/Institute+of+Liver+and+Biliary+Sciences-Hospital/nct-11109123
Call log:
  - navigating to "https://www.justdial.com/All-Cities/Institute+of+Liver+and+Biliary+Sciences-Hospital/nct-11109123", waiting until "domcontentloaded"
 (attempt 1/2)
[2026-07-27 22:54:14] WARNING |   Nav error: Page.goto: net::ERR_HTTP2_PROTOCOL_ERROR at https://www.justdial.com/All-Cities/Institute+of+Liver+and+Biliary+Sciences-Hospital/nct-11109123
Call log:
  - navigating to "https://www.justdial.com/All-Cities/Institute+of+Liver+and+Biliary+Sciences-Hospital/nct-11109123", waiting until "domcontentloaded"
 (attempt 2/2)
[2026-07-27 22:54:15] INFO | Phase 2 [37/343]: Hospital Surgery
[2026-07-27 22:54:24] WARNING |   Nav error: Page.goto: net::ERR_HTTP2_PROTOCOL_ERROR at https://www.justdial.com/All-Cities/Hospital+Surgery-Hospital/nct-11109123
Call log:
  - navigating to "https://www.justdial.com/All-Cities/Hospital+Surgery-Hospital/nct-11109123", waiting until "domcontentloaded"
 (attempt 1/2)
[2026-07-27 22:54:26] WARNING |   Nav error: Page.goto: net::ERR_HTTP2_PROTOCOL_ERROR at https://www.justdial.com/All-Cities/Hospital+Surgery-Hospital/nct-11109123
Call log:
  - navigating to "https://www.justdial.com/All-Cities/Hospital+Surgery-Hospital/nct-11109123", waiting until "domcontentloaded"
 (attempt 2/2)
[2026-07-27 22:54:27] INFO | Phase 2 [38/343]: Indian Spinal Injuries Centre
[2026-07-27 22:54:36] WARNING |   Nav error: Page.goto: net::ERR_HTTP2_PROTOCOL_ERROR at https://www.justdial.com/All-Cities/Indian+Spinal+Injuries+Centre-Hospital/nct-11109123
Call log:
  - navigating to "https://www.justdial.com/All-Cities/Indian+Spinal+Injuries+Centre-Hospital/nct-11109123", waiting until "domcontentloaded"
 (attempt 1/2)
[2026-07-27 22:54:38] WARNING |   Nav error: Page.goto: net::ERR_HTTP2_PROTOCOL_ERROR at https://www.justdial.com/All-Cities/Indian+Spinal+Injuries+Centre-Hospital/nct-11109123
Call log:
  - navigating to "https://www.justdial.com/All-Cities/Indian+Spinal+Injuries+Centre-Hospital/nct-11109123", waiting until "domcontentloaded"
 (attempt 2/2)
[2026-07-27 22:54:38] INFO | Phase 2 [39/343]: VASANT HOSPITAL/VASANT HEALTH CENTER
[2026-07-27 22:54:47] WARNING |   Nav error: Page.goto: net::ERR_HTTP2_PROTOCOL_ERROR at https://www.justdial.com/All-Cities/VASANT+HOSPITAL%2FVASANT+HEALTH+CENTER-Hospital/nct-11109123
Call log:
  - navigating to "https://www.justdial.com/All-Cities/VASANT+HOSPITAL%2FVASANT+HEALTH+CENTER-Hospital/nct-11109123", waiting until "domcontentloaded"
 (attempt 1/2)
[2026-07-27 22:54:50] WARNING |   Nav error: Page.goto: net::ERR_HTTP2_PROTOCOL_ERROR at https://www.justdial.com/All-Cities/VASANT+HOSPITAL%2FVASANT+HEALTH+CENTER-Hospital/nct-11109123
Call log:
  - navigating to "https://www.justdial.com/All-Cities/VASANT+HOSPITAL%2FVASANT+HEALTH+CENTER-Hospital/nct-11109123", waiting until "domcontentloaded"
 (attempt 2/2)
[2026-07-27 22:54:50] INFO | Phase 2 [40/343]: Ilbs Hospital
[2026-07-27 22:55:00] WARNING |   Nav error: Page.goto: net::ERR_HTTP2_PROTOCOL_ERROR at https://www.justdial.com/All-Cities/Ilbs+Hospital-Hospital/nct-11109123
Call log:
  - navigating to "https://www.justdial.com/All-Cities/Ilbs+Hospital-Hospital/nct-11109123", waiting until "domcontentloaded"
 (attempt 1/2)
[2026-07-27 22:55:02] WARNING |   Nav error: Page.goto: net::ERR_HTTP2_PROTOCOL_ERROR at https://www.justdial.com/All-Cities/Ilbs+Hospital-Hospital/nct-11109123
Call log:
  - navigating to "https://www.justdial.com/All-Cities/Ilbs+Hospital-Hospital/nct-11109123", waiting until "domcontentloaded"
 (attempt 2/2)
[2026-07-27 22:55:03] INFO | Phase 2 [41/343]: Nursing 24 service
[2026-07-27 22:55:13] WARNING |   Nav error: Page.goto: net::ERR_HTTP2_PROTOCOL_ERROR at https://www.justdial.com/All-Cities/Nursing+24+service-Hospital/nct-11109123
Call log:
  - navigating to "https://www.justdial.com/All-Cities/Nursing+24+service-Hospital/nct-11109123", waiting until "domcontentloaded"
 (attempt 1/2)
[2026-07-27 22:55:15] WARNING |   Nav error: Page.goto: net::ERR_HTTP2_PROTOCOL_ERROR at https://www.justdial.com/All-Cities/Nursing+24+service-Hospital/nct-11109123
Call log:
  - navigating to "https://www.justdial.com/All-Cities/Nursing+24+service-Hospital/nct-11109123", waiting until "domcontentloaded"
 (attempt 2/2)
[2026-07-27 22:55:16] INFO | Phase 2 [42/343]: Apex Multispeciality Hospital and Skin Clinic
[2026-07-27 22:55:26] WARNING |   Nav error: Page.goto: net::ERR_HTTP2_PROTOCOL_ERROR at https://www.justdial.com/All-Cities/Apex+Multispeciality+Hospital+and+Skin+Clinic-Hospital/nct-11109123
Call log:
  - navigating to "https://www.justdial.com/All-Cities/Apex+Multispeciality+Hospital+and+Skin+Clinic-Hospital/nct-11109123", waiting until "domcontentloaded"
 (attempt 1/2)
[2026-07-27 22:55:28] WARNING |   Nav error: Page.goto: net::ERR_HTTP2_PROTOCOL_ERROR at https://www.justdial.com/All-Cities/Apex+Multispeciality+Hospital+and+Skin+Clinic-Hospital/nct-11109123
Call log:
  - navigating to "https://www.justdial.com/All-Cities/Apex+Multispeciality+Hospital+and+Skin+Clinic-Hospital/nct-11109123", waiting until "domcontentloaded"
 (attempt 2/2)
[2026-07-27 22:55:29] INFO | Phase 2 [43/343]: TaCa Centre for Surgery
[2026-07-27 22:55:38] WARNING |   Nav error: Page.goto: net::ERR_HTTP2_PROTOCOL_ERROR at https://www.justdial.com/All-Cities/TaCa+Centre+for+Surgery-Hospital/nct-11109123
Call log:
  - navigating to "https://www.justdial.com/All-Cities/TaCa+Centre+for+Surgery-Hospital/nct-11109123", waiting until "domcontentloaded"
 (attempt 1/2)
[2026-07-27 22:55:40] WARNING |   Nav error: Page.goto: net::ERR_HTTP2_PROTOCOL_ERROR at https://www.justdial.com/All-Cities/TaCa+Centre+for+Surgery-Hospital/nct-11109123
Call log:
  - navigating to "https://www.justdial.com/All-Cities/TaCa+Centre+for+Surgery-Hospital/nct-11109123", waiting until "domcontentloaded"
 (attempt 2/2)
[2026-07-27 22:55:41] INFO | Phase 2 [44/343]: Bhola Health Care Centre(BHCC) - Multispeciality Clinic
[2026-07-27 22:55:50] WARNING |   Nav error: Page.goto: net::ERR_HTTP2_PROTOCOL_ERROR at https://www.justdial.com/All-Cities/Bhola+Health+Care+Centre%28BHCC%29+-+Multispeciality+Clinic-Hospital/nct-11109123
Call log:
  - navigating to "https://www.justdial.com/All-Cities/Bhola+Health+Care+Centre%28BHCC%29+-+Multispeciality+Clinic-Hospital/nct-11109123", waiting until "domcontentloaded"
 (attempt 1/2)
[2026-07-27 22:55:53] WARNING |   Nav error: Page.goto: net::ERR_HTTP2_PROTOCOL_ERROR at https://www.justdial.com/All-Cities/Bhola+Health+Care+Centre%28BHCC%29+-+Multispeciality+Clinic-Hospital/nct-11109123
Call log:
  - navigating to "https://www.justdial.com/All-Cities/Bhola+Health+Care+Centre%28BHCC%29+-+Multispeciality+Clinic-Hospital/nct-11109123", waiting until "domcontentloaded"
 (attempt 2/2)
[2026-07-27 22:55:53] INFO | Phase 2 [45/343]: Balak Ram Hospital
[2026-07-27 22:56:03] WARNING |   Nav error: Page.goto: net::ERR_HTTP2_PROTOCOL_ERROR at https://www.justdial.com/All-Cities/Balak+Ram+Hospital-Hospital/nct-11109123
Call log:
  - navigating to "https://www.justdial.com/All-Cities/Balak+Ram+Hospital-Hospital/nct-11109123", waiting until "domcontentloaded"
 (attempt 1/2)
[2026-07-27 22:56:06] WARNING |   Nav error: Page.goto: net::ERR_HTTP2_PROTOCOL_ERROR at https://www.justdial.com/All-Cities/Balak+Ram+Hospital-Hospital/nct-11109123
Call log:
  - navigating to "https://www.justdial.com/All-Cities/Balak+Ram+Hospital-Hospital/nct-11109123", waiting until "domcontentloaded"
 (attempt 2/2)
[2026-07-27 22:56:07] INFO | Phase 2 [46/343]: Global Medical Solution
[2026-07-27 22:56:16] WARNING |   Nav error: Page.goto: net::ERR_HTTP2_PROTOCOL_ERROR at https://www.justdial.com/All-Cities/Global+Medical+Solution-Hospital/nct-11109123
Call log:
  - navigating to "https://www.justdial.com/All-Cities/Global+Medical+Solution-Hospital/nct-11109123", waiting until "domcontentloaded"
 (attempt 1/2)
[2026-07-27 22:56:18] WARNING |   Nav error: Page.goto: net::ERR_HTTP2_PROTOCOL_ERROR at https://www.justdial.com/All-Cities/Global+Medical+Solution-Hospital/nct-11109123
Call log:
  - navigating to "https://www.justdial.com/All-Cities/Global+Medical+Solution-Hospital/nct-11109123", waiting until "domcontentloaded"
 (attempt 2/2)
[2026-07-27 22:56:19] INFO | Phase 2 [47/343]: Max Smart Super Speciality Hospital Saket (Max Smart)
[2026-07-27 22:56:29] WARNING |   Nav error: Page.goto: net::ERR_HTTP2_PROTOCOL_ERROR at https://www.justdial.com/All-Cities/Max+Smart+Super+Speciality+Hospital+Saket+%28Max+Smart%29-Hospital/nct-11109123
Call log:
  - navigating to "https://www.justdial.com/All-Cities/Max+Smart+Super+Speciality+Hospital+Saket+%28Max+Smart%29-Hospital/nct-11109123", waiting until "domcontentloaded"
 (attempt 1/2)
[2026-07-27 22:56:31] WARNING |   Nav error: Page.goto: net::ERR_HTTP2_PROTOCOL_ERROR at https://www.justdial.com/All-Cities/Max+Smart+Super+Speciality+Hospital+Saket+%28Max+Smart%29-Hospital/nct-11109123
Call log:
  - navigating to "https://www.justdial.com/All-Cities/Max+Smart+Super+Speciality+Hospital+Saket+%28Max+Smart%29-Hospital/nct-11109123", waiting until "domcontentloaded"
 (attempt 2/2)
[2026-07-27 22:56:33] INFO | Phase 2 [48/343]: Madhukar Rainbow Children s Hospital & BirthRight By Rainbow Hospitals
[2026-07-27 22:56:42] WARNING |   Nav error: Page.goto: net::ERR_HTTP2_PROTOCOL_ERROR at https://www.justdial.com/All-Cities/Madhukar+Rainbow+Children+s+Hospital+%26+BirthRight+By+Rainbow+Hospitals-Hospital/nct-11109123
Call log:
  - navigating to "https://www.justdial.com/All-Cities/Madhukar+Rainbow+Children+s+Hospital+%26+BirthRight+By+Rainbow+Hospitals-Hospital/nct-11109123", waiting until "domcontentloaded"
 (attempt 1/2)
[2026-07-27 22:56:44] WARNING |   Nav error: Page.goto: net::ERR_HTTP2_PROTOCOL_ERROR at https://www.justdial.com/All-Cities/Madhukar+Rainbow+Children+s+Hospital+%26+BirthRight+By+Rainbow+Hospitals-Hospital/nct-11109123
Call log:
  - navigating to "https://www.justdial.com/All-Cities/Madhukar+Rainbow+Children+s+Hospital+%26+BirthRight+By+Rainbow+Hospitals-Hospital/nct-11109123", waiting until "domcontentloaded"
 (attempt 2/2)
[2026-07-27 22:56:45] INFO | Phase 2 [49/343]: Max Super Speciality Hospital Saket (Max Saket)
[2026-07-27 22:56:55] WARNING |   Nav error: Page.goto: net::ERR_HTTP2_PROTOCOL_ERROR at https://www.justdial.com/All-Cities/Max+Super+Speciality+Hospital+Saket+%28Max+Saket%29-Hospital/nct-11109123
Call log:
  - navigating to "https://www.justdial.com/All-Cities/Max+Super+Speciality+Hospital+Saket+%28Max+Saket%29-Hospital/nct-11109123", waiting until "domcontentloaded"
 (attempt 1/2)
[2026-07-27 22:56:57] WARNING |   Nav error: Page.goto: net::ERR_HTTP2_PROTOCOL_ERROR at https://www.justdial.com/All-Cities/Max+Super+Speciality+Hospital+Saket+%28Max+Saket%29-Hospital/nct-11109123
Call log:
  - navigating to "https://www.justdial.com/All-Cities/Max+Super+Speciality+Hospital+Saket+%28Max+Saket%29-Hospital/nct-11109123", waiting until "domcontentloaded"
 (attempt 2/2)
[2026-07-27 22:56:58] INFO | Phase 2 [50/343]: Fortis Flt Lt Rajan Dhall Hospital Vasant Kunj New Delhi
[2026-07-27 22:57:08] WARNING |   Nav error: Page.goto: net::ERR_HTTP2_PROTOCOL_ERROR at https://www.justdial.com/All-Cities/Fortis+Flt+Lt+Rajan+Dhall+Hospital+Vasant+Kunj+New+Delhi-Hospital/nct-11109123
Call log:
  - navigating to "https://www.justdial.com/All-Cities/Fortis+Flt+Lt+Rajan+Dhall+Hospital+Vasant+Kunj+New+Delhi-Hospital/nct-11109123", waiting until "domcontentloaded"
 (attempt 1/2)
[2026-07-27 22:57:10] WARNING |   Nav error: Page.goto: net::ERR_HTTP2_PROTOCOL_ERROR at https://www.justdial.com/All-Cities/Fortis+Flt+Lt+Rajan+Dhall+Hospital+Vasant+Kunj+New+Delhi-Hospital/nct-11109123
Call log:
  - navigating to "https://www.justdial.com/All-Cities/Fortis+Flt+Lt+Rajan+Dhall+Hospital+Vasant+Kunj+New+Delhi-Hospital/nct-11109123", waiting until "domcontentloaded"
 (attempt 2/2)
[2026-07-27 22:57:11] INFO | Phase 2 [51/343]: Nestiva Maternity Centre delhi
[2026-07-27 22:57:20] WARNING |   Nav error: Page.goto: net::ERR_HTTP2_PROTOCOL_ERROR at https://www.justdial.com/All-Cities/Nestiva+Maternity+Centre+delhi-Hospital/nct-11109123
Call log:
  - navigating to "https://www.justdial.com/All-Cities/Nestiva+Maternity+Centre+delhi-Hospital/nct-11109123", waiting until "domcontentloaded"
 (attempt 1/2)
[2026-07-27 22:57:22] WARNING |   Nav error: Page.goto: net::ERR_HTTP2_PROTOCOL_ERROR at https://www.justdial.com/All-Cities/Nestiva+Maternity+Centre+delhi-Hospital/nct-11109123
Call log:
  - navigating to "https://www.justdial.com/All-Cities/Nestiva+Maternity+Centre+delhi-Hospital/nct-11109123", waiting until "domcontentloaded"
 (attempt 2/2)
[2026-07-27 22:57:23] INFO | Phase 2 [52/343]: Aapka Urgicare Pvt. Ltd.
[2026-07-27 22:57:32] WARNING |   Nav error: Page.goto: net::ERR_HTTP2_PROTOCOL_ERROR at https://www.justdial.com/All-Cities/Aapka+Urgicare+Pvt.+Ltd.-Hospital/nct-11109123
Call log:
  - navigating to "https://www.justdial.com/All-Cities/Aapka+Urgicare+Pvt.+Ltd.-Hospital/nct-11109123", waiting until "domcontentloaded"
 (attempt 1/2)
[2026-07-27 22:57:35] WARNING |   Nav error: Page.goto: net::ERR_HTTP2_PROTOCOL_ERROR at https://www.justdial.com/All-Cities/Aapka+Urgicare+Pvt.+Ltd.-Hospital/nct-11109123
Call log:
  - navigating to "https://www.justdial.com/All-Cities/Aapka+Urgicare+Pvt.+Ltd.-Hospital/nct-11109123", waiting until "domcontentloaded"
 (attempt 2/2)
[2026-07-27 22:57:36] INFO | Phase 2 [53/343]: Agarwal Medical Centre
[2026-07-27 22:57:45] WARNING |   Nav error: Page.goto: net::ERR_HTTP2_PROTOCOL_ERROR at https://www.justdial.com/All-Cities/Agarwal+Medical+Centre-Hospital/nct-11109123
Call log:
  - navigating to "https://www.justdial.com/All-Cities/Agarwal+Medical+Centre-Hospital/nct-11109123", waiting until "domcontentloaded"
 (attempt 1/2)
[2026-07-27 22:57:47] WARNING |   Nav error: Page.goto: net::ERR_HTTP2_PROTOCOL_ERROR at https://www.justdial.com/All-Cities/Agarwal+Medical+Centre-Hospital/nct-11109123
Call log:
  - navigating to "https://www.justdial.com/All-Cities/Agarwal+Medical+Centre-Hospital/nct-11109123", waiting until "domcontentloaded"
 (attempt 2/2)
[2026-07-27 22:57:48] INFO | Phase 2 [54/343]: Sujan Mohinder Hospital
[2026-07-27 22:57:57] WARNING |   Nav error: Page.goto: net::ERR_HTTP2_PROTOCOL_ERROR at https://www.justdial.com/All-Cities/Sujan+Mohinder+Hospital-Hospital/nct-11109123
Call log:
  - navigating to "https://www.justdial.com/All-Cities/Sujan+Mohinder+Hospital-Hospital/nct-11109123", waiting until "domcontentloaded"
 (attempt 1/2)
[2026-07-27 22:58:00] WARNING |   Nav error: Page.goto: net::ERR_HTTP2_PROTOCOL_ERROR at https://www.justdial.com/All-Cities/Sujan+Mohinder+Hospital-Hospital/nct-11109123
Call log:
  - navigating to "https://www.justdial.com/All-Cities/Sujan+Mohinder+Hospital-Hospital/nct-11109123", waiting until "domcontentloaded"
 (attempt 2/2)
[2026-07-27 22:58:00] INFO | Phase 2 [55/343]: Moolchand Hospital
[2026-07-27 22:58:10] WARNING |   Nav error: Page.goto: net::ERR_HTTP2_PROTOCOL_ERROR at https://www.justdial.com/All-Cities/Moolchand+Hospital-Hospital/nct-11109123
Call log:
  - navigating to "https://www.justdial.com/All-Cities/Moolchand+Hospital-Hospital/nct-11109123", waiting until "domcontentloaded"
 (attempt 1/2)
[2026-07-27 22:58:12] WARNING |   Nav error: Page.goto: net::ERR_HTTP2_PROTOCOL_ERROR at https://www.justdial.com/All-Cities/Moolchand+Hospital-Hospital/nct-11109123
Call log:
  - navigating to "https://www.justdial.com/All-Cities/Moolchand+Hospital-Hospital/nct-11109123", waiting until "domcontentloaded"
 (attempt 2/2)
[2026-07-27 22:58:13] INFO | Phase 2 [56/343]: Kalra Medicos
[2026-07-27 22:58:22] WARNING |   Nav error: Page.goto: net::ERR_HTTP2_PROTOCOL_ERROR at https://www.justdial.com/All-Cities/Kalra+Medicos-Hospital/nct-11109123
Call log:
  - navigating to "https://www.justdial.com/All-Cities/Kalra+Medicos-Hospital/nct-11109123", waiting until "domcontentloaded"
 (attempt 1/2)
[2026-07-27 22:58:24] WARNING |   Nav error: Page.goto: net::ERR_HTTP2_PROTOCOL_ERROR at https://www.justdial.com/All-Cities/Kalra+Medicos-Hospital/nct-11109123
Call log:
  - navigating to "https://www.justdial.com/All-Cities/Kalra+Medicos-Hospital/nct-11109123", waiting until "domcontentloaded"
 (attempt 2/2)
[2026-07-27 22:58:25] INFO | Phase 2 [57/343]: Dr Manik Mittal (New Vision Eye Centre) Best Eye Doctor in Paschim Vihar | West Delhi
[2026-07-27 22:58:35] WARNING |   Nav error: Page.goto: net::ERR_HTTP2_PROTOCOL_ERROR at https://www.justdial.com/All-Cities/Dr+Manik+Mittal+%28New+Vision+Eye+Centre%29+Best+Eye+Doctor+in+Paschim+Vihar+%7C+West+Delhi-Hospital/nct-11109123
Call log:
  - navigating to "https://www.justdial.com/All-Cities/Dr+Manik+Mittal+%28New+Vision+Eye+Centre%29+Best+Eye+Doctor+in+Paschim+Vihar+%7C+West+Delhi-Hospital/nct-11109123", waiting until "domcontentloaded"
 (attempt 1/2)
[2026-07-27 22:58:37] WARNING |   Nav error: Page.goto: net::ERR_HTTP2_PROTOCOL_ERROR at https://www.justdial.com/All-Cities/Dr+Manik+Mittal+%28New+Vision+Eye+Centre%29+Best+Eye+Doctor+in+Paschim+Vihar+%7C+West+Delhi-Hospital/nct-11109123
Call log:
  - navigating to "https://www.justdial.com/All-Cities/Dr+Manik+Mittal+%28New+Vision+Eye+Centre%29+Best+Eye+Doctor+in+Paschim+Vihar+%7C+West+Delhi-Hospital/nct-11109123", waiting until "domcontentloaded"
 (attempt 2/2)
[2026-07-27 22:58:38] INFO | Phase 2 [58/343]: K K Hospital
[2026-07-27 22:58:47] WARNING |   Nav error: Page.goto: net::ERR_HTTP2_PROTOCOL_ERROR at https://www.justdial.com/All-Cities/K+K+Hospital-Hospital/nct-11109123
Call log:
  - navigating to "https://www.justdial.com/All-Cities/K+K+Hospital-Hospital/nct-11109123", waiting until "domcontentloaded"
 (attempt 1/2)
[2026-07-27 22:58:49] WARNING |   Nav error: Page.goto: net::ERR_HTTP2_PROTOCOL_ERROR at https://www.justdial.com/All-Cities/K+K+Hospital-Hospital/nct-11109123
Call log:
  - navigating to "https://www.justdial.com/All-Cities/K+K+Hospital-Hospital/nct-11109123", waiting until "domcontentloaded"
 (attempt 2/2)
[2026-07-27 22:58:50] INFO | Phase 2 [59/343]: Action Cancer Hospital
[2026-07-27 22:58:59] WARNING |   Nav error: Page.goto: net::ERR_HTTP2_PROTOCOL_ERROR at https://www.justdial.com/All-Cities/Action+Cancer+Hospital-Hospital/nct-11109123
Call log:
  - navigating to "https://www.justdial.com/All-Cities/Action+Cancer+Hospital-Hospital/nct-11109123", waiting until "domcontentloaded"
 (attempt 1/2)
[2026-07-27 22:59:01] WARNING |   Nav error: Page.goto: net::ERR_HTTP2_PROTOCOL_ERROR at https://www.justdial.com/All-Cities/Action+Cancer+Hospital-Hospital/nct-11109123
Call log:
  - navigating to "https://www.justdial.com/All-Cities/Action+Cancer+Hospital-Hospital/nct-11109123", waiting until "domcontentloaded"
 (attempt 2/2)
[2026-07-27 22:59:02] INFO | Phase 2 [60/343]: Surjeet Memorial Hospital
[2026-07-27 22:59:11] WARNING |   Nav error: Page.goto: net::ERR_HTTP2_PROTOCOL_ERROR at https://www.justdial.com/All-Cities/Surjeet+Memorial+Hospital-Hospital/nct-11109123
Call log:
  - navigating to "https://www.justdial.com/All-Cities/Surjeet+Memorial+Hospital-Hospital/nct-11109123", waiting until "domcontentloaded"
 (attempt 1/2)
[2026-07-27 22:59:13] WARNING |   Nav error: Page.goto: net::ERR_HTTP2_PROTOCOL_ERROR at https://www.justdial.com/All-Cities/Surjeet+Memorial+Hospital-Hospital/nct-11109123
Call log:
  - navigating to "https://www.justdial.com/All-Cities/Surjeet+Memorial+Hospital-Hospital/nct-11109123", waiting until "domcontentloaded"
 (attempt 2/2)
[2026-07-27 22:59:14] INFO | Phase 2 [61/343]: South Delhi Health Centre
[2026-07-27 22:59:23] WARNING |   Nav error: Page.goto: net::ERR_HTTP2_PROTOCOL_ERROR at https://www.justdial.com/All-Cities/South+Delhi+Health+Centre-Hospital/nct-11109123
Call log:
  - navigating to "https://www.justdial.com/All-Cities/South+Delhi+Health+Centre-Hospital/nct-11109123", waiting until "domcontentloaded"
 (attempt 1/2)
[2026-07-27 22:59:26] WARNING |   Nav error: Page.goto: net::ERR_HTTP2_PROTOCOL_ERROR at https://www.justdial.com/All-Cities/South+Delhi+Health+Centre-Hospital/nct-11109123
Call log:
  - navigating to "https://www.justdial.com/All-Cities/South+Delhi+Health+Centre-Hospital/nct-11109123", waiting until "domcontentloaded"
 (attempt 2/2)
[2026-07-27 22:59:26] INFO | Phase 2 [62/343]: LAAXMI LIFELINE HOSPITAL
[2026-07-27 22:59:35] WARNING |   Nav error: Page.goto: net::ERR_HTTP2_PROTOCOL_ERROR at https://www.justdial.com/All-Cities/LAAXMI+LIFELINE+HOSPITAL-Hospital/nct-11109123
Call log:
  - navigating to "https://www.justdial.com/All-Cities/LAAXMI+LIFELINE+HOSPITAL-Hospital/nct-11109123", waiting until "domcontentloaded"
 (attempt 1/2)
[2026-07-27 22:59:37] WARNING |   Nav error: Page.goto: net::ERR_HTTP2_PROTOCOL_ERROR at https://www.justdial.com/All-Cities/LAAXMI+LIFELINE+HOSPITAL-Hospital/nct-11109123
Call log:
  - navigating to "https://www.justdial.com/All-Cities/LAAXMI+LIFELINE+HOSPITAL-Hospital/nct-11109123", waiting until "domcontentloaded"
 (attempt 2/2)
[2026-07-27 22:59:38] INFO | Phase 2 [63/343]: South Delhi Hospital
[2026-07-27 22:59:47] WARNING |   Nav error: Page.goto: net::ERR_HTTP2_PROTOCOL_ERROR at https://www.justdial.com/All-Cities/South+Delhi+Hospital-Hospital/nct-11109123
Call log:
  - navigating to "https://www.justdial.com/All-Cities/South+Delhi+Hospital-Hospital/nct-11109123", waiting until "domcontentloaded"
 (attempt 1/2)
[2026-07-27 22:59:50] WARNING |   Nav error: Page.goto: net::ERR_HTTP2_PROTOCOL_ERROR at https://www.justdial.com/All-Cities/South+Delhi+Hospital-Hospital/nct-11109123
Call log:
  - navigating to "https://www.justdial.com/All-Cities/South+Delhi+Hospital-Hospital/nct-11109123", waiting until "domcontentloaded"
 (attempt 2/2)
[2026-07-27 22:59:50] INFO | Phase 2 [64/343]: Human Care Medical Charitable Trust
[2026-07-27 23:00:00] WARNING |   Nav error: Page.goto: net::ERR_HTTP2_PROTOCOL_ERROR at https://www.justdial.com/All-Cities/Human+Care+Medical+Charitable+Trust-Hospital/nct-11109123
Call log:
  - navigating to "https://www.justdial.com/All-Cities/Human+Care+Medical+Charitable+Trust-Hospital/nct-11109123", waiting until "domcontentloaded"
 (attempt 1/2)
[2026-07-27 23:00:02] WARNING |   Nav error: Page.goto: net::ERR_HTTP2_PROTOCOL_ERROR at https://www.justdial.com/All-Cities/Human+Care+Medical+Charitable+Trust-Hospital/nct-11109123
Call log:
  - navigating to "https://www.justdial.com/All-Cities/Human+Care+Medical+Charitable+Trust-Hospital/nct-11109123", waiting until "domcontentloaded"
 (attempt 2/2)
[2026-07-27 23:00:03] INFO | Phase 2 [65/343]: Nevatis Hospital
[2026-07-27 23:00:12] WARNING |   Nav error: Page.goto: net::ERR_HTTP2_PROTOCOL_ERROR at https://www.justdial.com/All-Cities/Nevatis+Hospital-Hospital/nct-11109123
Call log:
  - navigating to "https://www.justdial.com/All-Cities/Nevatis+Hospital-Hospital/nct-11109123", waiting until "domcontentloaded"
 (attempt 1/2)
[2026-07-27 23:00:14] WARNING |   Nav error: Page.goto: net::ERR_HTTP2_PROTOCOL_ERROR at https://www.justdial.com/All-Cities/Nevatis+Hospital-Hospital/nct-11109123
Call log:
  - navigating to "https://www.justdial.com/All-Cities/Nevatis+Hospital-Hospital/nct-11109123", waiting until "domcontentloaded"
 (attempt 2/2)
[2026-07-27 23:00:15] INFO | Phase 2 [66/343]: Manipal Hospital Palam Vihar Gurugram
[2026-07-27 23:00:25] WARNING |   Nav error: Page.goto: net::ERR_HTTP2_PROTOCOL_ERROR at https://www.justdial.com/All-Cities/Manipal+Hospital+Palam+Vihar+Gurugram-Hospital/nct-11109123
Call log:
  - navigating to "https://www.justdial.com/All-Cities/Manipal+Hospital+Palam+Vihar+Gurugram-Hospital/nct-11109123", waiting until "domcontentloaded"
 (attempt 1/2)
[2026-07-27 23:00:27] WARNING |   Nav error: Page.goto: net::ERR_HTTP2_PROTOCOL_ERROR at https://www.justdial.com/All-Cities/Manipal+Hospital+Palam+Vihar+Gurugram-Hospital/nct-11109123
Call log:
  - navigating to "https://www.justdial.com/All-Cities/Manipal+Hospital+Palam+Vihar+Gurugram-Hospital/nct-11109123", waiting until "domcontentloaded"
 (attempt 2/2)
[2026-07-27 23:00:28] INFO | Phase 2 [67/343]: Kutumbh Hospital
[2026-07-27 23:00:38] WARNING |   Nav error: Page.goto: net::ERR_HTTP2_PROTOCOL_ERROR at https://www.justdial.com/All-Cities/Kutumbh+Hospital-Hospital/nct-11109123
Call log:
  - navigating to "https://www.justdial.com/All-Cities/Kutumbh+Hospital-Hospital/nct-11109123", waiting until "domcontentloaded"
 (attempt 1/2)
[2026-07-27 23:00:40] WARNING |   Nav error: Page.goto: net::ERR_HTTP2_PROTOCOL_ERROR at https://www.justdial.com/All-Cities/Kutumbh+Hospital-Hospital/nct-11109123
Call log:
  - navigating to "https://www.justdial.com/All-Cities/Kutumbh+Hospital-Hospital/nct-11109123", waiting until "domcontentloaded"
 (attempt 2/2)
[2026-07-27 23:00:42] INFO | Phase 2 [68/343]: Ayushman Hospital
[2026-07-27 23:00:52] WARNING |   Nav error: Page.goto: net::ERR_HTTP2_PROTOCOL_ERROR at https://www.justdial.com/All-Cities/Ayushman+Hospital-Hospital/nct-11109123
Call log:
  - navigating to "https://www.justdial.com/All-Cities/Ayushman+Hospital-Hospital/nct-11109123", waiting until "domcontentloaded"
 (attempt 1/2)
[2026-07-27 23:00:54] WARNING |   Nav error: Page.goto: net::ERR_HTTP2_PROTOCOL_ERROR at https://www.justdial.com/All-Cities/Ayushman+Hospital-Hospital/nct-11109123
Call log:
  - navigating to "https://www.justdial.com/All-Cities/Ayushman+Hospital-Hospital/nct-11109123", waiting until "domcontentloaded"
 (attempt 2/2)
[2026-07-27 23:00:55] INFO | Phase 2 [69/343]: Lifeline Hospital
[2026-07-27 23:01:04] WARNING |   Nav error: Page.goto: net::ERR_HTTP2_PROTOCOL_ERROR at https://www.justdial.com/All-Cities/Lifeline+Hospital-Hospital/nct-11109123
Call log:
  - navigating to "https://www.justdial.com/All-Cities/Lifeline+Hospital-Hospital/nct-11109123", waiting until "domcontentloaded"
 (attempt 1/2)
[2026-07-27 23:01:07] WARNING |   Nav error: Page.goto: net::ERR_HTTP2_PROTOCOL_ERROR at https://www.justdial.com/All-Cities/Lifeline+Hospital-Hospital/nct-11109123
Call log:
  - navigating to "https://www.justdial.com/All-Cities/Lifeline+Hospital-Hospital/nct-11109123", waiting until "domcontentloaded"
 (attempt 2/2)
[2026-07-27 23:01:08] INFO | Phase 2 [70/343]: Ayushman Hospital & Health Services
[2026-07-27 23:01:17] WARNING |   Nav error: Page.goto: net::ERR_HTTP2_PROTOCOL_ERROR at https://www.justdial.com/All-Cities/Ayushman+Hospital+%26+Health+Services-Hospital/nct-11109123
Call log:
  - navigating to "https://www.justdial.com/All-Cities/Ayushman+Hospital+%26+Health+Services-Hospital/nct-11109123", waiting until "domcontentloaded"
 (attempt 1/2)
[2026-07-27 23:01:19] WARNING |   Nav error: Page.goto: net::ERR_HTTP2_PROTOCOL_ERROR at https://www.justdial.com/All-Cities/Ayushman+Hospital+%26+Health+Services-Hospital/nct-11109123
Call log:
  - navigating to "https://www.justdial.com/All-Cities/Ayushman+Hospital+%26+Health+Services-Hospital/nct-11109123", waiting until "domcontentloaded"
 (attempt 2/2)
[2026-07-27 23:01:21] INFO | Phase 2 [71/343]: HELPLINE MULTISPECIALITY HOSPITAL
[2026-07-27 23:01:30] WARNING |   Nav error: Page.goto: net::ERR_HTTP2_PROTOCOL_ERROR at https://www.justdial.com/All-Cities/HELPLINE+MULTISPECIALITY+HOSPITAL-Hospital/nct-11109123
Call log:
  - navigating to "https://www.justdial.com/All-Cities/HELPLINE+MULTISPECIALITY+HOSPITAL-Hospital/nct-11109123", waiting until "domcontentloaded"
 (attempt 1/2)
[2026-07-27 23:01:33] WARNING |   Nav error: Page.goto: net::ERR_HTTP2_PROTOCOL_ERROR at https://www.justdial.com/All-Cities/HELPLINE+MULTISPECIALITY+HOSPITAL-Hospital/nct-11109123
Call log:
  - navigating to "https://www.justdial.com/All-Cities/HELPLINE+MULTISPECIALITY+HOSPITAL-Hospital/nct-11109123", waiting until "domcontentloaded"
 (attempt 2/2)
[2026-07-27 23:01:33] INFO | Phase 2 [72/343]: BENSUPS Multi-speciality Hospital
[2026-07-27 23:01:43] WARNING |   Nav error: Page.goto: net::ERR_HTTP2_PROTOCOL_ERROR at https://www.justdial.com/All-Cities/BENSUPS+Multi-speciality+Hospital-Hospital/nct-11109123
Call log:
  - navigating to "https://www.justdial.com/All-Cities/BENSUPS+Multi-speciality+Hospital-Hospital/nct-11109123", waiting until "domcontentloaded"
 (attempt 1/2)
[2026-07-27 23:01:45] WARNING |   Nav error: Page.goto: net::ERR_HTTP2_PROTOCOL_ERROR at https://www.justdial.com/All-Cities/BENSUPS+Multi-speciality+Hospital-Hospital/nct-11109123
Call log:
  - navigating to "https://www.justdial.com/All-Cities/BENSUPS+Multi-speciality+Hospital-Hospital/nct-11109123", waiting until "domcontentloaded"
 (attempt 2/2)
[2026-07-27 23:01:46] INFO | Phase 2 [73/343]: Mata Sumitra Devi Hospital
[2026-07-27 23:01:55] WARNING |   Nav error: Page.goto: net::ERR_HTTP2_PROTOCOL_ERROR at https://www.justdial.com/All-Cities/Mata+Sumitra+Devi+Hospital-Hospital/nct-11109123
Call log:
  - navigating to "https://www.justdial.com/All-Cities/Mata+Sumitra+Devi+Hospital-Hospital/nct-11109123", waiting until "domcontentloaded"
 (attempt 1/2)
[2026-07-27 23:01:57] WARNING |   Nav error: Page.goto: net::ERR_HTTP2_PROTOCOL_ERROR at https://www.justdial.com/All-Cities/Mata+Sumitra+Devi+Hospital-Hospital/nct-11109123
Call log:
  - navigating to "https://www.justdial.com/All-Cities/Mata+Sumitra+Devi+Hospital-Hospital/nct-11109123", waiting until "domcontentloaded"
 (attempt 2/2)
[2026-07-27 23:01:58] INFO | Phase 2 [74/343]: Indira Gandhi Hospital
[2026-07-27 23:02:07] WARNING |   Nav error: Page.goto: net::ERR_HTTP2_PROTOCOL_ERROR at https://www.justdial.com/All-Cities/Indira+Gandhi+Hospital-Hospital/nct-11109123
Call log:
  - navigating to "https://www.justdial.com/All-Cities/Indira+Gandhi+Hospital-Hospital/nct-11109123", waiting until "domcontentloaded"
 (attempt 1/2)
[2026-07-27 23:02:09] WARNING |   Nav error: Page.goto: net::ERR_HTTP2_PROTOCOL_ERROR at https://www.justdial.com/All-Cities/Indira+Gandhi+Hospital-Hospital/nct-11109123
Call log:
  - navigating to "https://www.justdial.com/All-Cities/Indira+Gandhi+Hospital-Hospital/nct-11109123", waiting until "domcontentloaded"
 (attempt 2/2)
[2026-07-27 23:02:10] INFO | Phase 2 [75/343]: Doctor Kares Hospital
[2026-07-27 23:02:20] WARNING |   Nav error: Page.goto: net::ERR_HTTP2_PROTOCOL_ERROR at https://www.justdial.com/All-Cities/Doctor+Kares+Hospital-Hospital/nct-11109123
Call log:
  - navigating to "https://www.justdial.com/All-Cities/Doctor+Kares+Hospital-Hospital/nct-11109123", waiting until "domcontentloaded"
 (attempt 1/2)
[2026-07-27 23:02:22] WARNING |   Nav error: Page.goto: net::ERR_HTTP2_PROTOCOL_ERROR at https://www.justdial.com/All-Cities/Doctor+Kares+Hospital-Hospital/nct-11109123
Call log:
  - navigating to "https://www.justdial.com/All-Cities/Doctor+Kares+Hospital-Hospital/nct-11109123", waiting until "domcontentloaded"
 (attempt 2/2)
[2026-07-27 23:02:23] INFO | Phase 2 [76/343]: Park Hospital Palam Vihar
[2026-07-27 23:02:32] WARNING |   Nav error: Page.goto: net::ERR_HTTP2_PROTOCOL_ERROR at https://www.justdial.com/All-Cities/Park+Hospital+Palam+Vihar-Hospital/nct-11109123
Call log:
  - navigating to "https://www.justdial.com/All-Cities/Park+Hospital+Palam+Vihar-Hospital/nct-11109123", waiting until "domcontentloaded"
 (attempt 1/2)
[2026-07-27 23:02:35] WARNING |   Nav error: Page.goto: net::ERR_HTTP2_PROTOCOL_ERROR at https://www.justdial.com/All-Cities/Park+Hospital+Palam+Vihar-Hospital/nct-11109123
Call log:
  - navigating to "https://www.justdial.com/All-Cities/Park+Hospital+Palam+Vihar-Hospital/nct-11109123", waiting until "domcontentloaded"
 (attempt 2/2)
[2026-07-27 23:02:36] INFO | Phase 2 [77/343]: Jsr medical centre
[2026-07-27 23:02:45] WARNING |   Nav error: Page.goto: net::ERR_HTTP2_PROTOCOL_ERROR at https://www.justdial.com/All-Cities/Jsr+medical+centre-Hospital/nct-11109123
Call log:
  - navigating to "https://www.justdial.com/All-Cities/Jsr+medical+centre-Hospital/nct-11109123", waiting until "domcontentloaded"
 (attempt 1/2)
[2026-07-27 23:02:47] WARNING |   Nav error: Page.goto: net::ERR_HTTP2_PROTOCOL_ERROR at https://www.justdial.com/All-Cities/Jsr+medical+centre-Hospital/nct-11109123
Call log:
  - navigating to "https://www.justdial.com/All-Cities/Jsr+medical+centre-Hospital/nct-11109123", waiting until "domcontentloaded"
 (attempt 2/2)
[2026-07-27 23:02:49] INFO | Phase 2 [78/343]: Sir Ganga Ram Hospital Emergency Room
[2026-07-27 23:02:57] WARNING |   Nav error: Page.goto: net::ERR_HTTP2_PROTOCOL_ERROR at https://www.justdial.com/All-Cities/Sir+Ganga+Ram+Hospital+Emergency+Room-Hospital/nct-11109123
Call log:
  - navigating to "https://www.justdial.com/All-Cities/Sir+Ganga+Ram+Hospital+Emergency+Room-Hospital/nct-11109123", waiting until "domcontentloaded"
 (attempt 1/2)
[2026-07-27 23:03:00] WARNING |   Nav error: Page.goto: net::ERR_HTTP2_PROTOCOL_ERROR at https://www.justdial.com/All-Cities/Sir+Ganga+Ram+Hospital+Emergency+Room-Hospital/nct-11109123
Call log:
  - navigating to "https://www.justdial.com/All-Cities/Sir+Ganga+Ram+Hospital+Emergency+Room-Hospital/nct-11109123", waiting until "domcontentloaded"
 (attempt 2/2)
[2026-07-27 23:03:01] INFO | Phase 2 [79/343]: MCD Hospital
[2026-07-27 23:03:11] WARNING |   Nav error: Page.goto: net::ERR_HTTP2_PROTOCOL_ERROR at https://www.justdial.com/All-Cities/MCD+Hospital-Hospital/nct-11109123
Call log:
  - navigating to "https://www.justdial.com/All-Cities/MCD+Hospital-Hospital/nct-11109123", waiting until "domcontentloaded"
 (attempt 1/2)
[2026-07-27 23:03:13] WARNING |   Nav error: Page.goto: net::ERR_HTTP2_PROTOCOL_ERROR at https://www.justdial.com/All-Cities/MCD+Hospital-Hospital/nct-11109123
Call log:
  - navigating to "https://www.justdial.com/All-Cities/MCD+Hospital-Hospital/nct-11109123", waiting until "domcontentloaded"
 (attempt 2/2)
[2026-07-27 23:03:14] INFO | Phase 2 [80/343]: SSRB Building
[2026-07-27 23:03:23] WARNING |   Nav error: Page.goto: net::ERR_HTTP2_PROTOCOL_ERROR at https://www.justdial.com/All-Cities/SSRB+Building-Hospital/nct-11109123
Call log:
  - navigating to "https://www.justdial.com/All-Cities/SSRB+Building-Hospital/nct-11109123", waiting until "domcontentloaded"
 (attempt 1/2)
[2026-07-27 23:03:25] WARNING |   Nav error: Page.goto: net::ERR_HTTP2_PROTOCOL_ERROR at https://www.justdial.com/All-Cities/SSRB+Building-Hospital/nct-11109123
Call log:
  - navigating to "https://www.justdial.com/All-Cities/SSRB+Building-Hospital/nct-11109123", waiting until "domcontentloaded"
 (attempt 2/2)
[2026-07-27 23:03:27] INFO | Phase 2 [81/343]: Aadhya9 Multi-speciality Hospital
[2026-07-27 23:03:37] WARNING |   Nav error: Page.goto: net::ERR_HTTP2_PROTOCOL_ERROR at https://www.justdial.com/All-Cities/Aadhya9+Multi-speciality+Hospital-Hospital/nct-11109123
Call log:
  - navigating to "https://www.justdial.com/All-Cities/Aadhya9+Multi-speciality+Hospital-Hospital/nct-11109123", waiting until "domcontentloaded"
 (attempt 1/2)
[2026-07-27 23:03:39] WARNING |   Nav error: Page.goto: net::ERR_HTTP2_PROTOCOL_ERROR at https://www.justdial.com/All-Cities/Aadhya9+Multi-speciality+Hospital-Hospital/nct-11109123
Call log:
  - navigating to "https://www.justdial.com/All-Cities/Aadhya9+Multi-speciality+Hospital-Hospital/nct-11109123", waiting until "domcontentloaded"
 (attempt 2/2)
[2026-07-27 23:03:40] INFO | Phase 2 [82/343]: Dharma Vira Heart Center
[2026-07-27 23:03:50] WARNING |   Nav error: Page.goto: net::ERR_HTTP2_PROTOCOL_ERROR at https://www.justdial.com/All-Cities/Dharma+Vira+Heart+Center-Hospital/nct-11109123
Call log:
  - navigating to "https://www.justdial.com/All-Cities/Dharma+Vira+Heart+Center-Hospital/nct-11109123", waiting until "domcontentloaded"
 (attempt 1/2)
[2026-07-27 23:03:52] WARNING |   Nav error: Page.goto: net::ERR_HTTP2_PROTOCOL_ERROR at https://www.justdial.com/All-Cities/Dharma+Vira+Heart+Center-Hospital/nct-11109123
Call log:
  - navigating to "https://www.justdial.com/All-Cities/Dharma+Vira+Heart+Center-Hospital/nct-11109123", waiting until "domcontentloaded"
 (attempt 2/2)
[2026-07-27 23:03:53] INFO | Phase 2 [83/343]: Kailash Hospital
[2026-07-27 23:04:02] WARNING |   Nav error: Page.goto: net::ERR_HTTP2_PROTOCOL_ERROR at https://www.justdial.com/All-Cities/Kailash+Hospital-Hospital/nct-11109123
Call log:
  - navigating to "https://www.justdial.com/All-Cities/Kailash+Hospital-Hospital/nct-11109123", waiting until "domcontentloaded"
 (attempt 1/2)
[2026-07-27 23:04:04] WARNING |   Nav error: Page.goto: net::ERR_HTTP2_PROTOCOL_ERROR at https://www.justdial.com/All-Cities/Kailash+Hospital-Hospital/nct-11109123
Call log:
  - navigating to "https://www.justdial.com/All-Cities/Kailash+Hospital-Hospital/nct-11109123", waiting until "domcontentloaded"
 (attempt 2/2)
[2026-07-27 23:04:05] INFO | Phase 2 [84/343]: Pakhare hospital
[2026-07-27 23:04:15] WARNING |   Nav error: Page.goto: net::ERR_HTTP2_PROTOCOL_ERROR at https://www.justdial.com/All-Cities/Pakhare+hospital-Hospital/nct-11109123
Call log:
  - navigating to "https://www.justdial.com/All-Cities/Pakhare+hospital-Hospital/nct-11109123", waiting until "domcontentloaded"
 (attempt 1/2)
[2026-07-27 23:04:17] WARNING |   Nav error: Page.goto: net::ERR_HTTP2_PROTOCOL_ERROR at https://www.justdial.com/All-Cities/Pakhare+hospital-Hospital/nct-11109123
Call log:
  - navigating to "https://www.justdial.com/All-Cities/Pakhare+hospital-Hospital/nct-11109123", waiting until "domcontentloaded"
 (attempt 2/2)
[2026-07-27 23:04:18] INFO | Phase 2 [85/343]: Firdaus Healthcare PVT LTD
[2026-07-27 23:04:27] WARNING |   Nav error: Page.goto: net::ERR_HTTP2_PROTOCOL_ERROR at https://www.justdial.com/All-Cities/Firdaus+Healthcare+PVT+LTD-Hospital/nct-11109123
Call log:
  - navigating to "https://www.justdial.com/All-Cities/Firdaus+Healthcare+PVT+LTD-Hospital/nct-11109123", waiting until "domcontentloaded"
 (attempt 1/2)
[2026-07-27 23:04:30] WARNING |   Nav error: Page.goto: net::ERR_HTTP2_PROTOCOL_ERROR at https://www.justdial.com/All-Cities/Firdaus+Healthcare+PVT+LTD-Hospital/nct-11109123
Call log:
  - navigating to "https://www.justdial.com/All-Cities/Firdaus+Healthcare+PVT+LTD-Hospital/nct-11109123", waiting until "domcontentloaded"
 (attempt 2/2)
[2026-07-27 23:04:30] INFO | Phase 2 [86/343]: Medicolo Healthcare
[2026-07-27 23:04:40] WARNING |   Nav error: Page.goto: net::ERR_HTTP2_PROTOCOL_ERROR at https://www.justdial.com/All-Cities/Medicolo+Healthcare-Hospital/nct-11109123
Call log:
  - navigating to "https://www.justdial.com/All-Cities/Medicolo+Healthcare-Hospital/nct-11109123", waiting until "domcontentloaded"
 (attempt 1/2)
[2026-07-27 23:04:42] WARNING |   Nav error: Page.goto: net::ERR_HTTP2_PROTOCOL_ERROR at https://www.justdial.com/All-Cities/Medicolo+Healthcare-Hospital/nct-11109123
Call log:
  - navigating to "https://www.justdial.com/All-Cities/Medicolo+Healthcare-Hospital/nct-11109123", waiting until "domcontentloaded"
 (attempt 2/2)
[2026-07-27 23:04:44] INFO | Phase 2 [87/343]: Jai Balaji Medical Centre
[2026-07-27 23:04:53] WARNING |   Nav error: Page.goto: net::ERR_HTTP2_PROTOCOL_ERROR at https://www.justdial.com/All-Cities/Jai+Balaji+Medical+Centre-Hospital/nct-11109123
Call log:
  - navigating to "https://www.justdial.com/All-Cities/Jai+Balaji+Medical+Centre-Hospital/nct-11109123", waiting until "domcontentloaded"
 (attempt 1/2)
[2026-07-27 23:04:55] WARNING |   Nav error: Page.goto: net::ERR_HTTP2_PROTOCOL_ERROR at https://www.justdial.com/All-Cities/Jai+Balaji+Medical+Centre-Hospital/nct-11109123
Call log:
  - navigating to "https://www.justdial.com/All-Cities/Jai+Balaji+Medical+Centre-Hospital/nct-11109123", waiting until "domcontentloaded"
 (attempt 2/2)
[2026-07-27 23:04:57] INFO | Phase 2 [88/343]: Rescue Hospital
[2026-07-27 23:05:06] WARNING |   Nav error: Page.goto: net::ERR_HTTP2_PROTOCOL_ERROR at https://www.justdial.com/All-Cities/Rescue+Hospital-Hospital/nct-11109123
Call log:
  - navigating to "https://www.justdial.com/All-Cities/Rescue+Hospital-Hospital/nct-11109123", waiting until "domcontentloaded"
 (attempt 1/2)
[2026-07-27 23:05:08] WARNING |   Nav error: Page.goto: net::ERR_HTTP2_PROTOCOL_ERROR at https://www.justdial.com/All-Cities/Rescue+Hospital-Hospital/nct-11109123
Call log:
  - navigating to "https://www.justdial.com/All-Cities/Rescue+Hospital-Hospital/nct-11109123", waiting until "domcontentloaded"
 (attempt 2/2)
[2026-07-27 23:05:09] INFO | Phase 2 [89/343]: Original Medical
[2026-07-27 23:05:18] WARNING |   Nav error: Page.goto: net::ERR_HTTP2_PROTOCOL_ERROR at https://www.justdial.com/All-Cities/Original+Medical-Hospital/nct-11109123
Call log:
  - navigating to "https://www.justdial.com/All-Cities/Original+Medical-Hospital/nct-11109123", waiting until "domcontentloaded"
 (attempt 1/2)
[2026-07-27 23:05:21] WARNING |   Nav error: Page.goto: net::ERR_HTTP2_PROTOCOL_ERROR at https://www.justdial.com/All-Cities/Original+Medical-Hospital/nct-11109123
Call log:
  - navigating to "https://www.justdial.com/All-Cities/Original+Medical-Hospital/nct-11109123", waiting until "domcontentloaded"
 (attempt 2/2)
[2026-07-27 23:05:21] INFO | Phase 2 [90/343]: Aakash Healthcare Super Speciality Hospital
[2026-07-27 23:05:31] WARNING |   Nav error: Page.goto: net::ERR_HTTP2_PROTOCOL_ERROR at https://www.justdial.com/All-Cities/Aakash+Healthcare+Super+Speciality+Hospital-Hospital/nct-11109123
Call log:
  - navigating to "https://www.justdial.com/All-Cities/Aakash+Healthcare+Super+Speciality+Hospital-Hospital/nct-11109123", waiting until "domcontentloaded"
 (attempt 1/2)
[2026-07-27 23:05:33] WARNING |   Nav error: Page.goto: net::ERR_HTTP2_PROTOCOL_ERROR at https://www.justdial.com/All-Cities/Aakash+Healthcare+Super+Speciality+Hospital-Hospital/nct-11109123
Call log:
  - navigating to "https://www.justdial.com/All-Cities/Aakash+Healthcare+Super+Speciality+Hospital-Hospital/nct-11109123", waiting until "domcontentloaded"
 (attempt 2/2)
[2026-07-27 23:05:34] INFO | Phase 2 [91/343]: SR Krishna Hospital
[2026-07-27 23:05:43] WARNING |   Nav error: Page.goto: net::ERR_HTTP2_PROTOCOL_ERROR at https://www.justdial.com/All-Cities/SR+Krishna+Hospital-Hospital/nct-11109123
Call log:
  - navigating to "https://www.justdial.com/All-Cities/SR+Krishna+Hospital-Hospital/nct-11109123", waiting until "domcontentloaded"
 (attempt 1/2)
[2026-07-27 23:05:45] WARNING |   Nav error: Page.goto: net::ERR_HTTP2_PROTOCOL_ERROR at https://www.justdial.com/All-Cities/SR+Krishna+Hospital-Hospital/nct-11109123
Call log:
  - navigating to "https://www.justdial.com/All-Cities/SR+Krishna+Hospital-Hospital/nct-11109123", waiting until "domcontentloaded"
 (attempt 2/2)
[2026-07-27 23:05:46] INFO | Phase 2 [92/343]: Gandhi Hospital
[2026-07-27 23:05:54] WARNING |   Nav error: Page.goto: net::ERR_HTTP2_PROTOCOL_ERROR at https://www.justdial.com/All-Cities/Gandhi+Hospital-Hospital/nct-11109123
Call log:
  - navigating to "https://www.justdial.com/All-Cities/Gandhi+Hospital-Hospital/nct-11109123", waiting until "domcontentloaded"
 (attempt 1/2)
[2026-07-27 23:05:57] WARNING |   Nav error: Page.goto: net::ERR_HTTP2_PROTOCOL_ERROR at https://www.justdial.com/All-Cities/Gandhi+Hospital-Hospital/nct-11109123
Call log:
  - navigating to "https://www.justdial.com/All-Cities/Gandhi+Hospital-Hospital/nct-11109123", waiting until "domcontentloaded"
 (attempt 2/2)
[2026-07-27 23:05:58] INFO | Phase 2 [93/343]: Chandraleela Hospital
[2026-07-27 23:06:07] WARNING |   Nav error: Page.goto: net::ERR_HTTP2_PROTOCOL_ERROR at https://www.justdial.com/All-Cities/Chandraleela+Hospital-Hospital/nct-11109123
Call log:
  - navigating to "https://www.justdial.com/All-Cities/Chandraleela+Hospital-Hospital/nct-11109123", waiting until "domcontentloaded"
 (attempt 1/2)
[2026-07-27 23:06:09] WARNING |   Nav error: Page.goto: net::ERR_HTTP2_PROTOCOL_ERROR at https://www.justdial.com/All-Cities/Chandraleela+Hospital-Hospital/nct-11109123
Call log:
  - navigating to "https://www.justdial.com/All-Cities/Chandraleela+Hospital-Hospital/nct-11109123", waiting until "domcontentloaded"
 (attempt 2/2)
[2026-07-27 23:06:10] INFO | Phase 2 [94/343]: Mata Roop Rani Maggo Hospital and IVF Centre
[2026-07-27 23:06:20] WARNING |   Nav error: Page.goto: net::ERR_HTTP2_PROTOCOL_ERROR at https://www.justdial.com/All-Cities/Mata+Roop+Rani+Maggo+Hospital+and+IVF+Centre-Hospital/nct-11109123
Call log:
  - navigating to "https://www.justdial.com/All-Cities/Mata+Roop+Rani+Maggo+Hospital+and+IVF+Centre-Hospital/nct-11109123", waiting until "domcontentloaded"
 (attempt 1/2)
[2026-07-27 23:06:22] WARNING |   Nav error: Page.goto: net::ERR_HTTP2_PROTOCOL_ERROR at https://www.justdial.com/All-Cities/Mata+Roop+Rani+Maggo+Hospital+and+IVF+Centre-Hospital/nct-11109123
Call log:
  - navigating to "https://www.justdial.com/All-Cities/Mata+Roop+Rani+Maggo+Hospital+and+IVF+Centre-Hospital/nct-11109123", waiting until "domcontentloaded"
 (attempt 2/2)
[2026-07-27 23:06:23] INFO | Phase 2 [95/343]: Gaudium Women Hospital
[2026-07-27 23:06:33] WARNING |   Nav error: Page.goto: net::ERR_HTTP2_PROTOCOL_ERROR at https://www.justdial.com/All-Cities/Gaudium+Women+Hospital-Hospital/nct-11109123
Call log:
  - navigating to "https://www.justdial.com/All-Cities/Gaudium+Women+Hospital-Hospital/nct-11109123", waiting until "domcontentloaded"
 (attempt 1/2)
[2026-07-27 23:06:35] WARNING |   Nav error: Page.goto: net::ERR_HTTP2_PROTOCOL_ERROR at https://www.justdial.com/All-Cities/Gaudium+Women+Hospital-Hospital/nct-11109123
Call log:
  - navigating to "https://www.justdial.com/All-Cities/Gaudium+Women+Hospital-Hospital/nct-11109123", waiting until "domcontentloaded"
 (attempt 2/2)
[2026-07-27 23:06:36] INFO | Phase 2 [96/343]: Revamping Centre Nehru Market Hospital
[2026-07-27 23:06:45] WARNING |   Nav error: Page.goto: net::ERR_HTTP2_PROTOCOL_ERROR at https://www.justdial.com/All-Cities/Revamping+Centre+Nehru+Market+Hospital-Hospital/nct-11109123
Call log:
  - navigating to "https://www.justdial.com/All-Cities/Revamping+Centre+Nehru+Market+Hospital-Hospital/nct-11109123", waiting until "domcontentloaded"
 (attempt 1/2)
[2026-07-27 23:06:47] WARNING |   Nav error: Page.goto: net::ERR_HTTP2_PROTOCOL_ERROR at https://www.justdial.com/All-Cities/Revamping+Centre+Nehru+Market+Hospital-Hospital/nct-11109123
Call log:
  - navigating to "https://www.justdial.com/All-Cities/Revamping+Centre+Nehru+Market+Hospital-Hospital/nct-11109123", waiting until "domcontentloaded"
 (attempt 2/2)
[2026-07-27 23:06:49] INFO | Phase 2 [97/343]: Divya Aarogya Kendra
[2026-07-27 23:06:57] WARNING |   Nav error: Page.goto: net::ERR_HTTP2_PROTOCOL_ERROR at https://www.justdial.com/All-Cities/Divya+Aarogya+Kendra-Hospital/nct-11109123
Call log:
  - navigating to "https://www.justdial.com/All-Cities/Divya+Aarogya+Kendra-Hospital/nct-11109123", waiting until "domcontentloaded"
 (attempt 1/2)
[2026-07-27 23:06:59] WARNING |   Nav error: Page.goto: net::ERR_HTTP2_PROTOCOL_ERROR at https://www.justdial.com/All-Cities/Divya+Aarogya+Kendra-Hospital/nct-11109123
Call log:
  - navigating to "https://www.justdial.com/All-Cities/Divya+Aarogya+Kendra-Hospital/nct-11109123", waiting until "domcontentloaded"
 (attempt 2/2)
[2026-07-27 23:07:00] INFO | Phase 2 [98/343]: Happy Health Life
[2026-07-27 23:07:09] WARNING |   Nav error: Page.goto: net::ERR_HTTP2_PROTOCOL_ERROR at https://www.justdial.com/All-Cities/Happy+Health+Life-Hospital/nct-11109123
Call log:
  - navigating to "https://www.justdial.com/All-Cities/Happy+Health+Life-Hospital/nct-11109123", waiting until "domcontentloaded"
 (attempt 1/2)
[2026-07-27 23:07:11] WARNING |   Nav error: Page.goto: net::ERR_HTTP2_PROTOCOL_ERROR at https://www.justdial.com/All-Cities/Happy+Health+Life-Hospital/nct-11109123
Call log:
  - navigating to "https://www.justdial.com/All-Cities/Happy+Health+Life-Hospital/nct-11109123", waiting until "domcontentloaded"
 (attempt 2/2)
[2026-07-27 23:07:12] INFO | Phase 2 [99/343]: Sri Balaji Action Medical Institute
[2026-07-27 23:07:21] WARNING |   Nav error: Page.goto: net::ERR_HTTP2_PROTOCOL_ERROR at https://www.justdial.com/All-Cities/Sri+Balaji+Action+Medical+Institute-Hospital/nct-11109123
Call log:
  - navigating to "https://www.justdial.com/All-Cities/Sri+Balaji+Action+Medical+Institute-Hospital/nct-11109123", waiting until "domcontentloaded"
 (attempt 1/2)
[2026-07-27 23:07:23] WARNING |   Nav error: Page.goto: net::ERR_HTTP2_PROTOCOL_ERROR at https://www.justdial.com/All-Cities/Sri+Balaji+Action+Medical+Institute-Hospital/nct-11109123
Call log:
  - navigating to "https://www.justdial.com/All-Cities/Sri+Balaji+Action+Medical+Institute-Hospital/nct-11109123", waiting until "domcontentloaded"
 (attempt 2/2)
[2026-07-27 23:07:24] INFO | Phase 2 [100/343]: PHERO HOSPITAL
[2026-07-27 23:07:33] WARNING |   Nav error: Page.goto: net::ERR_HTTP2_PROTOCOL_ERROR at https://www.justdial.com/All-Cities/PHERO+HOSPITAL-Hospital/nct-11109123
Call log:
  - navigating to "https://www.justdial.com/All-Cities/PHERO+HOSPITAL-Hospital/nct-11109123", waiting until "domcontentloaded"
 (attempt 1/2)
[2026-07-27 23:07:36] WARNING |   Nav error: Page.goto: net::ERR_HTTP2_PROTOCOL_ERROR at https://www.justdial.com/All-Cities/PHERO+HOSPITAL-Hospital/nct-11109123
Call log:
  - navigating to "https://www.justdial.com/All-Cities/PHERO+HOSPITAL-Hospital/nct-11109123", waiting until "domcontentloaded"
 (attempt 2/2)
[2026-07-27 23:07:37] INFO | Phase 2 [101/343]: Delhi Jal Board Dispensary Aram Bagh
[2026-07-27 23:07:46] WARNING |   Nav error: Page.goto: net::ERR_HTTP2_PROTOCOL_ERROR at https://www.justdial.com/All-Cities/Delhi+Jal+Board+Dispensary+Aram+Bagh-Hospital/nct-11109123
Call log:
  - navigating to "https://www.justdial.com/All-Cities/Delhi+Jal+Board+Dispensary+Aram+Bagh-Hospital/nct-11109123", waiting until "domcontentloaded"
 (attempt 1/2)
[2026-07-27 23:07:48] WARNING |   Nav error: Page.goto: net::ERR_HTTP2_PROTOCOL_ERROR at https://www.justdial.com/All-Cities/Delhi+Jal+Board+Dispensary+Aram+Bagh-Hospital/nct-11109123
Call log:
  - navigating to "https://www.justdial.com/All-Cities/Delhi+Jal+Board+Dispensary+Aram+Bagh-Hospital/nct-11109123", waiting until "domcontentloaded"
 (attempt 2/2)
[2026-07-27 23:07:49] INFO | Phase 2 [102/343]: Chinyot Hospital
[2026-07-27 23:07:59] WARNING |   Nav error: Page.goto: net::ERR_HTTP2_PROTOCOL_ERROR at https://www.justdial.com/All-Cities/Chinyot+Hospital-Hospital/nct-11109123
Call log:
  - navigating to "https://www.justdial.com/All-Cities/Chinyot+Hospital-Hospital/nct-11109123", waiting until "domcontentloaded"
 (attempt 1/2)
[2026-07-27 23:08:01] WARNING |   Nav error: Page.goto: net::ERR_HTTP2_PROTOCOL_ERROR at https://www.justdial.com/All-Cities/Chinyot+Hospital-Hospital/nct-11109123
Call log:
  - navigating to "https://www.justdial.com/All-Cities/Chinyot+Hospital-Hospital/nct-11109123", waiting until "domcontentloaded"
 (attempt 2/2)
[2026-07-27 23:08:02] INFO | Phase 2 [103/343]: NMR Centre INMAS
[2026-07-27 23:08:10] WARNING |   Nav error: Page.goto: net::ERR_HTTP2_PROTOCOL_ERROR at https://www.justdial.com/All-Cities/NMR+Centre+INMAS-Hospital/nct-11109123
Call log:
  - navigating to "https://www.justdial.com/All-Cities/NMR+Centre+INMAS-Hospital/nct-11109123", waiting until "domcontentloaded"
 (attempt 1/2)
[2026-07-27 23:08:13] WARNING |   Nav error: Page.goto: net::ERR_HTTP2_PROTOCOL_ERROR at https://www.justdial.com/All-Cities/NMR+Centre+INMAS-Hospital/nct-11109123
Call log:
  - navigating to "https://www.justdial.com/All-Cities/NMR+Centre+INMAS-Hospital/nct-11109123", waiting until "domcontentloaded"
 (attempt 2/2)
[2026-07-27 23:08:14] INFO | Phase 2 [104/343]: Sant Parmanand Hospital
[2026-07-27 23:08:23] WARNING |   Nav error: Page.goto: net::ERR_HTTP2_PROTOCOL_ERROR at https://www.justdial.com/All-Cities/Sant+Parmanand+Hospital-Hospital/nct-11109123
Call log:
  - navigating to "https://www.justdial.com/All-Cities/Sant+Parmanand+Hospital-Hospital/nct-11109123", waiting until "domcontentloaded"
 (attempt 1/2)
[2026-07-27 23:08:26] WARNING |   Nav error: Page.goto: net::ERR_HTTP2_PROTOCOL_ERROR at https://www.justdial.com/All-Cities/Sant+Parmanand+Hospital-Hospital/nct-11109123
Call log:
  - navigating to "https://www.justdial.com/All-Cities/Sant+Parmanand+Hospital-Hospital/nct-11109123", waiting until "domcontentloaded"
 (attempt 2/2)
[2026-07-27 23:08:26] INFO | Phase 2 [105/343]: Doctor s OPD Clinic
[2026-07-27 23:08:35] WARNING |   Nav error: Page.goto: net::ERR_HTTP2_PROTOCOL_ERROR at https://www.justdial.com/All-Cities/Doctor+s+OPD+Clinic-Hospital/nct-11109123
Call log:
  - navigating to "https://www.justdial.com/All-Cities/Doctor+s+OPD+Clinic-Hospital/nct-11109123", waiting until "domcontentloaded"
 (attempt 1/2)
[2026-07-27 23:08:37] WARNING |   Nav error: Page.goto: net::ERR_HTTP2_PROTOCOL_ERROR at https://www.justdial.com/All-Cities/Doctor+s+OPD+Clinic-Hospital/nct-11109123
Call log:
  - navigating to "https://www.justdial.com/All-Cities/Doctor+s+OPD+Clinic-Hospital/nct-11109123", waiting until "domcontentloaded"
 (attempt 2/2)
[2026-07-27 23:08:38] INFO | Phase 2 [106/343]: Satyamax Hospital
[2026-07-27 23:08:46] WARNING |   Nav error: Page.goto: net::ERR_HTTP2_PROTOCOL_ERROR at https://www.justdial.com/All-Cities/Satyamax+Hospital-Hospital/nct-11109123
Call log:
  - navigating to "https://www.justdial.com/All-Cities/Satyamax+Hospital-Hospital/nct-11109123", waiting until "domcontentloaded"
 (attempt 1/2)
[2026-07-27 23:08:49] WARNING |   Nav error: Page.goto: net::ERR_HTTP2_PROTOCOL_ERROR at https://www.justdial.com/All-Cities/Satyamax+Hospital-Hospital/nct-11109123
Call log:
  - navigating to "https://www.justdial.com/All-Cities/Satyamax+Hospital-Hospital/nct-11109123", waiting until "domcontentloaded"
 (attempt 2/2)
[2026-07-27 23:08:50] INFO | Phase 2 [107/343]: MATERNITY HOME YAMUNA VIHAR
[2026-07-27 23:08:59] WARNING |   Nav error: Page.goto: net::ERR_HTTP2_PROTOCOL_ERROR at https://www.justdial.com/All-Cities/MATERNITY+HOME+YAMUNA+VIHAR-Hospital/nct-11109123
Call log:
  - navigating to "https://www.justdial.com/All-Cities/MATERNITY+HOME+YAMUNA+VIHAR-Hospital/nct-11109123", waiting until "domcontentloaded"
 (attempt 1/2)
[2026-07-27 23:09:01] WARNING |   Nav error: Page.goto: net::ERR_HTTP2_PROTOCOL_ERROR at https://www.justdial.com/All-Cities/MATERNITY+HOME+YAMUNA+VIHAR-Hospital/nct-11109123
Call log:
  - navigating to "https://www.justdial.com/All-Cities/MATERNITY+HOME+YAMUNA+VIHAR-Hospital/nct-11109123", waiting until "domcontentloaded"
 (attempt 2/2)
[2026-07-27 23:09:02] INFO | Phase 2 [108/343]: Amrita Daignostic Center
[2026-07-27 23:09:11] WARNING |   Nav error: Page.goto: net::ERR_HTTP2_PROTOCOL_ERROR at https://www.justdial.com/All-Cities/Amrita+Daignostic+Center-Hospital/nct-11109123
Call log:
  - navigating to "https://www.justdial.com/All-Cities/Amrita+Daignostic+Center-Hospital/nct-11109123", waiting until "domcontentloaded"
 (attempt 1/2)
[2026-07-27 23:09:14] WARNING |   Nav error: Page.goto: net::ERR_HTTP2_PROTOCOL_ERROR at https://www.justdial.com/All-Cities/Amrita+Daignostic+Center-Hospital/nct-11109123
Call log:
  - navigating to "https://www.justdial.com/All-Cities/Amrita+Daignostic+Center-Hospital/nct-11109123", waiting until "domcontentloaded"
 (attempt 2/2)
[2026-07-27 23:09:15] INFO | Phase 2 [109/343]: JP Hospital
[2026-07-27 23:09:25] WARNING |   Nav error: Page.goto: net::ERR_HTTP2_PROTOCOL_ERROR at https://www.justdial.com/All-Cities/JP+Hospital-Hospital/nct-11109123
Call log:
  - navigating to "https://www.justdial.com/All-Cities/JP+Hospital-Hospital/nct-11109123", waiting until "domcontentloaded"
 (attempt 1/2)
[2026-07-27 23:09:27] WARNING |   Nav error: Page.goto: net::ERR_HTTP2_PROTOCOL_ERROR at https://www.justdial.com/All-Cities/JP+Hospital-Hospital/nct-11109123
Call log:
  - navigating to "https://www.justdial.com/All-Cities/JP+Hospital-Hospital/nct-11109123", waiting until "domcontentloaded"
 (attempt 2/2)
[2026-07-27 23:09:28] INFO | Phase 2 [110/343]: Vasist Hospital
[2026-07-27 23:09:38] WARNING |   Nav error: Page.goto: net::ERR_HTTP2_PROTOCOL_ERROR at https://www.justdial.com/All-Cities/Vasist+Hospital-Hospital/nct-11109123
Call log:
  - navigating to "https://www.justdial.com/All-Cities/Vasist+Hospital-Hospital/nct-11109123", waiting until "domcontentloaded"
 (attempt 1/2)
[2026-07-27 23:09:40] WARNING |   Nav error: Page.goto: net::ERR_HTTP2_PROTOCOL_ERROR at https://www.justdial.com/All-Cities/Vasist+Hospital-Hospital/nct-11109123
Call log:
  - navigating to "https://www.justdial.com/All-Cities/Vasist+Hospital-Hospital/nct-11109123", waiting until "domcontentloaded"
 (attempt 2/2)
[2026-07-27 23:09:41] INFO | Phase 2 [111/343]: DR AGGARWAL S WELLNESS MULTISPECIALITY HOSPITAL
[2026-07-27 23:09:50] WARNING |   Nav error: Page.goto: net::ERR_HTTP2_PROTOCOL_ERROR at https://www.justdial.com/All-Cities/DR+AGGARWAL+S+WELLNESS+MULTISPECIALITY+HOSPITAL-Hospital/nct-11109123
Call log:
  - navigating to "https://www.justdial.com/All-Cities/DR+AGGARWAL+S+WELLNESS+MULTISPECIALITY+HOSPITAL-Hospital/nct-11109123", waiting until "domcontentloaded"
 (attempt 1/2)
[2026-07-27 23:09:52] WARNING |   Nav error: Page.goto: net::ERR_HTTP2_PROTOCOL_ERROR at https://www.justdial.com/All-Cities/DR+AGGARWAL+S+WELLNESS+MULTISPECIALITY+HOSPITAL-Hospital/nct-11109123
Call log:
  - navigating to "https://www.justdial.com/All-Cities/DR+AGGARWAL+S+WELLNESS+MULTISPECIALITY+HOSPITAL-Hospital/nct-11109123", waiting until "domcontentloaded"
 (attempt 2/2)
[2026-07-27 23:09:53] INFO | Phase 2 [112/343]: Jai Maa Tara Hospital
[2026-07-27 23:10:03] WARNING |   Nav error: Page.goto: net::ERR_HTTP2_PROTOCOL_ERROR at https://www.justdial.com/All-Cities/Jai+Maa+Tara+Hospital-Hospital/nct-11109123
Call log:
  - navigating to "https://www.justdial.com/All-Cities/Jai+Maa+Tara+Hospital-Hospital/nct-11109123", waiting until "domcontentloaded"
 (attempt 1/2)
[2026-07-27 23:10:05] WARNING |   Nav error: Page.goto: net::ERR_HTTP2_PROTOCOL_ERROR at https://www.justdial.com/All-Cities/Jai+Maa+Tara+Hospital-Hospital/nct-11109123
Call log:
  - navigating to "https://www.justdial.com/All-Cities/Jai+Maa+Tara+Hospital-Hospital/nct-11109123", waiting until "domcontentloaded"
 (attempt 2/2)
[2026-07-27 23:10:06] INFO | Phase 2 [113/343]: Ashok Nursing Home & Multi Speciality Hospital
[2026-07-27 23:10:17] WARNING |   Nav error: Page.goto: net::ERR_HTTP2_PROTOCOL_ERROR at https://www.justdial.com/All-Cities/Ashok+Nursing+Home+%26+Multi+Speciality+Hospital-Hospital/nct-11109123
Call log:
  - navigating to "https://www.justdial.com/All-Cities/Ashok+Nursing+Home+%26+Multi+Speciality+Hospital-Hospital/nct-11109123", waiting until "domcontentloaded"
 (attempt 1/2)
[2026-07-27 23:10:19] WARNING |   Nav error: Page.goto: net::ERR_HTTP2_PROTOCOL_ERROR at https://www.justdial.com/All-Cities/Ashok+Nursing+Home+%26+Multi+Speciality+Hospital-Hospital/nct-11109123
Call log:
  - navigating to "https://www.justdial.com/All-Cities/Ashok+Nursing+Home+%26+Multi+Speciality+Hospital-Hospital/nct-11109123", waiting until "domcontentloaded"
 (attempt 2/2)
[2026-07-27 23:10:20] INFO | Phase 2 [114/343]: MBG HOSPITAL
[2026-07-27 23:10:30] WARNING |   Nav error: Page.goto: net::ERR_HTTP2_PROTOCOL_ERROR at https://www.justdial.com/All-Cities/MBG+HOSPITAL-Hospital/nct-11109123
Call log:
  - navigating to "https://www.justdial.com/All-Cities/MBG+HOSPITAL-Hospital/nct-11109123", waiting until "domcontentloaded"
 (attempt 1/2)
[2026-07-27 23:10:33] WARNING |   Nav error: Page.goto: net::ERR_HTTP2_PROTOCOL_ERROR at https://www.justdial.com/All-Cities/MBG+HOSPITAL-Hospital/nct-11109123
Call log:
  - navigating to "https://www.justdial.com/All-Cities/MBG+HOSPITAL-Hospital/nct-11109123", waiting until "domcontentloaded"
 (attempt 2/2)
[2026-07-27 23:10:34] INFO | Phase 2 [115/343]: Arise Health Services
[2026-07-27 23:10:45] WARNING |   Nav error: Page.goto: net::ERR_HTTP2_PROTOCOL_ERROR at https://www.justdial.com/All-Cities/Arise+Health+Services-Hospital/nct-11109123
Call log:
  - navigating to "https://www.justdial.com/All-Cities/Arise+Health+Services-Hospital/nct-11109123", waiting until "domcontentloaded"
 (attempt 1/2)
[2026-07-27 23:10:47] WARNING |   Nav error: Page.goto: net::ERR_HTTP2_PROTOCOL_ERROR at https://www.justdial.com/All-Cities/Arise+Health+Services-Hospital/nct-11109123
Call log:
  - navigating to "https://www.justdial.com/All-Cities/Arise+Health+Services-Hospital/nct-11109123", waiting until "domcontentloaded"
 (attempt 2/2)
[2026-07-27 23:10:48] INFO | Phase 2 [116/343]: Kiran Memorial Hospital
[2026-07-27 23:10:57] WARNING |   Nav error: Page.goto: net::ERR_HTTP2_PROTOCOL_ERROR at https://www.justdial.com/All-Cities/Kiran+Memorial+Hospital-Hospital/nct-11109123
Call log:
  - navigating to "https://www.justdial.com/All-Cities/Kiran+Memorial+Hospital-Hospital/nct-11109123", waiting until "domcontentloaded"
 (attempt 1/2)
[2026-07-27 23:11:00] WARNING |   Nav error: Page.goto: net::ERR_HTTP2_PROTOCOL_ERROR at https://www.justdial.com/All-Cities/Kiran+Memorial+Hospital-Hospital/nct-11109123
Call log:
  - navigating to "https://www.justdial.com/All-Cities/Kiran+Memorial+Hospital-Hospital/nct-11109123", waiting until "domcontentloaded"
 (attempt 2/2)
[2026-07-27 23:11:01] INFO | Phase 2 [117/343]: Tulsi Multispeciality Hospital
[2026-07-27 23:11:10] WARNING |   Nav error: Page.goto: net::ERR_HTTP2_PROTOCOL_ERROR at https://www.justdial.com/All-Cities/Tulsi+Multispeciality+Hospital-Hospital/nct-11109123
Call log:
  - navigating to "https://www.justdial.com/All-Cities/Tulsi+Multispeciality+Hospital-Hospital/nct-11109123", waiting until "domcontentloaded"
 (attempt 1/2)
[2026-07-27 23:11:13] WARNING |   Nav error: Page.goto: net::ERR_HTTP2_PROTOCOL_ERROR at https://www.justdial.com/All-Cities/Tulsi+Multispeciality+Hospital-Hospital/nct-11109123
Call log:
  - navigating to "https://www.justdial.com/All-Cities/Tulsi+Multispeciality+Hospital-Hospital/nct-11109123", waiting until "domcontentloaded"
 (attempt 2/2)
[2026-07-27 23:11:14] INFO | Phase 2 [118/343]: National Center of Ageing AIIMS NEW DELHI
[2026-07-27 23:11:23] WARNING |   Nav error: Page.goto: net::ERR_HTTP2_PROTOCOL_ERROR at https://www.justdial.com/All-Cities/National+Center+of+Ageing+AIIMS+NEW+DELHI-Hospital/nct-11109123
Call log:
  - navigating to "https://www.justdial.com/All-Cities/National+Center+of+Ageing+AIIMS+NEW+DELHI-Hospital/nct-11109123", waiting until "domcontentloaded"
 (attempt 1/2)
[2026-07-27 23:11:25] WARNING |   Nav error: Page.goto: net::ERR_HTTP2_PROTOCOL_ERROR at https://www.justdial.com/All-Cities/National+Center+of+Ageing+AIIMS+NEW+DELHI-Hospital/nct-11109123
Call log:
  - navigating to "https://www.justdial.com/All-Cities/National+Center+of+Ageing+AIIMS+NEW+DELHI-Hospital/nct-11109123", waiting until "domcontentloaded"
 (attempt 2/2)
[2026-07-27 23:11:26] INFO | Phase 2 [119/343]: Ambedkar Nagar Hospital
[2026-07-27 23:11:35] WARNING |   Nav error: Page.goto: net::ERR_HTTP2_PROTOCOL_ERROR at https://www.justdial.com/All-Cities/Ambedkar+Nagar+Hospital-Hospital/nct-11109123
Call log:
  - navigating to "https://www.justdial.com/All-Cities/Ambedkar+Nagar+Hospital-Hospital/nct-11109123", waiting until "domcontentloaded"
 (attempt 1/2)
[2026-07-27 23:11:37] WARNING |   Nav error: Page.goto: net::ERR_HTTP2_PROTOCOL_ERROR at https://www.justdial.com/All-Cities/Ambedkar+Nagar+Hospital-Hospital/nct-11109123
Call log:
  - navigating to "https://www.justdial.com/All-Cities/Ambedkar+Nagar+Hospital-Hospital/nct-11109123", waiting until "domcontentloaded"
 (attempt 2/2)
[2026-07-27 23:11:39] INFO | Phase 2 [120/343]: Bharti Eye Hospital - Lasik Eye Surgery Hospital in Delhi NCR India
[2026-07-27 23:11:48] WARNING |   Nav error: Page.goto: net::ERR_HTTP2_PROTOCOL_ERROR at https://www.justdial.com/All-Cities/Bharti+Eye+Hospital+-+Lasik+Eye+Surgery+Hospital+in+Delhi+NCR+India-Hospital/nct-11109123
Call log:
  - navigating to "https://www.justdial.com/All-Cities/Bharti+Eye+Hospital+-+Lasik+Eye+Surgery+Hospital+in+Delhi+NCR+India-Hospital/nct-11109123", waiting until "domcontentloaded"
 (attempt 1/2)
[2026-07-27 23:11:50] WARNING |   Nav error: Page.goto: net::ERR_HTTP2_PROTOCOL_ERROR at https://www.justdial.com/All-Cities/Bharti+Eye+Hospital+-+Lasik+Eye+Surgery+Hospital+in+Delhi+NCR+India-Hospital/nct-11109123
Call log:
  - navigating to "https://www.justdial.com/All-Cities/Bharti+Eye+Hospital+-+Lasik+Eye+Surgery+Hospital+in+Delhi+NCR+India-Hospital/nct-11109123", waiting until "domcontentloaded"
 (attempt 2/2)
[2026-07-27 23:11:52] INFO | Phase 2 [121/343]: Daffodils By Artemis Hospitals
[2026-07-27 23:12:01] WARNING |   Nav error: Page.goto: net::ERR_HTTP2_PROTOCOL_ERROR at https://www.justdial.com/All-Cities/Daffodils+By+Artemis+Hospitals-Hospital/nct-11109123
Call log:
  - navigating to "https://www.justdial.com/All-Cities/Daffodils+By+Artemis+Hospitals-Hospital/nct-11109123", waiting until "domcontentloaded"
 (attempt 1/2)
[2026-07-27 23:12:04] WARNING |   Nav error: Page.goto: net::ERR_HTTP2_PROTOCOL_ERROR at https://www.justdial.com/All-Cities/Daffodils+By+Artemis+Hospitals-Hospital/nct-11109123
Call log:
  - navigating to "https://www.justdial.com/All-Cities/Daffodils+By+Artemis+Hospitals-Hospital/nct-11109123", waiting until "domcontentloaded"
 (attempt 2/2)
[2026-07-27 23:12:05] INFO | Phase 2 [122/343]: Apollo Spectra Hospitals
[2026-07-27 23:12:15] WARNING |   Nav error: Page.goto: net::ERR_HTTP2_PROTOCOL_ERROR at https://www.justdial.com/All-Cities/Apollo+Spectra+Hospitals-Hospital/nct-11109123
Call log:
  - navigating to "https://www.justdial.com/All-Cities/Apollo+Spectra+Hospitals-Hospital/nct-11109123", waiting until "domcontentloaded"
 (attempt 1/2)
[2026-07-27 23:12:17] WARNING |   Nav error: Page.goto: net::ERR_HTTP2_PROTOCOL_ERROR at https://www.justdial.com/All-Cities/Apollo+Spectra+Hospitals-Hospital/nct-11109123
Call log:
  - navigating to "https://www.justdial.com/All-Cities/Apollo+Spectra+Hospitals-Hospital/nct-11109123", waiting until "domcontentloaded"
 (attempt 2/2)
[2026-07-27 23:12:18] INFO | Phase 2 [123/343]: Netrayatan Hospital
[2026-07-27 23:12:28] WARNING |   Nav error: Page.goto: net::ERR_HTTP2_PROTOCOL_ERROR at https://www.justdial.com/All-Cities/Netrayatan+Hospital-Hospital/nct-11109123
Call log:
  - navigating to "https://www.justdial.com/All-Cities/Netrayatan+Hospital-Hospital/nct-11109123", waiting until "domcontentloaded"
 (attempt 1/2)
[2026-07-27 23:12:30] WARNING |   Nav error: Page.goto: net::ERR_HTTP2_PROTOCOL_ERROR at https://www.justdial.com/All-Cities/Netrayatan+Hospital-Hospital/nct-11109123
Call log:
  - navigating to "https://www.justdial.com/All-Cities/Netrayatan+Hospital-Hospital/nct-11109123", waiting until "domcontentloaded"
 (attempt 2/2)
[2026-07-27 23:12:31] INFO | Phase 2 [124/343]: Greater Kelash Part 1
[2026-07-27 23:12:40] WARNING |   Nav error: Page.goto: net::ERR_HTTP2_PROTOCOL_ERROR at https://www.justdial.com/All-Cities/Greater+Kelash+Part+1-Hospital/nct-11109123
Call log:
  - navigating to "https://www.justdial.com/All-Cities/Greater+Kelash+Part+1-Hospital/nct-11109123", waiting until "domcontentloaded"
 (attempt 1/2)
[2026-07-27 23:12:42] WARNING |   Nav error: Page.goto: net::ERR_HTTP2_PROTOCOL_ERROR at https://www.justdial.com/All-Cities/Greater+Kelash+Part+1-Hospital/nct-11109123
Call log:
  - navigating to "https://www.justdial.com/All-Cities/Greater+Kelash+Part+1-Hospital/nct-11109123", waiting until "domcontentloaded"
 (attempt 2/2)
[2026-07-27 23:12:43] INFO | Phase 2 [125/343]: Fortis La Femme
[2026-07-27 23:12:53] WARNING |   Nav error: Page.goto: net::ERR_HTTP2_PROTOCOL_ERROR at https://www.justdial.com/All-Cities/Fortis+La+Femme-Hospital/nct-11109123
Call log:
  - navigating to "https://www.justdial.com/All-Cities/Fortis+La+Femme-Hospital/nct-11109123", waiting until "domcontentloaded"
 (attempt 1/2)
[2026-07-27 23:12:55] WARNING |   Nav error: Page.goto: net::ERR_HTTP2_PROTOCOL_ERROR at https://www.justdial.com/All-Cities/Fortis+La+Femme-Hospital/nct-11109123
Call log:
  - navigating to "https://www.justdial.com/All-Cities/Fortis+La+Femme-Hospital/nct-11109123", waiting until "domcontentloaded"
 (attempt 2/2)
[2026-07-27 23:12:56] INFO | Phase 2 [126/343]: Janki Max Hospital
[2026-07-27 23:13:06] WARNING |   Nav error: Page.goto: net::ERR_HTTP2_PROTOCOL_ERROR at https://www.justdial.com/All-Cities/Janki+Max+Hospital-Hospital/nct-11109123
Call log:
  - navigating to "https://www.justdial.com/All-Cities/Janki+Max+Hospital-Hospital/nct-11109123", waiting until "domcontentloaded"
 (attempt 1/2)
[2026-07-27 23:13:08] WARNING |   Nav error: Page.goto: net::ERR_HTTP2_PROTOCOL_ERROR at https://www.justdial.com/All-Cities/Janki+Max+Hospital-Hospital/nct-11109123
Call log:
  - navigating to "https://www.justdial.com/All-Cities/Janki+Max+Hospital-Hospital/nct-11109123", waiting until "domcontentloaded"
 (attempt 2/2)
[2026-07-27 23:13:09] INFO | Phase 2 [127/343]: MAA FERTILITY CENTRE
[2026-07-27 23:13:19] WARNING |   Nav error: Page.goto: net::ERR_HTTP2_PROTOCOL_ERROR at https://www.justdial.com/All-Cities/MAA+FERTILITY+CENTRE-Hospital/nct-11109123
Call log:
  - navigating to "https://www.justdial.com/All-Cities/MAA+FERTILITY+CENTRE-Hospital/nct-11109123", waiting until "domcontentloaded"
 (attempt 1/2)
[2026-07-27 23:13:21] WARNING |   Nav error: Page.goto: net::ERR_HTTP2_PROTOCOL_ERROR at https://www.justdial.com/All-Cities/MAA+FERTILITY+CENTRE-Hospital/nct-11109123
Call log:
  - navigating to "https://www.justdial.com/All-Cities/MAA+FERTILITY+CENTRE-Hospital/nct-11109123", waiting until "domcontentloaded"
 (attempt 2/2)
[2026-07-27 23:13:22] INFO | Phase 2 [128/343]: J K Hospital
[2026-07-27 23:13:32] WARNING |   Nav error: Page.goto: net::ERR_HTTP2_PROTOCOL_ERROR at https://www.justdial.com/All-Cities/J+K+Hospital-Hospital/nct-11109123
Call log:
  - navigating to "https://www.justdial.com/All-Cities/J+K+Hospital-Hospital/nct-11109123", waiting until "domcontentloaded"
 (attempt 1/2)
[2026-07-27 23:13:35] WARNING |   Nav error: Page.goto: net::ERR_HTTP2_PROTOCOL_ERROR at https://www.justdial.com/All-Cities/J+K+Hospital-Hospital/nct-11109123
Call log:
  - navigating to "https://www.justdial.com/All-Cities/J+K+Hospital-Hospital/nct-11109123", waiting until "domcontentloaded"
 (attempt 2/2)
[2026-07-27 23:13:36] INFO | Phase 2 [129/343]: JMS Batra medical center
[2026-07-27 23:13:46] WARNING |   Nav error: Page.goto: net::ERR_HTTP2_PROTOCOL_ERROR at https://www.justdial.com/All-Cities/JMS+Batra+medical+center-Hospital/nct-11109123
Call log:
  - navigating to "https://www.justdial.com/All-Cities/JMS+Batra+medical+center-Hospital/nct-11109123", waiting until "domcontentloaded"
 (attempt 1/2)
[2026-07-27 23:13:49] WARNING |   Nav error: Page.goto: net::ERR_HTTP2_PROTOCOL_ERROR at https://www.justdial.com/All-Cities/JMS+Batra+medical+center-Hospital/nct-11109123
Call log:
  - navigating to "https://www.justdial.com/All-Cities/JMS+Batra+medical+center-Hospital/nct-11109123", waiting until "domcontentloaded"
 (attempt 2/2)
[2026-07-27 23:13:50] INFO | Phase 2 [130/343]: Orchid Hospital Maternity and Heart Centre
[2026-07-27 23:14:00] WARNING |   Nav error: Page.goto: net::ERR_HTTP2_PROTOCOL_ERROR at https://www.justdial.com/All-Cities/Orchid+Hospital+Maternity+and+Heart+Centre-Hospital/nct-11109123
Call log:
  - navigating to "https://www.justdial.com/All-Cities/Orchid+Hospital+Maternity+and+Heart+Centre-Hospital/nct-11109123", waiting until "domcontentloaded"
 (attempt 1/2)
[2026-07-27 23:14:02] WARNING |   Nav error: Page.goto: net::ERR_HTTP2_PROTOCOL_ERROR at https://www.justdial.com/All-Cities/Orchid+Hospital+Maternity+and+Heart+Centre-Hospital/nct-11109123
Call log:
  - navigating to "https://www.justdial.com/All-Cities/Orchid+Hospital+Maternity+and+Heart+Centre-Hospital/nct-11109123", waiting until "domcontentloaded"
 (attempt 2/2)
[2026-07-27 23:14:03] INFO | Phase 2 [131/343]: Kesar nursing home
[2026-07-27 23:14:13] WARNING |   Nav error: Page.goto: net::ERR_HTTP2_PROTOCOL_ERROR at https://www.justdial.com/All-Cities/Kesar+nursing+home-Hospital/nct-11109123
Call log:
  - navigating to "https://www.justdial.com/All-Cities/Kesar+nursing+home-Hospital/nct-11109123", waiting until "domcontentloaded"
 (attempt 1/2)
[2026-07-27 23:14:16] WARNING |   Nav error: Page.goto: net::ERR_HTTP2_PROTOCOL_ERROR at https://www.justdial.com/All-Cities/Kesar+nursing+home-Hospital/nct-11109123
Call log:
  - navigating to "https://www.justdial.com/All-Cities/Kesar+nursing+home-Hospital/nct-11109123", waiting until "domcontentloaded"
 (attempt 2/2)
[2026-07-27 23:14:16] INFO | Phase 2 [132/343]: Ardent hospital
[2026-07-27 23:14:26] WARNING |   Nav error: Page.goto: net::ERR_HTTP2_PROTOCOL_ERROR at https://www.justdial.com/All-Cities/Ardent+hospital-Hospital/nct-11109123
Call log:
  - navigating to "https://www.justdial.com/All-Cities/Ardent+hospital-Hospital/nct-11109123", waiting until "domcontentloaded"
 (attempt 1/2)
[2026-07-27 23:14:28] WARNING |   Nav error: Page.goto: net::ERR_HTTP2_PROTOCOL_ERROR at https://www.justdial.com/All-Cities/Ardent+hospital-Hospital/nct-11109123
Call log:
  - navigating to "https://www.justdial.com/All-Cities/Ardent+hospital-Hospital/nct-11109123", waiting until "domcontentloaded"
 (attempt 2/2)
[2026-07-27 23:14:29] INFO | Phase 2 [133/343]: Ansari Hospital
[2026-07-27 23:14:38] WARNING |   Nav error: Page.goto: net::ERR_HTTP2_PROTOCOL_ERROR at https://www.justdial.com/All-Cities/Ansari+Hospital-Hospital/nct-11109123
Call log:
  - navigating to "https://www.justdial.com/All-Cities/Ansari+Hospital-Hospital/nct-11109123", waiting until "domcontentloaded"
 (attempt 1/2)
[2026-07-27 23:14:41] WARNING |   Nav error: Page.goto: net::ERR_HTTP2_PROTOCOL_ERROR at https://www.justdial.com/All-Cities/Ansari+Hospital-Hospital/nct-11109123
Call log:
  - navigating to "https://www.justdial.com/All-Cities/Ansari+Hospital-Hospital/nct-11109123", waiting until "domcontentloaded"
 (attempt 2/2)
[2026-07-27 23:14:42] INFO | Phase 2 [134/343]: Manipal Hospital Dwarka
[2026-07-27 23:14:51] WARNING |   Nav error: Page.goto: net::ERR_HTTP2_PROTOCOL_ERROR at https://www.justdial.com/All-Cities/Manipal+Hospital+Dwarka-Hospital/nct-11109123
Call log:
  - navigating to "https://www.justdial.com/All-Cities/Manipal+Hospital+Dwarka-Hospital/nct-11109123", waiting until "domcontentloaded"
 (attempt 1/2)
[2026-07-27 23:14:54] WARNING |   Nav error: Page.goto: net::ERR_HTTP2_PROTOCOL_ERROR at https://www.justdial.com/All-Cities/Manipal+Hospital+Dwarka-Hospital/nct-11109123
Call log:
  - navigating to "https://www.justdial.com/All-Cities/Manipal+Hospital+Dwarka-Hospital/nct-11109123", waiting until "domcontentloaded"
 (attempt 2/2)
[2026-07-27 23:14:55] INFO | Phase 2 [135/343]: KMC HEALTHCARE Multispecialty Hospital
[2026-07-27 23:15:05] WARNING |   Nav error: Page.goto: net::ERR_HTTP2_PROTOCOL_ERROR at https://www.justdial.com/All-Cities/KMC+HEALTHCARE+Multispecialty+Hospital-Hospital/nct-11109123
Call log:
  - navigating to "https://www.justdial.com/All-Cities/KMC+HEALTHCARE+Multispecialty+Hospital-Hospital/nct-11109123", waiting until "domcontentloaded"
 (attempt 1/2)
[2026-07-27 23:15:08] WARNING |   Nav error: Page.goto: net::ERR_HTTP2_PROTOCOL_ERROR at https://www.justdial.com/All-Cities/KMC+HEALTHCARE+Multispecialty+Hospital-Hospital/nct-11109123
Call log:
  - navigating to "https://www.justdial.com/All-Cities/KMC+HEALTHCARE+Multispecialty+Hospital-Hospital/nct-11109123", waiting until "domcontentloaded"
 (attempt 2/2)
[2026-07-27 23:15:09] INFO | Phase 2 [136/343]: Health Line
[2026-07-27 23:15:18] WARNING |   Nav error: Page.goto: net::ERR_HTTP2_PROTOCOL_ERROR at https://www.justdial.com/All-Cities/Health+Line-Hospital/nct-11109123
Call log:
  - navigating to "https://www.justdial.com/All-Cities/Health+Line-Hospital/nct-11109123", waiting until "domcontentloaded"
 (attempt 1/2)
[2026-07-27 23:15:20] WARNING |   Nav error: Page.goto: net::ERR_HTTP2_PROTOCOL_ERROR at https://www.justdial.com/All-Cities/Health+Line-Hospital/nct-11109123
Call log:
  - navigating to "https://www.justdial.com/All-Cities/Health+Line-Hospital/nct-11109123", waiting until "domcontentloaded"
 (attempt 2/2)
[2026-07-27 23:15:22] INFO | Phase 2 [137/343]: Angel Agastya Multi Speciality Hospital
[2026-07-27 23:15:31] WARNING |   Nav error: Page.goto: net::ERR_HTTP2_PROTOCOL_ERROR at https://www.justdial.com/All-Cities/Angel+Agastya+Multi+Speciality+Hospital-Hospital/nct-11109123
Call log:
  - navigating to "https://www.justdial.com/All-Cities/Angel+Agastya+Multi+Speciality+Hospital-Hospital/nct-11109123", waiting until "domcontentloaded"
 (attempt 1/2)
[2026-07-27 23:15:34] WARNING |   Nav error: Page.goto: net::ERR_HTTP2_PROTOCOL_ERROR at https://www.justdial.com/All-Cities/Angel+Agastya+Multi+Speciality+Hospital-Hospital/nct-11109123
Call log:
  - navigating to "https://www.justdial.com/All-Cities/Angel+Agastya+Multi+Speciality+Hospital-Hospital/nct-11109123", waiting until "domcontentloaded"
 (attempt 2/2)
[2026-07-27 23:15:35] INFO | Phase 2 [138/343]: Jasscare Hospital
[2026-07-27 23:15:44] WARNING |   Nav error: Page.goto: net::ERR_HTTP2_PROTOCOL_ERROR at https://www.justdial.com/All-Cities/Jasscare+Hospital-Hospital/nct-11109123
Call log:
  - navigating to "https://www.justdial.com/All-Cities/Jasscare+Hospital-Hospital/nct-11109123", waiting until "domcontentloaded"
 (attempt 1/2)
[2026-07-27 23:15:46] WARNING |   Nav error: Page.goto: net::ERR_HTTP2_PROTOCOL_ERROR at https://www.justdial.com/All-Cities/Jasscare+Hospital-Hospital/nct-11109123
Call log:
  - navigating to "https://www.justdial.com/All-Cities/Jasscare+Hospital-Hospital/nct-11109123", waiting until "domcontentloaded"
 (attempt 2/2)
[2026-07-27 23:15:47] INFO | Phase 2 [139/343]: Medstar Hospital - Om Enclave Faridabad
[2026-07-27 23:15:57] WARNING |   Nav error: Page.goto: net::ERR_HTTP2_PROTOCOL_ERROR at https://www.justdial.com/All-Cities/Medstar+Hospital+-+Om+Enclave+Faridabad-Hospital/nct-11109123
Call log:
  - navigating to "https://www.justdial.com/All-Cities/Medstar+Hospital+-+Om+Enclave+Faridabad-Hospital/nct-11109123", waiting until "domcontentloaded"
 (attempt 1/2)
[2026-07-27 23:16:00] WARNING |   Nav error: Page.goto: net::ERR_HTTP2_PROTOCOL_ERROR at https://www.justdial.com/All-Cities/Medstar+Hospital+-+Om+Enclave+Faridabad-Hospital/nct-11109123
Call log:
  - navigating to "https://www.justdial.com/All-Cities/Medstar+Hospital+-+Om+Enclave+Faridabad-Hospital/nct-11109123", waiting until "domcontentloaded"
 (attempt 2/2)
[2026-07-27 23:16:01] INFO | Phase 2 [140/343]: Supreme Hospital
[2026-07-27 23:16:51] WARNING |   Nav error: Page.goto: net::ERR_HTTP2_PROTOCOL_ERROR at https://www.justdial.com/All-Cities/Supreme+Hospital-Hospital/nct-11109123
Call log:
  - navigating to "https://www.justdial.com/All-Cities/Supreme+Hospital-Hospital/nct-11109123", waiting until "domcontentloaded"
 (attempt 1/2)
[2026-07-27 23:16:53] WARNING |   Nav error: Page.goto: net::ERR_HTTP2_PROTOCOL_ERROR at https://www.justdial.com/All-Cities/Supreme+Hospital-Hospital/nct-11109123
Call log:
  - navigating to "https://www.justdial.com/All-Cities/Supreme+Hospital-Hospital/nct-11109123", waiting until "domcontentloaded"
 (attempt 2/2)
[2026-07-27 23:16:54] INFO | Phase 2 [141/343]: Sidhi Health Care
[2026-07-27 23:17:05] WARNING |   Nav error: Page.goto: net::ERR_HTTP2_PROTOCOL_ERROR at https://www.justdial.com/All-Cities/Sidhi+Health+Care-Hospital/nct-11109123
Call log:
  - navigating to "https://www.justdial.com/All-Cities/Sidhi+Health+Care-Hospital/nct-11109123", waiting until "domcontentloaded"
 (attempt 1/2)
[2026-07-27 23:17:07] WARNING |   Nav error: Page.goto: net::ERR_HTTP2_PROTOCOL_ERROR at https://www.justdial.com/All-Cities/Sidhi+Health+Care-Hospital/nct-11109123
Call log:
  - navigating to "https://www.justdial.com/All-Cities/Sidhi+Health+Care-Hospital/nct-11109123", waiting until "domcontentloaded"
 (attempt 2/2)
[2026-07-27 23:17:08] INFO | Phase 2 [142/343]: Diaspora Medical Center
[2026-07-27 23:17:18] WARNING |   Nav error: Page.goto: net::ERR_HTTP2_PROTOCOL_ERROR at https://www.justdial.com/All-Cities/Diaspora+Medical+Center-Hospital/nct-11109123
Call log:
  - navigating to "https://www.justdial.com/All-Cities/Diaspora+Medical+Center-Hospital/nct-11109123", waiting until "domcontentloaded"
 (attempt 1/2)
[2026-07-27 23:17:20] WARNING |   Nav error: Page.goto: net::ERR_HTTP2_PROTOCOL_ERROR at https://www.justdial.com/All-Cities/Diaspora+Medical+Center-Hospital/nct-11109123
Call log:
  - navigating to "https://www.justdial.com/All-Cities/Diaspora+Medical+Center-Hospital/nct-11109123", waiting until "domcontentloaded"
 (attempt 2/2)
[2026-07-27 23:17:21] INFO | Phase 2 [143/343]: BTPS Hospital
[2026-07-27 23:17:30] WARNING |   Nav error: Page.goto: net::ERR_HTTP2_PROTOCOL_ERROR at https://www.justdial.com/All-Cities/BTPS+Hospital-Hospital/nct-11109123
Call log:
  - navigating to "https://www.justdial.com/All-Cities/BTPS+Hospital-Hospital/nct-11109123", waiting until "domcontentloaded"
 (attempt 1/2)
[2026-07-27 23:17:33] WARNING |   Nav error: Page.goto: net::ERR_HTTP2_PROTOCOL_ERROR at https://www.justdial.com/All-Cities/BTPS+Hospital-Hospital/nct-11109123
Call log:
  - navigating to "https://www.justdial.com/All-Cities/BTPS+Hospital-Hospital/nct-11109123", waiting until "domcontentloaded"
 (attempt 2/2)
[2026-07-27 23:17:34] INFO | Phase 2 [144/343]: Life Line Hospital
[2026-07-27 23:17:43] WARNING |   Nav error: Page.goto: net::ERR_HTTP2_PROTOCOL_ERROR at https://www.justdial.com/All-Cities/Life+Line+Hospital-Hospital/nct-11109123
Call log:
  - navigating to "https://www.justdial.com/All-Cities/Life+Line+Hospital-Hospital/nct-11109123", waiting until "domcontentloaded"
 (attempt 1/2)
[2026-07-27 23:17:46] WARNING |   Nav error: Page.goto: net::ERR_HTTP2_PROTOCOL_ERROR at https://www.justdial.com/All-Cities/Life+Line+Hospital-Hospital/nct-11109123
Call log:
  - navigating to "https://www.justdial.com/All-Cities/Life+Line+Hospital-Hospital/nct-11109123", waiting until "domcontentloaded"
 (attempt 2/2)
[2026-07-27 23:17:47] INFO | Phase 2 [145/343]: Dwarka Hospital
[2026-07-27 23:17:56] WARNING |   Nav error: Page.goto: net::ERR_HTTP2_PROTOCOL_ERROR at https://www.justdial.com/All-Cities/Dwarka+Hospital-Hospital/nct-11109123
Call log:
  - navigating to "https://www.justdial.com/All-Cities/Dwarka+Hospital-Hospital/nct-11109123", waiting until "domcontentloaded"
 (attempt 1/2)
[2026-07-27 23:17:59] WARNING |   Nav error: Page.goto: net::ERR_HTTP2_PROTOCOL_ERROR at https://www.justdial.com/All-Cities/Dwarka+Hospital-Hospital/nct-11109123
Call log:
  - navigating to "https://www.justdial.com/All-Cities/Dwarka+Hospital-Hospital/nct-11109123", waiting until "domcontentloaded"
 (attempt 2/2)
[2026-07-27 23:17:59] INFO | Phase 2 [146/343]: Chaudhary Brahm Prakash Ayurved Charak Sansthan
[2026-07-27 23:18:09] WARNING |   Nav error: Page.goto: net::ERR_HTTP2_PROTOCOL_ERROR at https://www.justdial.com/All-Cities/Chaudhary+Brahm+Prakash+Ayurved+Charak+Sansthan-Hospital/nct-11109123
Call log:
  - navigating to "https://www.justdial.com/All-Cities/Chaudhary+Brahm+Prakash+Ayurved+Charak+Sansthan-Hospital/nct-11109123", waiting until "domcontentloaded"
 (attempt 1/2)
[2026-07-27 23:18:12] WARNING |   Nav error: Page.goto: net::ERR_HTTP2_PROTOCOL_ERROR at https://www.justdial.com/All-Cities/Chaudhary+Brahm+Prakash+Ayurved+Charak+Sansthan-Hospital/nct-11109123
Call log:
  - navigating to "https://www.justdial.com/All-Cities/Chaudhary+Brahm+Prakash+Ayurved+Charak+Sansthan-Hospital/nct-11109123", waiting until "domcontentloaded"
 (attempt 2/2)
[2026-07-27 23:18:13] INFO | Phase 2 [147/343]: Spadent - Acute Psychiatry Psychology & Dental
[2026-07-27 23:18:23] WARNING |   Nav error: Page.goto: net::ERR_HTTP2_PROTOCOL_ERROR at https://www.justdial.com/All-Cities/Spadent+-+Acute+Psychiatry+Psychology+%26+Dental-Hospital/nct-11109123
Call log:
  - navigating to "https://www.justdial.com/All-Cities/Spadent+-+Acute+Psychiatry+Psychology+%26+Dental-Hospital/nct-11109123", waiting until "domcontentloaded"
 (attempt 1/2)
[2026-07-27 23:18:25] WARNING |   Nav error: Page.goto: net::ERR_HTTP2_PROTOCOL_ERROR at https://www.justdial.com/All-Cities/Spadent+-+Acute+Psychiatry+Psychology+%26+Dental-Hospital/nct-11109123
Call log:
  - navigating to "https://www.justdial.com/All-Cities/Spadent+-+Acute+Psychiatry+Psychology+%26+Dental-Hospital/nct-11109123", waiting until "domcontentloaded"
 (attempt 2/2)
[2026-07-27 23:18:26] INFO | Phase 2 [148/343]: NEW BALAJI HOSPITAL
[2026-07-27 23:18:36] WARNING |   Nav error: Page.goto: net::ERR_HTTP2_PROTOCOL_ERROR at https://www.justdial.com/All-Cities/NEW+BALAJI+HOSPITAL-Hospital/nct-11109123
Call log:
  - navigating to "https://www.justdial.com/All-Cities/NEW+BALAJI+HOSPITAL-Hospital/nct-11109123", waiting until "domcontentloaded"
 (attempt 1/2)
[2026-07-27 23:18:38] WARNING |   Nav error: Page.goto: net::ERR_HTTP2_PROTOCOL_ERROR at https://www.justdial.com/All-Cities/NEW+BALAJI+HOSPITAL-Hospital/nct-11109123
Call log:
  - navigating to "https://www.justdial.com/All-Cities/NEW+BALAJI+HOSPITAL-Hospital/nct-11109123", waiting until "domcontentloaded"
 (attempt 2/2)
[2026-07-27 23:18:39] INFO | Phase 2 [149/343]: Health Care Center
[2026-07-27 23:18:49] WARNING |   Nav error: Page.goto: net::ERR_HTTP2_PROTOCOL_ERROR at https://www.justdial.com/All-Cities/Health+Care+Center-Hospital/nct-11109123
Call log:
  - navigating to "https://www.justdial.com/All-Cities/Health+Care+Center-Hospital/nct-11109123", waiting until "domcontentloaded"
 (attempt 1/2)
[2026-07-27 23:18:51] WARNING |   Nav error: Page.goto: net::ERR_HTTP2_PROTOCOL_ERROR at https://www.justdial.com/All-Cities/Health+Care+Center-Hospital/nct-11109123
Call log:
  - navigating to "https://www.justdial.com/All-Cities/Health+Care+Center-Hospital/nct-11109123", waiting until "domcontentloaded"
 (attempt 2/2)
[2026-07-27 23:18:52] INFO | Phase 2 [150/343]: Human Care Hospital multi-speciality
[2026-07-27 23:19:01] WARNING |   Nav error: Page.goto: net::ERR_HTTP2_PROTOCOL_ERROR at https://www.justdial.com/All-Cities/Human+Care+Hospital+multi-speciality-Hospital/nct-11109123
Call log:
  - navigating to "https://www.justdial.com/All-Cities/Human+Care+Hospital+multi-speciality-Hospital/nct-11109123", waiting until "domcontentloaded"
 (attempt 1/2)
[2026-07-27 23:19:04] WARNING |   Nav error: Page.goto: net::ERR_HTTP2_PROTOCOL_ERROR at https://www.justdial.com/All-Cities/Human+Care+Hospital+multi-speciality-Hospital/nct-11109123
Call log:
  - navigating to "https://www.justdial.com/All-Cities/Human+Care+Hospital+multi-speciality-Hospital/nct-11109123", waiting until "domcontentloaded"
 (attempt 2/2)
[2026-07-27 23:19:04] INFO | Phase 2 [151/343]: Narayani Hospital
[2026-07-27 23:19:14] WARNING |   Nav error: Page.goto: net::ERR_HTTP2_PROTOCOL_ERROR at https://www.justdial.com/All-Cities/Narayani+Hospital-Hospital/nct-11109123
Call log:
  - navigating to "https://www.justdial.com/All-Cities/Narayani+Hospital-Hospital/nct-11109123", waiting until "domcontentloaded"
 (attempt 1/2)
[2026-07-27 23:19:17] WARNING |   Nav error: Page.goto: net::ERR_HTTP2_PROTOCOL_ERROR at https://www.justdial.com/All-Cities/Narayani+Hospital-Hospital/nct-11109123
Call log:
  - navigating to "https://www.justdial.com/All-Cities/Narayani+Hospital-Hospital/nct-11109123", waiting until "domcontentloaded"
 (attempt 2/2)
[2026-07-27 23:19:18] INFO | Phase 2 [152/343]: Gobhania Hospital
[2026-07-27 23:19:28] WARNING |   Nav error: Page.goto: net::ERR_HTTP2_PROTOCOL_ERROR at https://www.justdial.com/All-Cities/Gobhania+Hospital-Hospital/nct-11109123
Call log:
  - navigating to "https://www.justdial.com/All-Cities/Gobhania+Hospital-Hospital/nct-11109123", waiting until "domcontentloaded"
 (attempt 1/2)
[2026-07-27 23:19:30] WARNING |   Nav error: Page.goto: net::ERR_HTTP2_PROTOCOL_ERROR at https://www.justdial.com/All-Cities/Gobhania+Hospital-Hospital/nct-11109123
Call log:
  - navigating to "https://www.justdial.com/All-Cities/Gobhania+Hospital-Hospital/nct-11109123", waiting until "domcontentloaded"
 (attempt 2/2)
[2026-07-27 23:19:31] INFO | Phase 2 [153/343]: Shri Dhanwantri Hospital
[2026-07-27 23:19:33] WARNING |   Nav error: Page.goto: Target page, context or browser has been closed (attempt 1/2)
[2026-07-27 23:19:35] WARNING |   Nav error: Page.goto: Target page, context or browser has been closed (attempt 2/2)
[2026-07-27 23:19:37] WARNING |   Nav error: Page.goto: Target page, context or browser has been closed (attempt 1/2)
